-- phpMyAdmin SQL Dump
-- version 5.2.1
-- https://www.phpmyadmin.net/
--
-- Host: 127.0.0.1
-- Generation Time: Mar 05, 2024 at 09:40 AM
-- Server version: 10.4.28-MariaDB
-- PHP Version: 8.2.4

SET SQL_MODE = "NO_AUTO_VALUE_ON_ZERO";
START TRANSACTION;
SET time_zone = "+00:00";


/*!40101 SET @OLD_CHARACTER_SET_CLIENT=@@CHARACTER_SET_CLIENT */;
/*!40101 SET @OLD_CHARACTER_SET_RESULTS=@@CHARACTER_SET_RESULTS */;
/*!40101 SET @OLD_COLLATION_CONNECTION=@@COLLATION_CONNECTION */;
/*!40101 SET NAMES utf8mb4 */;

--
-- Database: `gso_asset`
--

-- --------------------------------------------------------

--
-- Table structure for table `account_codes`
--

CREATE TABLE `account_codes` (
  `accountCodeID` int(20) NOT NULL,
  `accountTitle` varchar(255) NOT NULL,
  `accountNumber` varchar(255) NOT NULL
) ENGINE=InnoDB DEFAULT CHARSET=utf8mb4 COLLATE=utf8mb4_general_ci;

--
-- Dumping data for table `account_codes`
--

INSERT INTO `account_codes` (`accountCodeID`, `accountTitle`, `accountNumber`) VALUES
(1, 'MACHINERY', '1-07-05-010 (226)'),
(2, 'OFFICE EQUIPMENT', '1-07-05-020 (221)'),
(3, 'INFORMATION & COMMUNICATION TECHNOLOGY EQUIPMENT', '1-07-05-030 (223)'),
(4, 'COMMUNICATION EQUIPMENT', '1-07-05-070 (229)'),
(5, 'CONSTRUCTION & HEAVY EQUIPMENT', '1-07-05-080 (230)'),
(6, 'DISASTER, RESPONSE & RESCUE EQUIPMENT', '10-07-05-090 231)'),
(7, 'MILITARY, POLIC & SECURITY EQUIPMENT', '7-07-05-100 (234)'),
(8, 'MEDICAL EQUIPMENT', '1-07-05-110 (233)'),
(9, 'PRINTING EQUIPMENT', '1-07-05-120(221)'),
(10, 'SPORTS EQUIPMENT', '1-07-05-130 (235)'),
(11, 'TECHNICAL & SCIENTIFIC EQUIPMENT', '1-07-05-140 (236)'),
(12, 'OTHER MACHINERYT & EQUIPMENT', '1-07-05-990 (240)'),
(13, 'MOTOR VEHICLES', '1-07-06-010 (241)'),
(14, 'FURNITURE & FIXTURES', '1-07-07-010 (222)'),
(15, 'BOOKS', '1-07-07-020 (224)'),
(16, 'COMPUTER SOFTWARE', '1-09-01-020 (223)');

-- --------------------------------------------------------

--
-- Table structure for table `activity_log`
--

CREATE TABLE `activity_log` (
  `id` int(255) NOT NULL,
  `employeeID` varchar(255) NOT NULL,
  `firstName` varchar(255) NOT NULL,
  `date_log` date NOT NULL,
  `time_log` time NOT NULL,
  `action` varchar(255) NOT NULL
) ENGINE=InnoDB DEFAULT CHARSET=utf8mb4 COLLATE=utf8mb4_general_ci;

--
-- Dumping data for table `activity_log`
--

INSERT INTO `activity_log` (`id`, `employeeID`, `firstName`, `date_log`, `time_log`, `action`) VALUES
(1, '12345', 'GSO Asset Division', '0000-00-00', '13:45:33', 'Added ARE Properties: Article - LOGS, AREno - Array, SerialNo - Array, AccountablePerson - Array, PropertyNo - Array'),
(2, '12345', 'GSO Asset Division', '0000-00-00', '13:47:17', 'Added ARE Properties: Article - TIRAL 2, AREno - Array, SerialNo - Array, AccountablePerson - Array, PropertyNo - Array'),
(3, '12345', 'GSO Asset Division', '2024-03-05', '13:50:42', 'Added ARE Properties: Article - LOG 3, ARE No - Array, Serial No - Array, Accountable Person - Array, PropertyNo - Array'),
(4, '12345', 'GSO Asset Division', '2024-03-05', '13:59:05', 'Added ARE Properties: Article - DYNAMIC FIELDS TESTING, ARE No - Array, Serial No - Array, Accountable Person - Array, Property No - Array'),
(5, '12345', 'GSO Asset Division', '2024-03-05', '07:53:34', 'Login'),
(6, '12345', 'GSO Asset Division', '2024-03-05', '15:25:58', 'Added ARE Properties: Article - , ARE No - Array, Serial No - Array, Accountable Person - Array, Property No - Array');

-- --------------------------------------------------------

--
-- Table structure for table `are_ics_gen_properties`
--

CREATE TABLE `are_ics_gen_properties` (
  `ARE_ICS_id` int(255) NOT NULL,
  `propertyID` int(11) NOT NULL,
  `dateReceived` date DEFAULT NULL,
  `onhandPerCount` int(255) DEFAULT NULL,
  `soQty` varchar(255) DEFAULT NULL,
  `soValue` varchar(255) DEFAULT NULL,
  `previousCondition` varchar(255) DEFAULT NULL,
  `location` varchar(255) DEFAULT NULL,
  `currentCondition` varchar(255) DEFAULT NULL,
  `dateOfPhysicalInventory` date DEFAULT NULL,
  `remarks` longtext DEFAULT NULL,
  `supplier` varchar(255) DEFAULT NULL,
  `POnumber` varchar(255) DEFAULT NULL,
  `AIRNumber` varchar(255) DEFAULT NULL,
  `notes` longtext DEFAULT NULL,
  `jevNo` varchar(255) DEFAULT NULL
) ENGINE=InnoDB DEFAULT CHARSET=utf8mb4 COLLATE=utf8mb4_general_ci;

--
-- Dumping data for table `are_ics_gen_properties`
--

INSERT INTO `are_ics_gen_properties` (`ARE_ICS_id`, `propertyID`, `dateReceived`, `onhandPerCount`, `soQty`, `soValue`, `previousCondition`, `location`, `currentCondition`, `dateOfPhysicalInventory`, `remarks`, `supplier`, `POnumber`, `AIRNumber`, `notes`, `jevNo`) VALUES
(1, 1, '2021-08-16', 1, '0', '0', NULL, NULL, NULL, NULL, NULL, 'ADVANTAGE ONE TECHNOLOGY', '411', '1473', NULL, NULL),
(2, 2, '2021-08-16', 1, '0', '0', NULL, NULL, NULL, NULL, NULL, 'JFS FOGGING DISINFECTING PRODUCTS TRADING', '4034', '1610', NULL, NULL),
(3, 3, '2021-08-16', 1, '0', '0', NULL, NULL, NULL, NULL, NULL, 'JFS FOGGING DISINFECTING PRODUCTS TRADING', '4034', '1610', NULL, NULL),
(4, 4, '2021-08-12', 1, '0', '0', NULL, NULL, NULL, NULL, NULL, 'PCNET COMPUTER TRADING AND SERVICES', '3715', '1059', NULL, NULL),
(5, 5, '2021-08-12', 1, '0', '0', NULL, NULL, NULL, NULL, NULL, 'PCNET COMPUTER TRADING AND SERVICES', '3715', '1059', NULL, NULL),
(6, 6, '2021-08-12', 1, '0', '0', NULL, NULL, NULL, NULL, NULL, 'PCNET COMPUTER TRADING AND SERVICES', '3715', '1059', NULL, NULL),
(7, 7, '2021-08-12', 1, '0', '0', NULL, NULL, NULL, NULL, NULL, 'PCNET COMPUTER TRADING AND SERVICES', '3715', '1059', NULL, NULL),
(8, 8, '2021-08-12', 1, '0', '0', NULL, NULL, NULL, NULL, NULL, 'PCNET COMPUTER TRADING AND SERVICES', '3715', '1059', NULL, NULL),
(9, 9, '2021-08-12', 1, '0', '0', NULL, NULL, NULL, NULL, NULL, 'PCNET COMPUTER TRADING AND SERVICES', '3715', '1059', NULL, NULL),
(10, 10, '2021-08-12', 1, '0', '0', NULL, NULL, NULL, NULL, NULL, 'PCNET COMPUTER TRADING AND SERVICES', '3715', '1059', NULL, NULL),
(11, 11, '2021-08-12', 1, '0', '0', NULL, NULL, NULL, NULL, NULL, 'PCNET COMPUTER TRADING AND SERVICES', '3715', '1059', NULL, NULL),
(12, 12, '2021-08-12', 1, '0', '0', NULL, NULL, NULL, NULL, NULL, 'PCNET COMPUTER TRADING AND SERVICES', '3715', '1059', NULL, NULL),
(13, 13, '2021-08-12', 1, '0', '0', NULL, NULL, NULL, NULL, NULL, 'PCNET COMPUTER TRADING AND SERVICES', '3715', '1059', NULL, NULL),
(14, 14, '2021-08-12', 1, '0', '0', NULL, NULL, NULL, NULL, NULL, 'PCNET COMPUTER TRADING AND SERVICES', '3715', '1059', NULL, NULL),
(15, 15, '2021-08-12', 1, '0', '0', NULL, NULL, NULL, NULL, NULL, 'PCNET COMPUTER TRADING AND SERVICES', '3715', '1059', NULL, NULL),
(16, 16, '2021-08-12', 1, '0', '0', NULL, NULL, NULL, NULL, NULL, 'PCNET COMPUTER TRADING AND SERVICES', '3715', '1059', NULL, NULL),
(17, 17, '2021-08-12', 1, '0', '0', NULL, NULL, NULL, NULL, NULL, 'PCNET COMPUTER TRADING AND SERVICES', '3715', '1059', NULL, NULL),
(18, 18, '2021-08-12', 1, '0', '0', NULL, NULL, NULL, NULL, NULL, 'PCNET COMPUTER TRADING AND SERVICES', '3715', '1059', NULL, NULL),
(19, 19, '2021-08-12', 1, '0', '0', NULL, NULL, NULL, NULL, NULL, 'PCNET COMPUTER TRADING AND SERVICES', '3715', '1059', NULL, NULL),
(20, 20, '2021-08-12', 1, '0', '0', NULL, NULL, NULL, NULL, NULL, 'PCNET COMPUTER TRADING AND SERVICES', '3715', '1059', NULL, NULL),
(21, 21, '2021-08-12', 1, '0', '0', NULL, NULL, NULL, NULL, NULL, 'PCNET COMPUTER TRADING AND SERVICES', '3715', '1059', NULL, NULL),
(22, 22, '2021-08-12', 1, '0', '0', NULL, NULL, NULL, NULL, NULL, 'PCNET COMPUTER TRADING AND SERVICES', '3715', '1059', NULL, NULL),
(23, 23, '2021-08-12', 1, '0', '0', NULL, NULL, NULL, NULL, NULL, 'PCNET COMPUTER TRADING AND SERVICES', '3715', '1059', NULL, NULL),
(24, 24, '2021-08-12', 1, '0', '0', NULL, NULL, NULL, NULL, NULL, 'PCNET COMPUTER TRADING AND SERVICES', '3715', '1059', NULL, NULL),
(25, 25, '2021-08-12', 1, '0', '0', NULL, NULL, NULL, NULL, NULL, 'PCNET COMPUTER TRADING AND SERVICES', '3715', '1059', NULL, NULL),
(26, 26, '2021-08-12', 1, '0', '0', NULL, NULL, NULL, NULL, NULL, 'PCNET COMPUTER TRADING AND SERVICES', '3715', '1059', NULL, NULL),
(27, 27, '2021-08-12', 1, '0', '0', NULL, NULL, NULL, NULL, NULL, 'PCNET COMPUTER TRADING AND SERVICES', '3715', '1059', NULL, NULL),
(28, 28, '2021-08-12', 1, '0', '0', NULL, NULL, NULL, NULL, NULL, 'PCNET COMPUTER TRADING AND SERVICES', '3715', '1059', NULL, NULL),
(29, 29, '2021-08-12', 1, '0', '0', NULL, NULL, NULL, NULL, NULL, 'PCNET COMPUTER TRADING AND SERVICES', '3715', '1059', NULL, NULL),
(30, 30, '2021-08-12', 1, '0', '0', NULL, NULL, NULL, NULL, NULL, 'PCNET COMPUTER TRADING AND SERVICES', '3715', '1059', NULL, NULL),
(31, 31, '2021-08-12', 1, '0', '0', NULL, NULL, NULL, NULL, NULL, 'PCNET COMPUTER TRADING AND SERVICES', '3715', '1059', NULL, NULL),
(32, 32, '2021-08-12', 1, '0', '0', NULL, NULL, NULL, NULL, NULL, 'PCNET COMPUTER TRADING AND SERVICES', '3715', '1059', NULL, NULL),
(33, 33, '2021-08-12', 1, '0', '0', NULL, NULL, NULL, NULL, NULL, 'PCNET COMPUTER TRADING AND SERVICES', '3715', '1059', NULL, NULL),
(34, 34, '2021-08-12', 1, '0', '0', NULL, NULL, NULL, NULL, NULL, 'PCNET COMPUTER TRADING AND SERVICES', '3715', '1059', NULL, NULL),
(35, 35, '2021-08-12', 1, '0', '0', NULL, NULL, NULL, NULL, NULL, 'PCNET COMPUTER TRADING AND SERVICES', '3715', '1059', NULL, NULL),
(36, 36, '2021-08-12', 1, '0', '0', NULL, NULL, NULL, NULL, NULL, 'PCNET COMPUTER TRADING AND SERVICES', '3715', '1059', NULL, NULL),
(37, 37, '2021-08-12', 1, '0', '0', NULL, NULL, NULL, NULL, NULL, 'PCNET COMPUTER TRADING AND SERVICES', '3715', '1059', NULL, NULL),
(38, 38, '2021-08-12', 1, '0', '0', NULL, NULL, NULL, NULL, NULL, 'PCNET COMPUTER TRADING AND SERVICES', '3715', '1059', NULL, NULL),
(39, 39, '2021-08-12', 1, '0', '0', NULL, NULL, NULL, NULL, NULL, 'PCNET COMPUTER TRADING AND SERVICES', '3715', '1059', NULL, NULL),
(40, 40, '2021-08-12', 1, '0', '0', NULL, NULL, NULL, NULL, NULL, 'PCNET COMPUTER TRADING AND SERVICES', '3715', '1059', NULL, NULL),
(41, 41, '2021-08-12', 1, '0', '0', NULL, NULL, NULL, NULL, NULL, 'PCNET COMPUTER TRADING AND SERVICES', '3715', '1059', NULL, NULL),
(42, 42, '2021-08-12', 1, '0', '0', NULL, NULL, NULL, NULL, NULL, 'PCNET COMPUTER TRADING AND SERVICES', '3715', '1059', NULL, NULL),
(43, 43, '2021-08-12', 1, '0', '0', NULL, NULL, NULL, NULL, NULL, 'PCNET COMPUTER TRADING AND SERVICES', '3715', '1059', NULL, NULL),
(44, 44, '2021-08-12', 1, '0', '0', NULL, NULL, NULL, NULL, NULL, 'PCNET COMPUTER TRADING AND SERVICES', '3715', '1059', NULL, NULL),
(45, 45, '2021-08-12', 1, '0', '0', NULL, NULL, NULL, NULL, NULL, 'PCNET COMPUTER TRADING AND SERVICES', '3715', '1059', NULL, NULL),
(46, 46, '2021-08-12', 1, '0', '0', NULL, NULL, NULL, NULL, NULL, 'PCNET COMPUTER TRADING AND SERVICES', '3715', '1059', NULL, NULL),
(47, 47, '2021-08-12', 1, '0', '0', NULL, NULL, NULL, NULL, NULL, 'PCNET COMPUTER TRADING AND SERVICES', '3715', '1059', NULL, NULL),
(48, 48, '2021-08-12', 1, '0', '0', NULL, NULL, NULL, NULL, NULL, 'PCNET COMPUTER TRADING AND SERVICES', '3715', '1059', NULL, NULL),
(49, 49, '2021-08-12', 1, '0', '0', NULL, NULL, NULL, NULL, NULL, 'PCNET COMPUTER TRADING AND SERVICES', '3715', '1059', NULL, NULL),
(50, 50, '2021-08-12', 1, '0', '0', NULL, NULL, NULL, NULL, NULL, 'PCNET COMPUTER TRADING AND SERVICES', '3715', '1059', NULL, NULL),
(51, 51, '2021-08-12', 1, '0', '0', NULL, NULL, NULL, NULL, NULL, 'PCNET COMPUTER TRADING AND SERVICES', '3715', '1059', NULL, NULL),
(52, 52, '2021-08-12', 1, '0', '0', NULL, NULL, NULL, NULL, NULL, 'PCNET COMPUTER TRADING AND SERVICES', '3715', '1059', NULL, NULL),
(53, 53, '2021-08-12', 1, '0', '0', NULL, NULL, NULL, NULL, NULL, 'PCNET COMPUTER TRADING AND SERVICES', '3715', '1059', NULL, NULL),
(54, 54, '2021-08-12', 1, '0', '0', NULL, NULL, NULL, NULL, NULL, 'PCNET COMPUTER TRADING AND SERVICES', '3715', '1059', NULL, NULL),
(55, 55, '2021-08-12', 1, '0', '0', NULL, NULL, NULL, NULL, NULL, 'PCNET COMPUTER TRADING AND SERVICES', '3715', '1059', NULL, NULL),
(56, 56, '2021-08-12', 1, '0', '0', NULL, NULL, NULL, NULL, NULL, 'PCNET COMPUTER TRADING AND SERVICES', '3715', '1059', NULL, NULL),
(57, 57, '2021-08-12', 1, '0', '0', NULL, NULL, NULL, NULL, NULL, 'PCNET COMPUTER TRADING AND SERVICES', '3715', '1059', NULL, NULL),
(58, 58, '2021-08-12', 1, '0', '0', NULL, NULL, NULL, NULL, NULL, 'PCNET COMPUTER TRADING AND SERVICES', '3715', '1059', NULL, NULL),
(59, 59, '2021-08-12', 1, '0', '0', NULL, NULL, NULL, NULL, NULL, 'PCNET COMPUTER TRADING AND SERVICES', '3715', '1059', NULL, NULL),
(60, 60, '2021-08-12', 1, '0', '0', NULL, NULL, NULL, NULL, NULL, 'PCNET COMPUTER TRADING AND SERVICES', '3715', '1059', NULL, NULL),
(61, 61, '2021-08-12', 1, '0', '0', NULL, NULL, NULL, NULL, NULL, 'PCNET COMPUTER TRADING AND SERVICES', '3715', '1059', NULL, NULL),
(62, 62, '2021-08-12', 1, '0', '0', NULL, NULL, NULL, NULL, NULL, 'PCNET COMPUTER TRADING AND SERVICES', '3715', '1059', NULL, NULL),
(63, 63, '2021-08-12', 1, '0', '0', NULL, NULL, NULL, NULL, NULL, 'PCNET COMPUTER TRADING AND SERVICES', '3715', '1059', NULL, NULL),
(64, 64, '2021-08-12', 1, '0', '0', NULL, NULL, NULL, NULL, NULL, 'PCNET COMPUTER TRADING AND SERVICES', '3715', '1059', NULL, NULL),
(65, 65, '2021-08-12', 1, '0', '0', NULL, NULL, NULL, NULL, NULL, 'PCNET COMPUTER TRADING AND SERVICES', '3715', '1059', NULL, NULL),
(66, 66, '2021-08-12', 1, '0', '0', NULL, NULL, NULL, NULL, NULL, 'PCNET COMPUTER TRADING AND SERVICES', '3715', '1059', NULL, NULL),
(67, 67, '2021-08-12', 1, '0', '0', NULL, NULL, NULL, NULL, NULL, 'PCNET COMPUTER TRADING AND SERVICES', '3715', '1059', NULL, NULL),
(68, 68, '2021-08-12', 1, '0', '0', NULL, NULL, NULL, NULL, NULL, 'PCNET COMPUTER TRADING AND SERVICES', '3715', '1059', NULL, NULL),
(69, 69, '2021-08-12', 1, '0', '0', NULL, NULL, NULL, NULL, NULL, 'PCNET COMPUTER TRADING AND SERVICES', '3715', '1059', NULL, NULL),
(70, 70, '2021-08-12', 1, '0', '0', NULL, NULL, NULL, NULL, NULL, 'PCNET COMPUTER TRADING AND SERVICES', '3715', '1059', NULL, NULL),
(71, 71, '2021-08-12', 1, '0', '0', NULL, NULL, NULL, NULL, NULL, 'PCNET COMPUTER TRADING AND SERVICES', '3715', '1059', NULL, NULL),
(72, 72, '2021-08-12', 1, '0', '0', NULL, NULL, NULL, NULL, NULL, 'PCNET COMPUTER TRADING AND SERVICES', '3715', '1059', NULL, NULL),
(73, 73, '2021-08-12', 1, '0', '0', NULL, NULL, NULL, NULL, NULL, 'PCNET COMPUTER TRADING AND SERVICES', '3715', '1059', NULL, NULL),
(74, 74, '2021-08-12', 1, '0', '0', NULL, NULL, NULL, NULL, NULL, 'PCNET COMPUTER TRADING AND SERVICES', '3715', '1059', NULL, NULL),
(75, 75, '2021-08-12', 1, '0', '0', NULL, NULL, NULL, NULL, NULL, 'PCNET COMPUTER TRADING AND SERVICES', '3715', '1059', NULL, NULL),
(76, 76, '2021-08-12', 1, '0', '0', NULL, NULL, NULL, NULL, NULL, 'PCNET COMPUTER TRADING AND SERVICES', '3715', '1059', NULL, NULL),
(77, 77, '2021-08-12', 1, '0', '0', NULL, NULL, NULL, NULL, NULL, 'PCNET COMPUTER TRADING AND SERVICES', '3715', '1059', NULL, NULL),
(78, 78, '2021-08-12', 1, '0', '0', NULL, NULL, NULL, NULL, NULL, 'PCNET COMPUTER TRADING AND SERVICES', '3715', '1059', NULL, NULL),
(79, 79, '2021-08-12', 1, '0', '0', NULL, NULL, NULL, NULL, NULL, 'PCNET COMPUTER TRADING AND SERVICES', '3715', '1059', NULL, NULL),
(80, 80, '2021-08-12', 1, '0', '0', NULL, NULL, NULL, NULL, NULL, 'PCNET COMPUTER TRADING AND SERVICES', '3715', '1059', NULL, NULL),
(81, 81, '2021-08-12', 1, '0', '0', NULL, NULL, NULL, NULL, NULL, 'PCNET COMPUTER TRADING AND SERVICES', '3715', '1059', NULL, NULL),
(82, 82, '2021-08-12', 1, '0', '0', NULL, NULL, NULL, NULL, NULL, 'PCNET COMPUTER TRADING AND SERVICES', '3715', '1059', NULL, NULL),
(83, 83, '2021-08-12', 1, '0', '0', NULL, NULL, NULL, NULL, NULL, 'PCNET COMPUTER TRADING AND SERVICES', '3715', '1059', NULL, NULL),
(84, 84, '2021-08-12', 1, '0', '0', NULL, NULL, NULL, NULL, NULL, 'PCNET COMPUTER TRADING AND SERVICES', '3715', '1059', NULL, NULL),
(85, 85, '2021-08-12', 1, '0', '0', NULL, NULL, NULL, NULL, NULL, 'PCNET COMPUTER TRADING AND SERVICES', '3715', '1059', NULL, NULL),
(86, 86, '2021-08-12', 1, '0', '0', NULL, NULL, NULL, NULL, NULL, 'PCNET COMPUTER TRADING AND SERVICES', '3715', '1059', NULL, NULL),
(87, 87, '2021-08-12', 1, '0', '0', NULL, NULL, NULL, NULL, NULL, 'PCNET COMPUTER TRADING AND SERVICES', '3715', '1059', NULL, NULL),
(88, 88, '2021-08-12', 1, '0', '0', NULL, NULL, NULL, NULL, NULL, 'PCNET COMPUTER TRADING AND SERVICES', '3715', '1059', NULL, NULL),
(89, 89, '2021-08-12', 1, '0', '0', NULL, NULL, NULL, NULL, NULL, 'PCNET COMPUTER TRADING AND SERVICES', '3715', '1059', NULL, NULL),
(90, 90, '2021-08-12', 1, '0', '0', NULL, NULL, NULL, NULL, NULL, 'PCNET COMPUTER TRADING AND SERVICES', '3715', '1059', NULL, NULL),
(91, 91, '2021-08-12', 1, '0', '0', NULL, NULL, NULL, NULL, NULL, 'PCNET COMPUTER TRADING AND SERVICES', '3715', '1059', NULL, NULL),
(92, 92, '2021-08-12', 1, '0', '0', NULL, NULL, NULL, NULL, NULL, 'PCNET COMPUTER TRADING AND SERVICES', '3715', '1059', NULL, NULL),
(93, 93, '2021-08-12', 1, '0', '0', NULL, NULL, NULL, NULL, NULL, 'PCNET COMPUTER TRADING AND SERVICES', '3715', '1059', NULL, NULL),
(94, 94, '2021-08-12', 1, '0', '0', NULL, NULL, NULL, NULL, NULL, 'PCNET COMPUTER TRADING AND SERVICES', '3715', '1059', NULL, NULL),
(95, 95, '2021-08-12', 1, '0', '0', NULL, NULL, NULL, NULL, NULL, 'PCNET COMPUTER TRADING AND SERVICES', '3715', '1059', NULL, NULL),
(96, 96, '2021-08-12', 1, '0', '0', NULL, NULL, NULL, NULL, NULL, 'PCNET COMPUTER TRADING AND SERVICES', '3715', '1059', NULL, NULL),
(97, 97, '2021-08-12', 1, '0', '0', NULL, NULL, NULL, NULL, NULL, 'PCNET COMPUTER TRADING AND SERVICES', '3715', '1059', NULL, NULL),
(98, 98, '2021-08-12', 1, '0', '0', NULL, NULL, NULL, NULL, NULL, 'PCNET COMPUTER TRADING AND SERVICES', '3715', '1059', NULL, NULL),
(99, 99, '2021-08-12', 1, '0', '0', NULL, NULL, NULL, NULL, NULL, 'PCNET COMPUTER TRADING AND SERVICES', '3715', '1059', NULL, NULL),
(100, 100, '2021-08-12', 1, '0', '0', NULL, NULL, NULL, NULL, NULL, 'PCNET COMPUTER TRADING AND SERVICES', '3715', '1059', NULL, NULL),
(101, 101, '2021-08-12', 1, '0', '0', NULL, NULL, NULL, NULL, NULL, 'PCNET COMPUTER TRADING AND SERVICES', '3715', '1059', NULL, NULL),
(102, 102, '2021-08-12', 1, '0', '0', NULL, NULL, NULL, NULL, NULL, 'PCNET COMPUTER TRADING AND SERVICES', '3715', '1059', NULL, NULL),
(103, 103, '2021-08-12', 1, '0', '0', NULL, NULL, NULL, NULL, NULL, 'PCNET COMPUTER TRADING AND SERVICES', '3715', '1059', NULL, NULL),
(104, 104, '2021-08-12', 1, '0', '0', NULL, NULL, NULL, NULL, NULL, 'PCNET COMPUTER TRADING AND SERVICES', '3715', '1059', NULL, NULL),
(105, 105, '2021-08-18', 68, '0', '0', NULL, NULL, NULL, NULL, NULL, '-', '3715', '1060', NULL, NULL),
(106, 106, '2021-08-18', 89, '0', '0', NULL, NULL, NULL, NULL, NULL, '-', '3715', '1060', NULL, NULL),
(107, 107, '2021-08-18', 79, '0', '0', NULL, NULL, NULL, NULL, NULL, '-', '3715', '1060', NULL, NULL),
(108, 108, '2021-08-18', 60, '0', '0', NULL, NULL, NULL, NULL, NULL, '-', '3715', '1060', NULL, NULL),
(109, 109, '2021-08-18', 76, '0', '0', NULL, NULL, NULL, NULL, NULL, '-', '3715', '1060', NULL, NULL),
(110, 110, '2021-08-18', 68, '0', '0', NULL, NULL, NULL, NULL, NULL, '-', '3715', '1060', NULL, NULL),
(111, 111, '2021-08-18', 89, '0', '0', NULL, NULL, NULL, NULL, NULL, '-', '3715', '1060', NULL, NULL),
(112, 112, '2021-08-18', 77, '0', '0', NULL, NULL, NULL, NULL, NULL, '-', '3715', '1060', NULL, NULL),
(113, 113, '2021-08-18', 11, '0', '0', NULL, NULL, NULL, NULL, NULL, '-', '3715', '1060', NULL, NULL),
(114, 114, '2021-08-18', 2, '0', '0', NULL, NULL, NULL, NULL, NULL, '-', '3715', '1060', NULL, NULL),
(115, 115, '2021-08-18', 2, '0', '0', NULL, NULL, NULL, NULL, NULL, '-', '3715', '1060', NULL, NULL),
(116, 116, '2021-08-18', 61, '0', '0', NULL, NULL, NULL, NULL, NULL, '-', '3715', '1060', NULL, NULL),
(117, 117, '2021-08-18', 1, '0', '0', NULL, NULL, NULL, NULL, NULL, '-', '3715', '1060', NULL, NULL),
(118, 118, '2021-08-18', 60, '0', '0', NULL, NULL, NULL, NULL, NULL, '-', '3715', '1060', NULL, NULL),
(119, 119, '2021-08-18', 60, '0', '0', NULL, NULL, NULL, NULL, NULL, '-', '3715', '1060', NULL, NULL),
(120, 120, '2021-08-18', 70, '0', '0', NULL, NULL, NULL, NULL, NULL, '-', '3715', '1060', NULL, NULL),
(121, 121, '2021-08-18', 5, '0', '0', NULL, NULL, NULL, NULL, NULL, '-', '3715', '1060', NULL, NULL),
(122, 122, '2021-08-18', 5, '0', '0', NULL, NULL, NULL, NULL, NULL, '-', '3715', '1060', NULL, NULL),
(123, 123, '2021-08-18', 4, '0', '0', NULL, NULL, NULL, NULL, NULL, '-', '3715', '1060', NULL, NULL),
(124, 124, '2021-08-18', 14, '0', '0', NULL, NULL, NULL, NULL, NULL, '-', '3715', '1060', NULL, NULL),
(125, 125, '2021-08-18', 10, '0', '0', NULL, NULL, NULL, NULL, NULL, '-', '3715', '1060', NULL, NULL),
(126, 126, '2021-08-18', 2, '0', '0', NULL, NULL, NULL, NULL, NULL, '-', '3715', '1060', NULL, NULL),
(127, 127, '2021-08-18', 3, '0', '0', NULL, NULL, NULL, NULL, NULL, '-', '3715', '1060', NULL, NULL),
(128, 128, '2021-08-18', 3, '0', '0', NULL, NULL, NULL, NULL, NULL, '-', '3715', '1060', NULL, NULL),
(129, 129, '2021-08-18', 3, '0', '0', NULL, NULL, NULL, NULL, NULL, '-', '3715', '1060', NULL, NULL),
(130, 130, '2021-08-18', 2, '0', '0', NULL, NULL, NULL, NULL, NULL, '-', '3715', '1060', NULL, NULL),
(131, 131, '2021-08-18', 1, '0', '0', NULL, NULL, NULL, NULL, NULL, '-', '3715', '1060', NULL, NULL),
(132, 132, '2021-08-18', 2, '0', '0', NULL, NULL, NULL, NULL, NULL, '-', '3715', '1060', NULL, NULL),
(133, 133, '2021-08-18', 3, '0', '0', NULL, NULL, NULL, NULL, NULL, '-', '3715', '1060', NULL, NULL),
(134, 134, '2021-08-18', 1, '0', '0', NULL, NULL, NULL, NULL, NULL, '-', '3715', '1060', NULL, NULL),
(135, 135, '2021-08-18', 1, '0', '0', NULL, NULL, NULL, NULL, NULL, '-', '3715', '1060', NULL, NULL),
(136, 136, '2021-08-18', 2, '0', '0', NULL, NULL, NULL, NULL, NULL, '-', '3715', '1060', NULL, NULL),
(137, 137, '2021-08-18', 1, '0', '0', NULL, NULL, NULL, NULL, NULL, '-', '3715', '1060', NULL, NULL),
(138, 138, '2021-08-18', 6, '0', '0', NULL, NULL, NULL, NULL, NULL, '-', '3715', '1060', NULL, NULL),
(139, 139, '2021-08-18', 1, '0', '0', NULL, NULL, NULL, NULL, NULL, '-', '3715', '1060', NULL, NULL),
(140, 140, '2021-08-18', 2, '0', '0', NULL, NULL, NULL, NULL, NULL, '-', '3715', '1060', NULL, NULL),
(141, 141, '2021-08-18', 19, '0', '0', NULL, NULL, NULL, NULL, NULL, '-', '3715', '1060', NULL, NULL),
(142, 142, '2021-08-18', 15, '0', '0', NULL, NULL, NULL, NULL, NULL, '-', '3715', '1060', NULL, NULL),
(143, 143, '2021-08-18', 7, '0', '0', NULL, NULL, NULL, NULL, NULL, '-', '3715', '1060', NULL, NULL),
(144, 144, '2021-08-18', 1, '0', '0', NULL, NULL, NULL, NULL, NULL, '-', '3715', '1060', NULL, NULL),
(145, 145, '2021-08-18', 3, '0', '0', NULL, NULL, NULL, NULL, NULL, '-', '3715', '1060', NULL, NULL),
(146, 146, '2021-08-18', 2, '0', '0', NULL, NULL, NULL, NULL, NULL, '-', '3715', '1060', NULL, NULL),
(147, 147, '2021-08-18', 1, '0', '0', NULL, NULL, NULL, NULL, NULL, '-', '3715', '1060', NULL, NULL),
(148, 148, '2021-08-18', 1, '0', '0', NULL, NULL, NULL, NULL, NULL, '-', '3715', '1060', NULL, NULL),
(149, 149, '2021-08-18', 20, '0', '0', NULL, NULL, NULL, NULL, NULL, '-', '3715', '1060', NULL, NULL),
(150, 150, '2021-08-18', 4, '0', '0', NULL, NULL, NULL, NULL, NULL, '-', '3715', '1060', NULL, NULL),
(151, 151, '2021-08-18', 4, '0', '0', NULL, NULL, NULL, NULL, NULL, '-', '3715', '1060', NULL, NULL),
(152, 152, '2021-08-18', 4, '0', '0', NULL, NULL, NULL, NULL, NULL, '-', '3715', '1060', NULL, NULL),
(153, 153, '2021-08-18', 1, '0', '0', NULL, NULL, NULL, NULL, NULL, '-', '3715', '1060', NULL, NULL),
(154, 154, '2021-08-18', 1, '0', '0', NULL, NULL, NULL, NULL, NULL, '-', '3715', '1060', NULL, NULL),
(155, 155, '2021-08-18', 1, '0', '0', NULL, NULL, NULL, NULL, NULL, '-', '3715', '1060', NULL, NULL),
(156, 156, '2021-08-18', 1, '0', '0', NULL, NULL, NULL, NULL, NULL, '-', '3715', '1060', NULL, NULL),
(157, 157, '2021-08-18', 1, '0', '0', NULL, NULL, NULL, NULL, NULL, '-', '3715', '1060', NULL, NULL),
(158, 158, '2021-08-18', 1, '0', '0', NULL, NULL, NULL, NULL, NULL, '-', '3715', '1060', NULL, NULL),
(159, 159, '2021-08-18', 1, '0', '0', NULL, NULL, NULL, NULL, NULL, '-', '3715', '1060', NULL, NULL),
(160, 160, '2021-08-18', 1, '0', '0', NULL, NULL, NULL, NULL, NULL, '-', '3715', '1060', NULL, NULL),
(161, 161, '2021-08-18', 1, '0', '0', NULL, NULL, NULL, NULL, NULL, '-', '3715', '1060', NULL, NULL),
(162, 162, '2021-08-18', 1, '0', '0', NULL, NULL, NULL, NULL, NULL, '-', '3715', '1060', NULL, NULL),
(163, 163, '2021-08-18', 1, '0', '0', NULL, NULL, NULL, NULL, NULL, '-', '3715', '1060', NULL, NULL),
(164, 164, '2021-08-18', 1, '0', '0', NULL, NULL, NULL, NULL, NULL, '-', '3715', '1060', NULL, NULL),
(165, 165, '2021-08-18', 1, '0', '0', NULL, NULL, NULL, NULL, NULL, '-', '3715', '1060', NULL, NULL),
(166, 166, '2021-08-18', 1, '0', '0', NULL, NULL, NULL, NULL, NULL, '-', '3715', '1060', NULL, NULL),
(167, 167, '2021-08-18', 1, '0', '0', NULL, NULL, NULL, NULL, NULL, '-', '3715', '1060', NULL, NULL),
(168, 168, '2021-08-18', 1, '0', '0', NULL, NULL, NULL, NULL, NULL, '-', '3715', '1060', NULL, NULL),
(169, 169, '2021-08-18', 1, '0', '0', NULL, NULL, NULL, NULL, NULL, '-', '3715', '1060', NULL, NULL),
(170, 170, '2021-08-18', 1, '0', '0', NULL, NULL, NULL, NULL, NULL, '-', '3715', '1060', NULL, NULL),
(171, 171, '2021-08-18', 52, '0', '0', NULL, NULL, NULL, NULL, NULL, '-', '3715', '1060', NULL, NULL),
(172, 172, '2021-08-18', 52, '0', '0', NULL, NULL, NULL, NULL, NULL, '-', '3715', '1060', NULL, NULL),
(173, 173, '2021-08-18', 44, '0', '0', NULL, NULL, NULL, NULL, NULL, '-', '3715', '1060', NULL, NULL),
(174, 174, '2021-08-18', 2, '0', '0', NULL, NULL, NULL, NULL, NULL, '-', '3715', '1060', NULL, NULL),
(175, 175, '2021-08-18', 2, '0', '0', NULL, NULL, NULL, NULL, NULL, '-', '3715', '1060', NULL, NULL),
(176, 176, '2021-08-18', 3, '0', '0', NULL, NULL, NULL, NULL, NULL, '-', '3715', '1060', NULL, NULL),
(177, 177, '2021-08-18', 96, '0', '0', NULL, NULL, NULL, NULL, NULL, '-', '3715', '1060', NULL, NULL),
(178, 178, '2021-08-18', 5, '0', '0', NULL, NULL, NULL, NULL, NULL, '-', '3715', '1060', NULL, NULL),
(179, 179, '2021-08-18', 5, '0', '0', NULL, NULL, NULL, NULL, NULL, '-', '3715', '1060', NULL, NULL),
(180, 180, '2021-08-18', 5, '0', '0', NULL, NULL, NULL, NULL, NULL, '-', '3715', '1060', NULL, NULL),
(181, 181, '2021-08-18', 4, '0', '0', NULL, NULL, NULL, NULL, NULL, '-', '3715', '1060', NULL, NULL),
(182, 182, '2021-08-18', 1, '0', '0', NULL, NULL, NULL, NULL, NULL, '-', '3715', '1060', NULL, NULL),
(183, 183, '2021-08-18', 1, '0', '0', NULL, NULL, NULL, NULL, NULL, '-', '3715', '1060', NULL, NULL),
(184, 184, '2021-08-18', 1, '0', '0', NULL, NULL, NULL, NULL, NULL, '-', '3715', '1060', NULL, NULL),
(185, 185, '2021-08-18', 1, '0', '0', NULL, NULL, NULL, NULL, NULL, 'ADDESSA CORPORATION', '4234', '1424', NULL, NULL),
(186, 186, '2021-08-18', 1, '0', '0', NULL, NULL, NULL, NULL, NULL, 'ADDESSA CORPORATION', '4234', '1424', NULL, NULL),
(187, 187, '2021-08-18', 1, '0', '0', NULL, NULL, NULL, NULL, NULL, 'ADDESSA CORPORATION', '4234', '1424', NULL, NULL),
(188, 188, '2021-08-18', 1, '0', '0', NULL, NULL, NULL, NULL, NULL, 'ADDESSA CORPORATION', '4234', '1424', NULL, NULL),
(189, 189, '2021-08-18', 1, '0', '0', NULL, NULL, NULL, NULL, NULL, 'ADDESSA CORPORATION', '4234', '1424', NULL, NULL),
(190, 190, '2021-08-18', 1, '0', '0', NULL, NULL, NULL, NULL, NULL, 'ADDESSA CORPORATION', '4234', '1424', NULL, NULL),
(191, 191, '2021-08-18', 1, '0', '0', NULL, NULL, NULL, NULL, NULL, 'ADDESSA CORPORATION', '4234', '1424', NULL, NULL),
(192, 192, '2021-08-18', 1, '0', '0', NULL, NULL, NULL, NULL, NULL, 'ADDESSA CORPORATION', '4234', '1424', NULL, NULL),
(193, 193, '2021-08-18', 1, '0', '0', NULL, NULL, NULL, NULL, NULL, 'ADDESSA CORPORATION', '4234', '1424', NULL, NULL),
(194, 194, NULL, 248, '0', '  -   ', NULL, NULL, NULL, NULL, NULL, NULL, NULL, NULL, NULL, NULL),
(195, 195, NULL, 1, '0', '  -   ', NULL, NULL, NULL, NULL, NULL, NULL, NULL, NULL, NULL, NULL),
(196, 196, NULL, 1, '0', '  -   ', NULL, NULL, NULL, NULL, NULL, NULL, NULL, NULL, NULL, NULL),
(197, 197, NULL, 1, '0', '  -   ', NULL, NULL, NULL, NULL, NULL, NULL, NULL, NULL, NULL, NULL),
(198, 198, NULL, 1, '0', '  -   ', NULL, NULL, NULL, NULL, NULL, NULL, NULL, NULL, NULL, NULL),
(199, 199, NULL, 1, '0', '  -   ', NULL, NULL, NULL, NULL, NULL, NULL, NULL, NULL, NULL, NULL),
(200, 200, NULL, 8, '0', '  -   ', NULL, NULL, NULL, NULL, NULL, NULL, NULL, NULL, NULL, NULL),
(201, 201, NULL, 1, '0', '  -   ', NULL, NULL, NULL, NULL, NULL, NULL, NULL, NULL, NULL, NULL),
(202, 202, NULL, 2, '0', '  -   ', NULL, NULL, NULL, NULL, NULL, NULL, NULL, NULL, NULL, NULL),
(203, 203, NULL, 2, '0', '  -   ', NULL, NULL, NULL, NULL, NULL, NULL, NULL, NULL, NULL, NULL),
(204, 204, NULL, 1, '0', '  -   ', NULL, NULL, NULL, NULL, NULL, NULL, NULL, NULL, NULL, NULL),
(205, 205, NULL, 1, '0', '  -   ', NULL, NULL, NULL, NULL, NULL, NULL, NULL, NULL, NULL, NULL),
(206, 206, NULL, 23, '0', '  -   ', NULL, NULL, NULL, NULL, NULL, NULL, NULL, NULL, NULL, NULL),
(207, 207, NULL, 5, '0', '  -   ', NULL, NULL, NULL, NULL, NULL, NULL, NULL, NULL, NULL, NULL),
(208, 208, NULL, 1, '0', '  -   ', NULL, NULL, NULL, NULL, NULL, NULL, NULL, NULL, NULL, NULL),
(209, 209, NULL, 13, '0', '  -   ', NULL, NULL, NULL, NULL, NULL, NULL, NULL, NULL, NULL, NULL),
(210, 210, NULL, 1, '0', '  -   ', NULL, NULL, NULL, NULL, NULL, NULL, NULL, NULL, NULL, NULL),
(211, 211, NULL, 1, '0', '  -   ', NULL, NULL, NULL, NULL, NULL, NULL, NULL, NULL, NULL, NULL),
(212, 212, NULL, 1, '0', '  -   ', NULL, NULL, NULL, NULL, NULL, NULL, NULL, NULL, NULL, NULL),
(213, 213, NULL, 1, '0', '  -   ', NULL, NULL, NULL, NULL, NULL, NULL, NULL, NULL, NULL, NULL),
(214, 214, NULL, 1, '0', '  -   ', NULL, NULL, NULL, NULL, NULL, NULL, NULL, NULL, NULL, NULL),
(215, 215, NULL, 1, '0', '  -   ', NULL, NULL, NULL, NULL, NULL, NULL, NULL, NULL, NULL, NULL),
(216, 216, NULL, 1, '0', '  -   ', NULL, NULL, NULL, NULL, NULL, NULL, NULL, NULL, NULL, NULL),
(217, 217, NULL, 1, '0', '  -   ', NULL, NULL, NULL, NULL, NULL, NULL, NULL, NULL, NULL, NULL),
(218, 218, NULL, 1, '0', '  -   ', NULL, NULL, NULL, NULL, NULL, NULL, NULL, NULL, NULL, NULL),
(219, 219, NULL, 1, '0', '  -   ', NULL, NULL, NULL, NULL, NULL, NULL, NULL, NULL, NULL, NULL),
(220, 220, NULL, 1, '0', '  -   ', NULL, NULL, NULL, NULL, NULL, NULL, NULL, NULL, NULL, NULL),
(221, 221, NULL, 1, '0', '  -   ', NULL, NULL, NULL, NULL, NULL, NULL, NULL, NULL, NULL, NULL),
(222, 222, NULL, 1, '0', '  -   ', NULL, NULL, NULL, NULL, NULL, NULL, NULL, NULL, NULL, NULL),
(223, 223, NULL, 2, '0', '  -   ', NULL, NULL, NULL, NULL, NULL, NULL, NULL, NULL, NULL, NULL),
(224, 224, NULL, 1, '0', '  -   ', NULL, NULL, NULL, NULL, NULL, NULL, NULL, NULL, NULL, NULL),
(225, 225, NULL, 3, '0', '  -   ', NULL, NULL, NULL, NULL, NULL, NULL, NULL, NULL, NULL, NULL),
(226, 226, NULL, 1, '0', '  -   ', NULL, NULL, NULL, NULL, NULL, NULL, NULL, NULL, NULL, NULL),
(227, 227, NULL, 1, '0', '  -   ', NULL, NULL, NULL, NULL, NULL, NULL, NULL, NULL, NULL, NULL),
(228, 228, NULL, 1, '0', '  -   ', NULL, NULL, NULL, NULL, NULL, NULL, NULL, NULL, NULL, NULL),
(229, 229, NULL, 1, '0', '  -   ', NULL, NULL, NULL, NULL, NULL, NULL, NULL, NULL, NULL, NULL),
(230, 230, NULL, 1, '0', '  -   ', NULL, NULL, NULL, NULL, NULL, NULL, NULL, NULL, NULL, NULL),
(231, 231, NULL, 1, '0', '  -   ', NULL, NULL, NULL, NULL, NULL, NULL, NULL, NULL, NULL, NULL),
(232, 232, NULL, 1, '0', '  -   ', NULL, NULL, NULL, NULL, NULL, NULL, NULL, NULL, NULL, NULL),
(233, 233, NULL, 1, '0', '  -   ', NULL, NULL, NULL, NULL, NULL, NULL, NULL, NULL, NULL, NULL),
(234, 234, NULL, 5, '0', '  -   ', NULL, NULL, NULL, NULL, NULL, NULL, NULL, NULL, NULL, NULL),
(235, 235, NULL, 1, '0', '  -   ', NULL, NULL, NULL, NULL, NULL, NULL, NULL, NULL, NULL, NULL),
(236, 236, NULL, 1, '0', '  -   ', NULL, NULL, NULL, NULL, NULL, NULL, NULL, NULL, NULL, NULL),
(237, 237, NULL, 1, '0', '  -   ', NULL, NULL, NULL, NULL, NULL, NULL, NULL, NULL, NULL, NULL),
(238, 238, NULL, 1, '0', '  -   ', NULL, NULL, NULL, NULL, NULL, NULL, NULL, NULL, NULL, NULL),
(239, 239, NULL, 1, '0', '  -   ', NULL, NULL, NULL, NULL, NULL, NULL, NULL, NULL, NULL, NULL),
(240, 240, NULL, 1, '0', '  -   ', NULL, NULL, NULL, NULL, NULL, NULL, NULL, NULL, NULL, NULL),
(241, 241, NULL, 1, '0', '  -   ', NULL, NULL, NULL, NULL, NULL, NULL, NULL, NULL, NULL, NULL),
(242, 242, NULL, 1, '0', '  -   ', NULL, NULL, NULL, NULL, NULL, NULL, NULL, NULL, NULL, NULL),
(243, 243, NULL, 1, '0', '  -   ', NULL, NULL, NULL, NULL, NULL, NULL, NULL, NULL, NULL, NULL),
(244, 244, NULL, 1, '0', '  -   ', NULL, NULL, NULL, NULL, NULL, NULL, NULL, NULL, NULL, NULL),
(245, 245, NULL, 1, '0', '  -   ', NULL, NULL, NULL, NULL, NULL, NULL, NULL, NULL, NULL, NULL),
(246, 246, NULL, 1, '0', '  -   ', NULL, NULL, NULL, NULL, NULL, NULL, NULL, NULL, NULL, NULL),
(247, 247, NULL, 1, '0', '  -   ', NULL, NULL, NULL, NULL, NULL, NULL, NULL, NULL, NULL, NULL),
(248, 248, NULL, 1, '0', '  -   ', NULL, NULL, NULL, NULL, NULL, NULL, NULL, NULL, NULL, NULL),
(249, 249, NULL, 1, '0', '  -   ', NULL, NULL, NULL, NULL, NULL, NULL, NULL, NULL, NULL, NULL),
(250, 250, NULL, 1, '0', '  -   ', NULL, NULL, NULL, NULL, NULL, NULL, NULL, NULL, NULL, NULL),
(251, 251, NULL, 1, '0', '  -   ', NULL, NULL, NULL, NULL, NULL, NULL, NULL, NULL, NULL, NULL),
(252, 252, NULL, 1, '0', '  -   ', NULL, NULL, NULL, NULL, NULL, NULL, NULL, NULL, NULL, NULL),
(253, 253, NULL, 1, '0', '  -   ', NULL, NULL, NULL, NULL, NULL, NULL, NULL, NULL, NULL, NULL),
(254, 254, NULL, 1, '0', '  -   ', NULL, NULL, NULL, NULL, NULL, NULL, NULL, NULL, NULL, NULL),
(255, 255, NULL, 1, '0', '  -   ', NULL, NULL, NULL, NULL, NULL, NULL, NULL, NULL, NULL, NULL),
(256, 256, NULL, 1, '0', '  -   ', NULL, NULL, NULL, NULL, NULL, NULL, NULL, NULL, NULL, NULL),
(257, 257, NULL, 1, '0', '  -   ', NULL, NULL, NULL, NULL, NULL, NULL, NULL, NULL, NULL, NULL),
(258, 258, NULL, 1, '0', '  -   ', NULL, NULL, NULL, NULL, NULL, NULL, NULL, NULL, NULL, NULL),
(259, 259, NULL, 1, '0', '  -   ', NULL, NULL, NULL, NULL, NULL, NULL, NULL, NULL, NULL, NULL),
(260, 260, NULL, 1, '0', '  -   ', NULL, NULL, NULL, NULL, NULL, NULL, NULL, NULL, NULL, NULL),
(261, 261, NULL, 1, '0', '  -   ', NULL, NULL, NULL, NULL, NULL, NULL, NULL, NULL, NULL, NULL),
(262, 262, NULL, 1, '0', '  -   ', NULL, NULL, NULL, NULL, NULL, NULL, NULL, NULL, NULL, NULL),
(263, 263, NULL, 1, '0', '  -   ', NULL, NULL, NULL, NULL, NULL, NULL, NULL, NULL, NULL, NULL),
(264, 264, NULL, 1, '0', '  -   ', NULL, NULL, NULL, NULL, NULL, NULL, NULL, NULL, NULL, NULL),
(265, 265, NULL, 1, '0', '  -   ', NULL, NULL, NULL, NULL, NULL, NULL, NULL, NULL, NULL, NULL),
(266, 266, NULL, 1, '0', '  -   ', NULL, NULL, NULL, NULL, NULL, NULL, NULL, NULL, NULL, NULL),
(267, 267, NULL, 1, '0', '  -   ', NULL, NULL, NULL, NULL, NULL, NULL, NULL, NULL, NULL, NULL),
(268, 268, NULL, 1, '0', '  -   ', NULL, NULL, NULL, NULL, NULL, NULL, NULL, NULL, NULL, NULL),
(269, 269, NULL, 1, '0', '  -   ', NULL, NULL, NULL, NULL, NULL, NULL, NULL, NULL, NULL, NULL),
(270, 270, NULL, 1, '0', '  -   ', NULL, NULL, NULL, NULL, NULL, NULL, NULL, NULL, NULL, NULL),
(271, 271, NULL, 1, '0', '  -   ', NULL, NULL, NULL, NULL, NULL, NULL, NULL, NULL, NULL, NULL),
(272, 272, NULL, 1, '0', '  -   ', NULL, NULL, NULL, NULL, NULL, NULL, NULL, NULL, NULL, NULL),
(273, 273, NULL, 6, '0', '  -   ', NULL, NULL, NULL, NULL, NULL, NULL, NULL, NULL, NULL, NULL),
(274, 274, NULL, 1, '0', '  -   ', NULL, NULL, NULL, NULL, NULL, NULL, NULL, NULL, NULL, NULL),
(275, 275, NULL, 1, '0', '  -   ', NULL, NULL, NULL, NULL, NULL, NULL, NULL, NULL, NULL, NULL),
(276, 276, NULL, 2, '0', '  -   ', NULL, NULL, NULL, NULL, NULL, NULL, NULL, NULL, NULL, NULL),
(277, 277, NULL, 1, '0', '  -   ', NULL, NULL, NULL, NULL, NULL, NULL, NULL, NULL, NULL, NULL),
(278, 278, NULL, 1, '0', '  -   ', NULL, NULL, NULL, NULL, NULL, NULL, NULL, NULL, NULL, NULL),
(279, 279, NULL, 1, '0', '  -   ', NULL, NULL, NULL, NULL, NULL, NULL, NULL, NULL, NULL, NULL),
(280, 280, NULL, 1, '0', '  -   ', NULL, NULL, NULL, NULL, NULL, NULL, NULL, NULL, NULL, NULL),
(281, 281, NULL, 1, '0', '  -   ', NULL, NULL, NULL, NULL, NULL, NULL, NULL, NULL, NULL, NULL),
(282, 282, NULL, 1, '0', '  -   ', NULL, NULL, NULL, NULL, NULL, NULL, NULL, NULL, NULL, NULL),
(283, 283, NULL, 1, '0', '  -   ', NULL, NULL, NULL, NULL, NULL, NULL, NULL, NULL, NULL, NULL),
(284, 284, NULL, 1, '0', '  -   ', NULL, NULL, NULL, NULL, NULL, NULL, NULL, NULL, NULL, NULL),
(285, 285, NULL, 1, '0', '  -   ', NULL, NULL, NULL, NULL, NULL, NULL, NULL, NULL, NULL, NULL),
(286, 286, NULL, 1, '0', '  -   ', NULL, NULL, NULL, NULL, NULL, NULL, NULL, NULL, NULL, NULL),
(287, 287, NULL, 1, '0', '  -   ', NULL, NULL, NULL, NULL, NULL, NULL, NULL, NULL, NULL, NULL),
(288, 288, NULL, 1, '0', '  -   ', NULL, NULL, NULL, NULL, NULL, NULL, NULL, NULL, NULL, NULL),
(289, 289, NULL, 10, '0', '  -   ', NULL, NULL, NULL, NULL, NULL, NULL, NULL, NULL, NULL, NULL),
(290, 290, NULL, 1, '0', '  -   ', NULL, NULL, NULL, NULL, NULL, NULL, NULL, NULL, NULL, NULL),
(291, 291, NULL, 1, '0', '  -   ', NULL, NULL, NULL, NULL, NULL, NULL, NULL, NULL, NULL, NULL),
(292, 292, NULL, 1, '0', '  -   ', NULL, NULL, NULL, NULL, NULL, NULL, NULL, NULL, NULL, NULL),
(293, 293, NULL, 1, '0', '  -   ', NULL, NULL, NULL, NULL, NULL, NULL, NULL, NULL, NULL, NULL),
(294, 294, '2021-01-08', 2, '0', '0', 'Serviceable; Existing as of ', NULL, 'Returned', NULL, NULL, 'COPYLANDIA OFFICE SYSTEMS CORPORATION', '3087', '125', NULL, NULL),
(295, 295, '2021-01-11', 44, '0', '0', 'Serviceable; Existing as of ', NULL, 'Returned', NULL, NULL, 'FINE ADS ART', '2836', '2223', NULL, NULL),
(296, 296, '2021-01-11', 22, '0', '0', 'Serviceable; Existing as of ', NULL, 'Returned', NULL, NULL, 'FINE ADS ART', '2836', '2223', NULL, NULL),
(297, 297, '2021-01-11', 22, '0', '0', 'Serviceable; Existing as of ', NULL, 'Returned', NULL, NULL, 'FINE ADS ART', '2836', '2223', NULL, NULL),
(298, 298, '2021-01-11', 22, '0', '0', 'Serviceable; Existing as of ', NULL, 'Returned', NULL, NULL, 'FINE ADS ART', '2836', '2223', NULL, NULL),
(299, 299, '2021-01-11', 44, '0', '0', 'Serviceable; Existing as of ', NULL, 'Returned', NULL, NULL, 'FINE ADS ART', '2836', '2223', NULL, NULL),
(300, 300, '2021-01-11', 22, '0', '0', 'Serviceable; Existing as of ', NULL, 'Returned', NULL, NULL, 'FINE ADS ART', '2836', '2223', NULL, NULL),
(301, 301, '2021-01-11', 1, '0', '0', 'Serviceable; Existing as of ', NULL, 'Returned', NULL, NULL, 'COPYLANDIA OFFICE SYSTEMS CORPORATION', '2829', '2148', NULL, NULL),
(302, 302, '2021-01-11', 1, '0', '0', 'Serviceable; Existing as of ', NULL, 'Returned', NULL, NULL, 'COPYLANDIA OFFICE SYSTEMS CORPORATION', '2829', '2148', NULL, NULL),
(303, 303, '2021-01-11', 1, '0', '0', 'Serviceable; Existing as of ', NULL, 'Returned', NULL, NULL, 'COPYLANDIA OFFICE SYSTEMS CORPORATION', '2829', '2148', NULL, NULL),
(304, 304, '2021-01-11', 50, '0', '0', 'Serviceable; Existing as of ', NULL, NULL, NULL, NULL, 'MDO DECORATING LIGHT', '3006', '2300', NULL, NULL),
(305, 305, '2021-01-11', 50, '0', '0', 'Serviceable; Existing as of ', NULL, NULL, NULL, NULL, 'MDO DECORATING LIGHT', '3006', '2300', NULL, NULL),
(306, 306, '2021-01-11', 5, '0', '0', 'Serviceable; Existing as of ', NULL, NULL, NULL, NULL, 'MDO DECORATING LIGHT', '3006', '2300', NULL, NULL),
(307, 307, '2021-01-11', 1, '0', '0', 'Serviceable; Existing as of ', NULL, NULL, NULL, NULL, 'MDO DECORATING LIGHT', '3006', '2300', NULL, NULL),
(308, 308, '2021-01-11', 30, '0', '0', 'Serviceable; Existing as of ', NULL, NULL, NULL, NULL, 'MDO DECORATING LIGHT', '3006', '2300', NULL, NULL),
(309, 309, '2021-01-11', 2, '0', '0', 'Serviceable; Existing as of ', NULL, NULL, NULL, NULL, 'MDO DECORATING LIGHT', '3006', '2300', NULL, NULL),
(310, 310, '2021-01-11', 200, '0', '0', 'Serviceable; Existing as of ', NULL, NULL, NULL, NULL, 'MDO DECORATING LIGHT', '3006', '2300', NULL, NULL),
(311, 311, '2021-01-11', 100, '0', '0', 'Serviceable; Existing as of ', NULL, NULL, NULL, NULL, 'MDO DECORATING LIGHT', '3006', '2300', NULL, NULL),
(312, 312, '2021-01-11', 4, '0', '0', 'Serviceable; Existing as of ', NULL, NULL, NULL, NULL, 'MDO DECORATING LIGHT', '3006', '2300', NULL, NULL),
(313, 313, '2021-01-11', 28, '0', '0', 'Serviceable; Existing as of ', NULL, NULL, NULL, NULL, 'MDO DECORATING LIGHT', '3006', '2300', NULL, NULL),
(314, 314, '2021-01-11', 65, '0', '0', 'Serviceable; Existing as of ', NULL, NULL, NULL, NULL, 'MDO DECORATING LIGHT', '3006', '2300', NULL, NULL),
(315, 315, '2021-01-11', 18, '0', '0', 'Serviceable; Existing as of ', NULL, NULL, NULL, NULL, 'MDO DECORATING LIGHT', '3006', '2300', NULL, NULL),
(316, 316, '2021-01-11', 50, '0', '0', 'Serviceable; Existing as of ', NULL, NULL, NULL, NULL, 'MDO DECORATING LIGHT', '3006', '2300', NULL, NULL),
(317, 317, '2021-01-11', 1, '0', '0', 'Serviceable; Existing as of ', NULL, NULL, NULL, NULL, 'MDO DECORATING LIGHT', '3006', '2300', NULL, NULL),
(318, 318, '2021-01-11', 6, '0', '0', 'Serviceable; Existing as of ', NULL, NULL, NULL, NULL, 'MDO DECORATING LIGHT', '3006', '2300', NULL, NULL),
(319, 319, '2021-01-12', 1, '0', '0', 'Serviceable; Existing as of ', NULL, NULL, NULL, NULL, 'ACE HARDWARE', '2549', '41', NULL, NULL),
(320, 320, '2021-01-12', 1, '0', '0', 'Serviceable; Existing as of ', NULL, NULL, NULL, NULL, 'TARLAC MAC', '2996', '26', NULL, NULL),
(321, 321, '2021-01-12', 1, '0', '0', 'Serviceable; Existing as of ', NULL, NULL, NULL, NULL, 'FINE ADS ART', '2905', '4', NULL, NULL),
(322, 322, '2021-01-12', 1, '0', '0', 'Serviceable; Existing as of ', NULL, NULL, NULL, NULL, NULL, NULL, NULL, NULL, NULL),
(323, 323, '2021-01-12', 1, '0', '0', 'Serviceable; Existing as of ', NULL, NULL, NULL, NULL, NULL, NULL, NULL, NULL, NULL),
(324, 324, '2021-01-12', 4, '0', '0', 'Serviceable; Existing as of ', NULL, NULL, NULL, NULL, 'ROBINSONS HANDYMAN', '2800', '12', NULL, NULL),
(325, 325, '2021-01-13', 57, '0', '0', 'Serviceable; Existing as of ', NULL, NULL, NULL, NULL, 'JC COMERCIAL', '2846', '10', NULL, NULL),
(326, 326, '2021-01-13', 6, '0', '0', 'Serviceable; Existing as of ', NULL, NULL, NULL, NULL, 'BAGUIO PRINCE ENTERPRISE', '2671', '24', NULL, NULL),
(327, 327, '2021-01-13', 10, '0', '0', 'Serviceable; Existing as of ', NULL, NULL, NULL, NULL, 'BAGUIO PRINCE ENTERPRISE', '2671', '24', NULL, NULL),
(328, 328, '2021-01-13', 12, '0', '0', 'Serviceable; Existing as of ', NULL, NULL, NULL, NULL, 'BAGUIO PRINCE ENTERPRISE', '2671', '24', NULL, NULL),
(329, 329, '2021-01-13', 6, '0', '0', 'Serviceable; Existing as of ', NULL, NULL, NULL, NULL, 'BAGUIO PRINCE ENTERPRISE', '2671', '24', NULL, NULL),
(330, 330, '2021-01-13', 6, '0', '0', 'Serviceable; Existing as of ', NULL, NULL, NULL, NULL, 'BAGUIO PRINCE ENTERPRISE', '2671', '24', NULL, NULL),
(331, 331, '2021-01-13', 1, '0', '0', 'Serviceable; Existing as of ', NULL, NULL, NULL, NULL, 'TG HOME BUILDERS', '2746', '2301', NULL, NULL),
(332, 332, '2021-01-13', 1, '0', '0', 'Serviceable; Existing as of ', NULL, NULL, NULL, NULL, 'TG HOME BUILDERS', '2746', '2301', NULL, NULL),
(333, 333, '2021-01-13', 1, '0', '0', 'Serviceable; Existing as of ', NULL, NULL, NULL, NULL, 'BAGUIO PRINCE ENTERPRISE', '1987', '23', NULL, NULL),
(334, 334, '2021-01-13', 3, '0', '0', 'Serviceable; Existing as of ', NULL, NULL, NULL, NULL, 'BAGUIO PRINCE ENTERPRISE', '1987', '23', NULL, NULL),
(335, 335, '2021-01-13', 12, '0', '0', 'Serviceable; Existing as of ', NULL, NULL, NULL, NULL, 'BAGUIO PRINCE ENTERPRISE', '1987', '23', NULL, NULL),
(336, 336, '2021-01-13', 1, '0', '0', 'Serviceable; Existing as of ', NULL, NULL, NULL, NULL, 'COPYLANDIA OFFICE SYSTEMS CORPORATION', '3158', '2378', NULL, NULL),
(337, 337, '2021-01-13', 1, '0', '0', 'Serviceable; Existing as of ', NULL, NULL, NULL, NULL, 'COPYLANDIA OFFICE SYSTEMS CORPORATION', '3158', '2378', NULL, NULL),
(338, 338, '2021-01-13', 1, '0', '0', 'Serviceable; Existing as of ', NULL, NULL, NULL, NULL, 'COPYLANDIA OFFICE SYSTEMS CORPORATION', '3158', '2378', NULL, NULL),
(339, 339, '2021-01-13', 2, '0', '0', 'Serviceable; Existing as of ', NULL, NULL, NULL, NULL, 'COPYLANDIA OFFICE SYSTEMS CORPORATION', '3158', '2378', NULL, NULL),
(340, 340, '2021-01-13', 20, '0', '0', 'Serviceable; Existing as of ', NULL, NULL, NULL, NULL, 'BAGUIO PRINCE ENTERPRISE', '2569', '2309', NULL, NULL),
(341, 341, '2021-01-13', 5, '0', '0', 'Serviceable; Existing as of ', NULL, NULL, NULL, NULL, 'BAGUIO PRINCE ENTERPRISE', '2569', '2309', NULL, NULL),
(342, 342, '2021-01-13', 35, '0', '0', 'Serviceable; Existing as of ', NULL, NULL, NULL, NULL, 'BAGUIO PRINCE ENTERPRISE', '2569', '2309', NULL, NULL),
(343, 343, '2021-01-13', 50, '0', '0', 'Serviceable; Existing as of ', NULL, NULL, NULL, NULL, 'BAGUIO PRINCE ENTERPRISE', '2569', '2309', NULL, NULL),
(344, 344, '2021-01-13', 39, '0', '0', 'Serviceable; Existing as of ', NULL, NULL, NULL, NULL, 'BAGUIO PRINCE ENTERPRISE', '2569', '2309', NULL, NULL),
(345, 345, '2021-01-13', 10, '0', '0', 'Serviceable; Existing as of ', NULL, NULL, NULL, NULL, 'BAGUIO PRINCE ENTERPRISE', '2569', '2309', NULL, NULL),
(346, 346, '2021-01-13', 23, '0', '0', 'Serviceable; Existing as of ', NULL, NULL, NULL, NULL, 'BAGUIO PRINCE ENTERPRISE', '2569', '2309', NULL, NULL),
(347, 347, '2021-01-13', 36, '0', '0', 'Serviceable; Existing as of ', NULL, NULL, NULL, NULL, 'BAGUIO PRINCE ENTERPRISE', '2569', '2309', NULL, NULL),
(348, 348, '2021-01-13', 16, '0', '0', 'Serviceable; Existing as of ', NULL, NULL, NULL, NULL, 'BAGUIO PRINCE ENTERPRISE', '2569', '2309', NULL, NULL),
(349, 349, '2021-01-13', 4, '0', '0', 'Serviceable; Existing as of ', NULL, NULL, NULL, NULL, 'TSB BAZAAR', '2966', '30', NULL, NULL),
(350, 350, '2021-01-14', 5, '0', '0', 'Serviceable; Existing as of ', NULL, NULL, NULL, NULL, 'BAGUIO PRINCE ENTERPRISE', '1644', '1296', NULL, NULL),
(351, 351, '2021-01-14', 2, '0', '0', 'Serviceable; Existing as of ', NULL, NULL, NULL, NULL, 'BLESSED ST. JOHN', '3033', '19', NULL, NULL),
(352, 352, '2021-01-14', 58, '0', '0', 'Serviceable; Existing as of ', NULL, NULL, NULL, NULL, 'KINGS SAFETYNET', '1866', '222', NULL, NULL),
(353, 353, '2021-01-14', 142, '0', '0', 'Serviceable; Existing as of ', NULL, NULL, NULL, NULL, 'KINGS SAFETYNET', '1866', '222', NULL, NULL),
(354, 354, '2021-01-14', 150, '0', '0', 'Serviceable; Existing as of ', NULL, NULL, NULL, NULL, 'KINGS SAFETYNET', '1866', '222', NULL, NULL),
(355, 355, '2021-01-14', 250, '0', '0', 'Serviceable; Existing as of ', NULL, NULL, NULL, NULL, 'KINGS SAFETYNET', '1866', '222', NULL, NULL),
(356, 356, '2021-01-14', 4, '0', '0', 'Serviceable; Existing as of ', NULL, NULL, NULL, NULL, 'J2 TIRE CENTER', '2992', '2384', NULL, NULL),
(357, 357, '2021-01-14', 3, '0', '0', 'Serviceable; Existing as of ', NULL, NULL, NULL, NULL, 'TSB BAZAAR', '2642', '11', NULL, NULL),
(358, 358, '2021-01-14', 15, '0', '0', 'Serviceable; Existing as of ', NULL, NULL, NULL, NULL, 'TSB BAZAAR', '2642', '11', NULL, NULL),
(359, 359, '2021-01-14', 15, '0', '0', 'Serviceable; Existing as of ', NULL, NULL, NULL, NULL, 'TSB BAZAAR', '2642', '11', NULL, NULL),
(360, 360, '2021-01-14', 5, '0', '0', 'Serviceable; Existing as of ', NULL, NULL, NULL, NULL, 'TSB BAZAAR', '2642', '11', NULL, NULL),
(361, 361, '2021-01-14', 3, '0', '0', 'Serviceable; Existing as of ', NULL, NULL, NULL, NULL, 'TSB BAZAAR', '2642', '11', NULL, NULL),
(362, 362, '2021-01-14', 2, '0', '0', 'Serviceable; Existing as of ', NULL, NULL, NULL, NULL, 'BEST CHOICE', '3101', '46', NULL, NULL),
(363, 363, '2021-01-14', 2, '0', '0', 'Serviceable; Existing as of ', NULL, NULL, NULL, NULL, 'BEST CHOICE', '3101', '46', NULL, NULL),
(364, 364, '2021-01-14', 1, '0', '0', 'Serviceable; Existing as of ', NULL, NULL, NULL, NULL, 'BEST CHOICE', '3101', '46', NULL, NULL),
(365, 365, '2021-01-14', 1, '0', '0', 'Serviceable; Existing as of ', NULL, NULL, NULL, NULL, 'BEST CHOICE', '3101', '46', NULL, NULL),
(366, 366, '2021-01-14', 1, '0', '0', 'Serviceable; Existing as of ', NULL, NULL, NULL, NULL, 'BEST CHOICE', '3101', '46', NULL, NULL),
(367, 367, '2021-01-14', 1, '0', '0', 'Serviceable; Existing as of ', NULL, NULL, NULL, NULL, 'BEST CHOICE', '3101', '46', NULL, NULL),
(368, 368, '2021-01-14', 2, '0', '0', 'Serviceable; Existing as of ', NULL, NULL, NULL, NULL, 'BEST CHOICE', '3101', '46', NULL, NULL),
(369, 369, '2021-01-14', 1, '0', '0', 'Serviceable; Existing as of ', NULL, NULL, NULL, NULL, 'WILCONSTRUCT', '2950', '27', NULL, NULL),
(370, 370, '2021-01-14', 1, '0', '0', 'Serviceable; Existing as of ', NULL, NULL, NULL, NULL, 'WILCONSTRUCT', '2950', '27', NULL, NULL),
(371, 371, '2021-01-14', 1, '0', '0', 'Serviceable; Existing as of ', NULL, NULL, NULL, NULL, 'WILCONSTRUCT', '2950', '27', NULL, NULL),
(372, 372, '2021-01-14', 1, '0', '0', 'Serviceable; Existing as of ', NULL, NULL, NULL, NULL, 'WILCONSTRUCT', '2950', '27', NULL, NULL),
(373, 373, '2021-01-14', 1, '0', '0', 'Serviceable; Existing as of ', NULL, NULL, NULL, NULL, 'WILCONSTRUCT', '2950', '27', NULL, NULL),
(374, 374, '2021-01-15', 6, '0', '0', 'Serviceable; Existing as of ', NULL, NULL, NULL, NULL, 'TSB BAZAAR', '2620', '22', NULL, NULL),
(375, 375, '2021-01-15', 6, '0', '0', 'Serviceable; Existing as of ', NULL, NULL, NULL, NULL, 'TSB BAZAAR', '2620', '22', NULL, NULL),
(376, 376, '2021-01-15', 8, '0', '0', 'Serviceable; Existing as of ', NULL, NULL, NULL, NULL, 'TSB BAZAAR', '2620', '22', NULL, NULL),
(377, 377, '2021-01-15', 5, '0', '0', 'Serviceable; Existing as of ', NULL, NULL, NULL, NULL, 'TSB BAZAAR', '2620', '22', NULL, NULL),
(378, 378, '2021-01-15', 1, '0', '0', 'Serviceable; Existing as of ', NULL, NULL, NULL, NULL, 'KEYSTER', '3063', '61', NULL, NULL),
(379, 379, '2021-01-15', 2, '0', '0', 'Serviceable; Existing as of ', NULL, NULL, NULL, NULL, 'BAGUIO PRINCE ENTERPRISES', '1992', NULL, NULL, NULL),
(380, 380, '2021-01-15', 2, '0', '0', 'Serviceable; Existing as of ', NULL, NULL, NULL, NULL, 'BAGUIO PRINCE ENTERPRISES', '1992', NULL, NULL, NULL),
(381, 381, '2021-01-15', 3, '0', '0', 'Serviceable; Existing as of ', NULL, NULL, NULL, NULL, 'BAGUIO PRINCE ENTERPRISES', '1992', NULL, NULL, NULL),
(382, 382, '2021-01-15', 3, '0', '0', 'Serviceable; Existing as of ', NULL, NULL, NULL, NULL, 'BAGUIO PRINCE ENTERPRISES', '1992', NULL, NULL, NULL),
(383, 383, '2021-01-15', 3, '0', '0', 'Serviceable; Existing as of ', NULL, NULL, NULL, NULL, 'BAGUIO PRINCE ENTERPRISES', '1992', NULL, NULL, NULL),
(384, 384, '2021-01-15', 3, '0', '0', 'Serviceable; Existing as of ', NULL, NULL, NULL, NULL, 'BAGUIO PRINCE ENTERPRISES', '1992', NULL, NULL, NULL),
(385, 385, '2021-01-15', 1, '0', '0', 'Serviceable; Existing as of ', NULL, NULL, NULL, NULL, 'BAGUIO PRINCE ENTERPRISES', '1992', NULL, NULL, NULL),
(386, 386, '2021-01-19', 5, '0', '0', 'Serviceable; Existing as of ', NULL, NULL, NULL, NULL, 'PANGHOI ENTERPRISES', '2857', '37', NULL, NULL),
(387, 387, '2021-01-19', 2, '0', '0', 'Serviceable; Existing as of ', NULL, NULL, NULL, NULL, 'PANGHOI ENTERPRISES', '2924', '86', NULL, NULL),
(388, 388, '2021-01-19', 1, '0', '0', 'Serviceable; Existing as of ', NULL, NULL, NULL, NULL, 'WILCONSTRUCT', '3054', '80', NULL, NULL),
(389, 389, '2021-01-19', 1, '0', '0', 'Serviceable; Existing as of ', NULL, NULL, NULL, NULL, 'WILCONSTRUCT', '3028', '78', NULL, NULL),
(390, 390, '2021-01-19', 1, '0', '0', 'Serviceable; Existing as of ', NULL, NULL, NULL, NULL, 'WILCONSTRUCT', '3028', '78', NULL, NULL),
(391, 391, '2021-01-19', 2, '0', '0', 'Serviceable; Existing as of ', NULL, NULL, NULL, NULL, 'XWORKS SALES', '3084', '68', NULL, NULL),
(392, 392, '2021-01-19', 2, '0', '0', 'Serviceable; Existing as of ', NULL, NULL, NULL, NULL, 'XWORKS SALES', '3084', '68', NULL, NULL),
(393, 393, '2021-01-19', 2, '0', '0', 'Serviceable; Existing as of ', NULL, NULL, NULL, NULL, 'XWORKS SALES', '3150', '35', NULL, NULL),
(394, 394, '2021-01-19', 1, '0', '0', 'Serviceable; Existing as of ', NULL, NULL, NULL, NULL, 'XWORKS SALES', '3150', '35', NULL, NULL),
(395, 395, '2021-01-19', 1, '0', '0', 'Serviceable; Existing as of ', NULL, NULL, NULL, NULL, 'XWORKS SALES', '3150', '35', NULL, NULL),
(396, 396, '2021-01-19', 2, '0', '0', 'Serviceable; Existing as of ', NULL, NULL, NULL, NULL, 'XWORKS SALES', '3150', '35', NULL, NULL),
(397, 397, '2021-01-19', 1, '0', '0', 'Serviceable; Existing as of ', NULL, NULL, NULL, NULL, 'XWORKS SALES', '3150', '35', NULL, NULL),
(398, 398, '2021-01-19', 1, '0', '0', 'Serviceable; Existing as of ', NULL, NULL, NULL, NULL, 'XWORKS SALES', '3150', '35', NULL, NULL),
(399, 399, '2021-01-19', 2, '0', '0', 'Serviceable; Existing as of ', NULL, NULL, NULL, NULL, 'XWORKS SALES', '3150', '35', NULL, NULL),
(400, 400, '2021-01-20', 1, '0', '0', 'Serviceable; Existing as of ', NULL, NULL, NULL, NULL, 'DENCY\'S HARDWARE', NULL, '1934', NULL, NULL),
(401, 401, '2021-01-20', 1, '0', '0', 'Serviceable; Existing as of ', NULL, NULL, NULL, NULL, 'PANGHOI ENTERPRISES', NULL, '1933', NULL, NULL),
(402, 402, '2021-01-20', 1, '0', '0', 'Serviceable; Existing as of ', NULL, NULL, NULL, NULL, 'TIONG SAN HARRISON', NULL, '1937', NULL, NULL),
(403, 403, '2021-01-20', 1, '0', '0', 'Serviceable; Existing as of ', NULL, NULL, NULL, NULL, 'MEM COMMERCIAL', NULL, '2386', NULL, NULL),
(404, 404, '2021-01-20', 30, '0', '0', 'Serviceable; Existing as of ', NULL, NULL, NULL, NULL, 'TSB BAZAAR', '2962', '64', NULL, NULL),
(405, 405, '2021-01-20', 1, '0', '0', 'Serviceable; Existing as of ', NULL, NULL, NULL, NULL, 'JK COMMERCIAL', '3055', '63', NULL, NULL),
(406, 406, '2021-01-20', 1, '0', '0', 'Serviceable; Existing as of ', NULL, NULL, NULL, NULL, 'JK COMMERCIAL', '3055', '63', NULL, NULL),
(407, 407, '2021-01-20', 1, '0', '0', 'Serviceable; Existing as of ', NULL, NULL, NULL, NULL, 'JK COMMERCIAL', '3055', '63', NULL, NULL),
(408, 408, '2021-01-20', 1, '0', '0', 'Serviceable; Existing as of ', NULL, NULL, NULL, NULL, 'GRIT MOTORS CORP.', '2841', '52', NULL, NULL),
(409, 409, '2021-01-20', 6, '0', '0', 'Serviceable; Existing as of ', NULL, NULL, NULL, NULL, 'BLESSED ST. JOHN', '3000', '55', NULL, NULL),
(410, 410, '2021-01-21', 1, '0', '0', 'Serviceable; Existing as of ', NULL, NULL, NULL, NULL, 'KEYSTER', '2352', '2014', NULL, NULL),
(411, 411, '2021-01-21', 1, '0', '0', 'Serviceable; Existing as of ', NULL, NULL, NULL, NULL, 'TARLAC MAC', '3036', '67', NULL, NULL),
(412, 412, '2021-01-21', 1, '0', '0', 'Serviceable; Existing as of ', NULL, NULL, NULL, NULL, 'TARLAC MAC', '3036', '67', NULL, NULL),
(413, 413, '2021-01-21', 1, '0', '0', 'Serviceable; Existing as of ', NULL, NULL, NULL, NULL, 'TARLAC MAC', '3036', '67', NULL, NULL),
(414, 414, '2021-01-21', 1, '0', '0', 'Serviceable; Existing as of ', NULL, NULL, NULL, NULL, 'TARLAC MAC', '3036', '67', NULL, NULL),
(415, 415, '2021-01-21', 1, '0', '0', 'Serviceable; Existing as of ', NULL, NULL, NULL, NULL, 'BRIGHT GREEN', NULL, NULL, NULL, NULL),
(416, 416, '2021-01-21', 1, '0', '0', 'Serviceable; Existing as of ', NULL, NULL, NULL, NULL, 'MICROMEDIA TECHNOLOGIES', '2784', '2227', NULL, NULL);
INSERT INTO `are_ics_gen_properties` (`ARE_ICS_id`, `propertyID`, `dateReceived`, `onhandPerCount`, `soQty`, `soValue`, `previousCondition`, `location`, `currentCondition`, `dateOfPhysicalInventory`, `remarks`, `supplier`, `POnumber`, `AIRNumber`, `notes`, `jevNo`) VALUES
(417, 417, '2021-01-21', 1, '0', '0', 'Serviceable; Existing as of ', NULL, NULL, NULL, NULL, 'MICROMEDIA TECHNOLOGIES', '2784', '2227', NULL, NULL),
(418, 418, '2021-01-21', 30, '0', '0', 'Serviceable; Existing as of ', NULL, NULL, NULL, NULL, 'TSB BAZAAR', '2962', '64', NULL, NULL),
(419, 419, '2021-01-21', 1, '0', '0', 'Serviceable; Existing as of ', NULL, NULL, NULL, NULL, 'WILCONSTRUCT', '3140', '101', NULL, NULL),
(420, 420, '2021-01-21', 1, '0', '0', 'Serviceable; Existing as of ', NULL, NULL, NULL, NULL, 'BRIGHT GREEN', NULL, NULL, NULL, NULL),
(421, 421, '2021-01-27', 2, '0', '0', 'Serviceable; Existing as of ', NULL, NULL, NULL, NULL, 'BAGUIO PRINCE ENTERPRISES', '15', '139', NULL, NULL),
(422, 422, '2021-01-27', 4, '0', '0', 'Serviceable; Existing as of ', NULL, NULL, NULL, NULL, 'J2 TIRE CENTER', '3019', '2368', NULL, NULL),
(423, 423, '2021-01-27', 4, '0', '0', 'Serviceable; Existing as of ', NULL, NULL, NULL, NULL, 'JEIDINE GENERAL MERCHANDISE', '3179', NULL, NULL, NULL),
(424, 424, '2021-01-27', 2, '0', '0', 'Serviceable; Existing as of ', NULL, NULL, NULL, NULL, 'COPYLANDIA', '3220', '104', NULL, NULL),
(425, 425, '2021-01-27', 1, '0', '0', 'Serviceable; Existing as of ', NULL, NULL, NULL, NULL, 'COPYLANDIA', '3220', '104', NULL, NULL),
(426, 426, '2021-01-27', 1, '0', '0', 'Serviceable; Existing as of ', NULL, NULL, NULL, NULL, 'JC COMMERCIAL', '3082', '69', NULL, NULL),
(427, 427, '2021-01-27', 1, '0', '0', 'Serviceable; Existing as of ', NULL, NULL, NULL, NULL, 'COPYLANDIA', '3098', '2380', NULL, NULL),
(428, 428, '2021-01-27', 1, '0', '0', 'Serviceable; Existing as of ', NULL, NULL, NULL, NULL, 'COPYLANDIA', '3098', '2380', NULL, NULL),
(429, 429, '2021-01-27', 1, '0', '0', 'Serviceable; Existing as of ', NULL, NULL, NULL, NULL, 'VENN MARK', '565', '114', NULL, NULL),
(430, 430, '2021-01-27', 1, '0', '0', 'Serviceable; Existing as of ', NULL, NULL, NULL, NULL, 'VENN MARK', '614', '113', NULL, NULL),
(431, 431, '2021-01-27', 2, '0', '0', 'Serviceable; Existing as of ', NULL, NULL, NULL, NULL, 'TSB BAZAAR', '2955', '124', NULL, NULL),
(432, 432, '2021-01-27', 2, '0', '0', 'Serviceable; Existing as of ', NULL, NULL, NULL, NULL, 'CITY PLAZA', '2330', '123', NULL, NULL),
(433, 433, '2021-01-27', 12, '0', '0', 'Serviceable; Existing as of ', NULL, NULL, NULL, NULL, 'CITY PLAZA', '2330', '123', NULL, NULL),
(434, 434, '2021-01-27', 18, '0', '0', 'Serviceable; Existing as of ', NULL, NULL, NULL, NULL, 'CITY PLAZA', '2330', '123', NULL, NULL),
(435, 435, '2021-01-27', 5, '0', '0', 'Serviceable; Existing as of ', NULL, NULL, NULL, NULL, 'TSB BAZAAR', '3031', '112', NULL, NULL),
(436, 436, '2021-01-27', 1, '0', '0', 'Serviceable; Existing as of ', NULL, NULL, NULL, NULL, 'SAVERS ELECTRONIC', '3234', '159', NULL, NULL),
(437, 437, '2021-01-27', 1, '0', '0', 'Serviceable; Existing as of ', NULL, NULL, NULL, NULL, 'SAVERS ELECTRONIC', '3234', '159', NULL, NULL),
(438, 438, '2021-01-28', 1, '0', '0', 'Serviceable; Existing as of ', NULL, NULL, NULL, NULL, 'KEYSTER', '3117', '85', NULL, NULL),
(439, 439, '2021-01-28', 1, '0', '0', 'Serviceable; Existing as of ', NULL, NULL, NULL, NULL, 'KEYSTER', '3117', '85', NULL, NULL),
(440, 440, '2021-01-28', 1, '0', '0', 'Serviceable; Existing as of ', NULL, NULL, NULL, NULL, 'TSB BAZAAR', '2850', '134', NULL, NULL),
(441, 441, '2021-01-28', 30, '0', '0', 'Serviceable; Existing as of ', NULL, NULL, NULL, NULL, NULL, NULL, NULL, NULL, NULL),
(442, 442, '2021-01-28', 2, '0', '0', 'Serviceable; Existing as of ', NULL, NULL, NULL, NULL, NULL, NULL, NULL, NULL, NULL),
(443, 443, '2021-01-28', 17, '0', '0', 'Serviceable; Existing as of ', NULL, NULL, NULL, NULL, NULL, NULL, NULL, NULL, NULL),
(444, 444, '2021-01-28', 19, '0', '0', 'Serviceable; Existing as of ', NULL, NULL, NULL, NULL, NULL, NULL, NULL, NULL, NULL),
(445, 445, '2021-01-28', 15, '0', '0', 'Serviceable; Existing as of ', NULL, NULL, NULL, NULL, NULL, NULL, NULL, NULL, NULL),
(446, 446, '2021-01-28', 1, '0', '0', 'Serviceable; Existing as of ', NULL, NULL, NULL, NULL, NULL, NULL, NULL, NULL, NULL),
(447, 447, '2021-01-28', 4, '0', '0', 'Serviceable; Existing as of ', NULL, NULL, NULL, NULL, NULL, NULL, NULL, NULL, NULL),
(448, 448, '2021-01-28', 1, '0', '0', 'Serviceable; Existing as of ', NULL, NULL, NULL, NULL, NULL, NULL, NULL, NULL, NULL),
(449, 449, '2021-01-28', 1, '0', '0', 'Serviceable; Existing as of ', NULL, NULL, NULL, NULL, NULL, NULL, NULL, NULL, NULL),
(450, 450, '2021-01-28', 1, '0', '0', 'Serviceable; Existing as of ', NULL, NULL, NULL, NULL, NULL, NULL, NULL, NULL, NULL),
(451, 451, '2021-01-28', 2, '0', '0', 'Serviceable; Existing as of ', NULL, NULL, NULL, NULL, NULL, NULL, NULL, NULL, NULL),
(452, 452, '2021-01-28', 1, '0', '0', 'Serviceable; Existing as of ', NULL, NULL, NULL, NULL, NULL, NULL, NULL, NULL, NULL),
(453, 453, '2021-02-01', 1, '0', '0', 'Serviceable; Existing as of ', NULL, NULL, NULL, NULL, NULL, NULL, NULL, NULL, NULL),
(454, 454, '2021-02-01', 1, '0', '0', 'Serviceable; Existing as of ', NULL, NULL, NULL, NULL, NULL, NULL, NULL, NULL, NULL),
(455, 455, '2021-02-02', 10, '0', '0', 'Serviceable; Existing as of ', NULL, NULL, NULL, NULL, NULL, NULL, NULL, NULL, NULL),
(456, 456, '2021-02-02', 1, '0', '0', 'Serviceable; Existing as of ', NULL, NULL, NULL, NULL, NULL, NULL, NULL, NULL, NULL),
(457, 457, '2021-02-02', 10, '0', '0', 'Serviceable; Existing as of ', NULL, NULL, NULL, NULL, NULL, NULL, NULL, NULL, NULL),
(458, 458, '2021-02-02', 4, '0', '0', 'Serviceable; Existing as of ', NULL, NULL, NULL, NULL, NULL, NULL, NULL, NULL, NULL),
(459, 459, '2021-02-02', 10, '0', '0', 'Serviceable; Existing as of ', NULL, NULL, NULL, NULL, NULL, NULL, NULL, NULL, NULL),
(460, 460, '2021-02-02', 4, '0', '0', 'Serviceable; Existing as of ', NULL, NULL, NULL, NULL, NULL, NULL, NULL, NULL, NULL),
(461, 461, '2021-02-02', 28, '0', '0', 'Serviceable; Existing as of ', NULL, NULL, NULL, NULL, NULL, NULL, NULL, NULL, NULL),
(462, 462, '2021-02-02', 2, '0', '0', 'Serviceable; Existing as of ', NULL, NULL, NULL, NULL, NULL, NULL, NULL, NULL, NULL),
(463, 463, '2021-02-02', 2, '0', '0', 'Serviceable; Existing as of ', NULL, NULL, NULL, NULL, NULL, NULL, NULL, NULL, NULL),
(464, 464, '2021-02-02', 2, '0', '0', 'Serviceable; Existing as of ', NULL, NULL, NULL, NULL, NULL, NULL, NULL, NULL, NULL),
(465, 465, '2021-02-02', 1, '0', '0', 'Serviceable; Existing as of ', NULL, NULL, NULL, NULL, NULL, NULL, NULL, NULL, NULL),
(466, 466, '2021-02-02', 9, '0', '0', 'Serviceable; Existing as of ', NULL, NULL, NULL, NULL, NULL, NULL, NULL, NULL, NULL),
(467, 467, '2021-02-02', 1, '0', '0', 'Serviceable; Existing as of ', NULL, NULL, NULL, NULL, NULL, NULL, NULL, NULL, NULL),
(468, 468, '2021-02-02', 5, '0', '0', 'Serviceable; Existing as of ', NULL, NULL, NULL, NULL, NULL, NULL, NULL, NULL, NULL),
(469, 469, '2021-02-02', 40, '0', '0', 'Serviceable; Existing as of ', NULL, NULL, NULL, NULL, NULL, NULL, NULL, NULL, NULL),
(470, 470, '2021-02-02', 40, '0', '0', 'Serviceable; Existing as of ', NULL, NULL, NULL, NULL, NULL, NULL, NULL, NULL, NULL),
(471, 471, '2021-02-02', 40, '0', '0', 'Serviceable; Existing as of ', NULL, NULL, NULL, NULL, NULL, NULL, NULL, NULL, NULL),
(472, 472, '2021-02-02', 40, '0', '0', 'Serviceable; Existing as of ', NULL, NULL, NULL, NULL, NULL, NULL, NULL, NULL, NULL),
(473, 473, '2021-02-02', 1, '0', '0', 'Serviceable; Existing as of ', NULL, NULL, NULL, NULL, NULL, NULL, NULL, NULL, NULL),
(474, 474, '2021-02-02', 1, '0', '0', 'Serviceable; Existing as of ', NULL, NULL, NULL, NULL, NULL, NULL, NULL, NULL, NULL),
(475, 475, '2021-02-02', 1, '0', '0', 'Serviceable; Existing as of ', NULL, NULL, NULL, NULL, NULL, NULL, NULL, NULL, NULL),
(476, 476, '2021-02-02', 1, '0', '0', 'Serviceable; Existing as of ', NULL, NULL, NULL, NULL, NULL, NULL, NULL, NULL, NULL),
(477, 477, '2021-02-02', 1, '0', '0', 'Serviceable; Existing as of ', NULL, NULL, NULL, NULL, NULL, NULL, NULL, NULL, NULL),
(478, 478, '2021-02-02', 1, '0', '0', 'Serviceable; Existing as of ', NULL, NULL, NULL, NULL, NULL, NULL, NULL, NULL, NULL),
(479, 479, '2021-02-02', 1, '0', '0', 'Serviceable; Existing as of ', NULL, NULL, NULL, NULL, NULL, NULL, NULL, NULL, NULL),
(480, 480, '2021-02-02', 1, '0', '0', 'Serviceable; Existing as of ', NULL, NULL, NULL, NULL, NULL, NULL, NULL, NULL, NULL),
(481, 481, '2021-02-02', 12, '0', '0', 'Serviceable; Existing as of ', NULL, NULL, NULL, NULL, NULL, NULL, NULL, NULL, NULL),
(482, 482, '2021-02-02', 46, '0', '0', 'Serviceable; Existing as of ', NULL, NULL, NULL, NULL, NULL, NULL, NULL, NULL, NULL),
(483, 483, '2021-02-02', 4, '0', '0', 'Serviceable; Existing as of ', NULL, NULL, NULL, NULL, NULL, NULL, NULL, NULL, NULL),
(484, 484, '2021-02-02', 2, '0', '0', 'Serviceable; Existing as of ', NULL, NULL, NULL, NULL, NULL, NULL, NULL, NULL, NULL),
(485, 485, '2021-02-02', 10, '0', '0', 'Serviceable; Existing as of ', NULL, NULL, NULL, NULL, NULL, NULL, NULL, NULL, NULL),
(486, 486, '2021-02-02', 5, '0', '0', 'Serviceable; Existing as of ', NULL, NULL, NULL, NULL, NULL, NULL, NULL, NULL, NULL),
(493, 493, NULL, 1, NULL, NULL, NULL, NULL, NULL, NULL, NULL, NULL, NULL, NULL, NULL, NULL),
(494, 494, NULL, 1, NULL, NULL, NULL, NULL, NULL, NULL, NULL, NULL, NULL, NULL, NULL, NULL),
(495, 495, NULL, 1, NULL, NULL, NULL, NULL, NULL, NULL, NULL, NULL, NULL, NULL, NULL, NULL),
(496, 496, NULL, 1, NULL, NULL, NULL, NULL, NULL, NULL, NULL, NULL, NULL, NULL, NULL, NULL),
(497, 497, NULL, 1, NULL, NULL, NULL, NULL, NULL, NULL, NULL, NULL, NULL, NULL, NULL, NULL),
(498, 498, NULL, 1, NULL, NULL, NULL, NULL, NULL, NULL, NULL, NULL, NULL, NULL, NULL, NULL),
(499, 499, NULL, 1, NULL, NULL, NULL, NULL, NULL, NULL, NULL, NULL, NULL, NULL, NULL, NULL),
(500, 500, NULL, 1, NULL, NULL, NULL, NULL, NULL, NULL, NULL, NULL, NULL, NULL, NULL, NULL),
(501, 501, NULL, 3, NULL, NULL, NULL, NULL, NULL, NULL, NULL, NULL, NULL, NULL, NULL, NULL),
(502, 502, NULL, 4, NULL, NULL, NULL, NULL, NULL, NULL, NULL, NULL, NULL, NULL, NULL, NULL),
(503, 503, NULL, 1, NULL, NULL, NULL, NULL, NULL, NULL, NULL, NULL, NULL, NULL, NULL, NULL),
(504, 504, NULL, 1, NULL, NULL, NULL, NULL, NULL, NULL, NULL, NULL, NULL, NULL, NULL, NULL),
(505, 505, NULL, 4, NULL, NULL, NULL, NULL, NULL, NULL, NULL, NULL, NULL, NULL, NULL, NULL),
(506, 506, NULL, 1, NULL, NULL, NULL, NULL, NULL, NULL, NULL, NULL, NULL, NULL, NULL, NULL),
(507, 507, NULL, 1, NULL, NULL, NULL, NULL, NULL, NULL, NULL, NULL, NULL, NULL, NULL, NULL),
(508, 508, NULL, NULL, NULL, NULL, NULL, NULL, NULL, NULL, NULL, NULL, NULL, NULL, NULL, NULL),
(509, 509, NULL, NULL, NULL, NULL, NULL, NULL, NULL, NULL, NULL, NULL, NULL, NULL, NULL, NULL),
(510, 510, NULL, 1, NULL, NULL, NULL, NULL, NULL, NULL, NULL, NULL, NULL, NULL, NULL, NULL),
(511, 511, NULL, 1, NULL, NULL, NULL, NULL, NULL, NULL, NULL, NULL, NULL, NULL, NULL, NULL),
(512, 512, NULL, 1, NULL, NULL, NULL, NULL, NULL, NULL, NULL, NULL, NULL, NULL, NULL, NULL),
(513, 513, NULL, 1, NULL, NULL, NULL, NULL, NULL, NULL, NULL, NULL, NULL, NULL, NULL, NULL),
(514, 514, NULL, 1, NULL, NULL, NULL, NULL, NULL, NULL, NULL, NULL, NULL, NULL, NULL, NULL),
(515, 515, NULL, 1, NULL, NULL, NULL, NULL, NULL, NULL, NULL, NULL, NULL, NULL, NULL, NULL),
(516, 516, NULL, 1, NULL, NULL, NULL, NULL, NULL, NULL, NULL, NULL, NULL, NULL, NULL, NULL),
(517, 517, NULL, NULL, NULL, NULL, NULL, NULL, NULL, NULL, NULL, NULL, NULL, NULL, NULL, NULL),
(518, 518, NULL, NULL, NULL, NULL, NULL, NULL, NULL, NULL, NULL, NULL, NULL, NULL, NULL, NULL),
(519, 519, NULL, NULL, NULL, NULL, NULL, NULL, NULL, NULL, NULL, NULL, NULL, NULL, NULL, NULL),
(520, 520, NULL, NULL, NULL, NULL, NULL, NULL, NULL, NULL, NULL, NULL, NULL, NULL, NULL, NULL),
(521, 521, NULL, NULL, NULL, NULL, NULL, NULL, NULL, NULL, NULL, NULL, NULL, NULL, NULL, NULL),
(522, 522, NULL, 1, NULL, NULL, NULL, NULL, NULL, NULL, NULL, NULL, NULL, NULL, NULL, NULL),
(523, 523, NULL, 1, NULL, NULL, NULL, NULL, NULL, NULL, NULL, NULL, NULL, NULL, NULL, NULL),
(524, 524, NULL, 1, NULL, NULL, NULL, NULL, NULL, NULL, NULL, NULL, NULL, NULL, NULL, NULL),
(525, 525, NULL, NULL, NULL, NULL, NULL, NULL, NULL, NULL, NULL, NULL, NULL, NULL, NULL, NULL),
(526, 526, NULL, NULL, NULL, NULL, NULL, NULL, NULL, NULL, NULL, NULL, NULL, NULL, NULL, NULL),
(527, 527, NULL, 1, NULL, NULL, NULL, NULL, NULL, NULL, NULL, NULL, NULL, NULL, NULL, NULL),
(528, 528, NULL, 1, NULL, NULL, NULL, NULL, NULL, NULL, NULL, NULL, NULL, NULL, NULL, NULL),
(529, 529, NULL, NULL, NULL, NULL, NULL, NULL, NULL, NULL, NULL, NULL, NULL, NULL, NULL, NULL),
(530, 530, NULL, 10, NULL, NULL, NULL, NULL, NULL, NULL, NULL, NULL, NULL, NULL, NULL, NULL),
(531, 531, NULL, 1, NULL, NULL, NULL, NULL, NULL, NULL, NULL, NULL, NULL, NULL, NULL, NULL),
(532, 532, NULL, 1, NULL, NULL, NULL, NULL, NULL, NULL, NULL, NULL, NULL, NULL, NULL, NULL),
(533, 533, NULL, 7, NULL, NULL, NULL, NULL, NULL, NULL, NULL, NULL, NULL, NULL, NULL, NULL),
(534, 534, NULL, 2, NULL, NULL, NULL, NULL, NULL, NULL, NULL, NULL, NULL, NULL, NULL, NULL),
(535, 535, NULL, 3, NULL, NULL, NULL, NULL, NULL, NULL, NULL, NULL, NULL, NULL, NULL, NULL),
(536, 536, NULL, 1, NULL, NULL, NULL, NULL, NULL, NULL, NULL, NULL, NULL, NULL, NULL, NULL),
(537, 537, NULL, 1, NULL, NULL, NULL, NULL, NULL, NULL, NULL, NULL, NULL, NULL, NULL, NULL),
(538, 538, NULL, 1, NULL, NULL, NULL, NULL, NULL, NULL, NULL, NULL, NULL, NULL, NULL, NULL),
(539, 539, NULL, 1, NULL, NULL, NULL, NULL, NULL, NULL, NULL, NULL, NULL, NULL, NULL, NULL),
(540, 540, NULL, 1, NULL, NULL, NULL, NULL, NULL, NULL, NULL, NULL, NULL, NULL, NULL, NULL),
(541, 541, NULL, 1, NULL, NULL, NULL, NULL, NULL, NULL, NULL, NULL, NULL, NULL, NULL, NULL),
(542, 542, NULL, 1, NULL, NULL, NULL, NULL, NULL, NULL, NULL, NULL, NULL, NULL, NULL, NULL),
(543, 543, NULL, 1, NULL, NULL, NULL, NULL, NULL, NULL, NULL, NULL, NULL, NULL, NULL, NULL),
(544, 544, NULL, 1, NULL, NULL, NULL, NULL, NULL, NULL, NULL, NULL, NULL, NULL, NULL, NULL),
(545, 545, NULL, 40, NULL, NULL, NULL, NULL, NULL, NULL, NULL, NULL, NULL, NULL, NULL, NULL),
(546, 546, NULL, 22, NULL, NULL, NULL, NULL, NULL, NULL, NULL, NULL, NULL, NULL, NULL, NULL),
(547, 547, NULL, NULL, NULL, NULL, NULL, NULL, NULL, NULL, NULL, NULL, NULL, NULL, NULL, NULL),
(548, 548, NULL, NULL, NULL, NULL, NULL, NULL, NULL, NULL, NULL, NULL, NULL, NULL, NULL, NULL),
(549, 549, NULL, NULL, NULL, NULL, NULL, NULL, NULL, NULL, NULL, NULL, NULL, NULL, NULL, NULL),
(550, 550, NULL, NULL, NULL, NULL, NULL, NULL, NULL, NULL, NULL, NULL, NULL, NULL, NULL, NULL),
(551, 551, NULL, 3, NULL, NULL, NULL, NULL, NULL, NULL, NULL, NULL, NULL, NULL, NULL, NULL),
(552, 552, NULL, 1, NULL, NULL, NULL, NULL, NULL, NULL, NULL, NULL, NULL, NULL, NULL, NULL),
(553, 553, NULL, 1, NULL, NULL, NULL, NULL, NULL, NULL, NULL, NULL, NULL, NULL, NULL, NULL),
(554, 554, NULL, 1, NULL, NULL, NULL, NULL, NULL, NULL, NULL, NULL, NULL, NULL, NULL, NULL),
(555, 555, NULL, 1, NULL, NULL, NULL, NULL, NULL, NULL, NULL, NULL, NULL, NULL, NULL, NULL),
(556, 556, NULL, 1, NULL, NULL, NULL, NULL, NULL, NULL, NULL, NULL, NULL, NULL, NULL, NULL),
(557, 557, NULL, 1, NULL, NULL, NULL, NULL, NULL, NULL, NULL, NULL, NULL, NULL, NULL, NULL),
(558, 558, NULL, 1, NULL, NULL, NULL, NULL, NULL, NULL, NULL, NULL, NULL, NULL, NULL, NULL),
(559, 559, NULL, 1, NULL, NULL, NULL, NULL, NULL, NULL, NULL, NULL, NULL, NULL, NULL, NULL),
(560, 560, NULL, 1, NULL, NULL, NULL, NULL, NULL, NULL, NULL, NULL, NULL, NULL, NULL, NULL),
(561, 561, NULL, 1, NULL, NULL, NULL, NULL, NULL, NULL, NULL, NULL, NULL, NULL, NULL, NULL),
(562, 562, NULL, 1, NULL, NULL, NULL, NULL, NULL, NULL, NULL, NULL, NULL, NULL, NULL, NULL),
(563, 563, NULL, 1, NULL, NULL, NULL, NULL, NULL, NULL, NULL, NULL, NULL, NULL, NULL, NULL),
(564, 564, NULL, 1, NULL, NULL, NULL, NULL, NULL, NULL, NULL, NULL, NULL, NULL, NULL, NULL),
(565, 565, NULL, 1, NULL, NULL, NULL, NULL, NULL, NULL, NULL, NULL, NULL, NULL, NULL, NULL),
(566, 566, NULL, 1, NULL, NULL, NULL, NULL, NULL, NULL, NULL, NULL, NULL, NULL, NULL, NULL),
(567, 567, NULL, 1, NULL, NULL, NULL, NULL, NULL, NULL, NULL, NULL, NULL, NULL, NULL, NULL),
(568, 568, NULL, 1, NULL, NULL, NULL, NULL, NULL, NULL, NULL, NULL, NULL, NULL, NULL, NULL),
(569, 569, NULL, 1, NULL, NULL, NULL, NULL, NULL, NULL, NULL, NULL, NULL, NULL, NULL, NULL),
(570, 570, NULL, 1, NULL, NULL, NULL, NULL, NULL, NULL, NULL, NULL, NULL, NULL, NULL, NULL),
(571, 571, NULL, 1, NULL, NULL, NULL, NULL, NULL, NULL, NULL, NULL, NULL, NULL, NULL, NULL),
(572, 572, NULL, 1, NULL, NULL, NULL, NULL, NULL, NULL, NULL, NULL, NULL, NULL, NULL, NULL),
(573, 573, NULL, 1, NULL, NULL, NULL, NULL, NULL, NULL, NULL, NULL, NULL, NULL, NULL, NULL),
(574, 574, NULL, 1, NULL, NULL, NULL, NULL, NULL, NULL, NULL, NULL, NULL, NULL, NULL, NULL),
(575, 575, NULL, 1, NULL, NULL, NULL, NULL, NULL, NULL, NULL, NULL, NULL, NULL, NULL, NULL),
(576, 576, NULL, 1, NULL, NULL, NULL, NULL, NULL, NULL, NULL, NULL, NULL, NULL, NULL, NULL),
(577, 577, NULL, 1, NULL, NULL, NULL, NULL, NULL, NULL, NULL, NULL, NULL, NULL, NULL, NULL),
(578, 578, NULL, 1, NULL, NULL, NULL, NULL, NULL, NULL, NULL, NULL, NULL, NULL, NULL, NULL),
(579, 579, NULL, 1, NULL, NULL, NULL, NULL, NULL, NULL, NULL, NULL, NULL, NULL, NULL, NULL),
(580, 580, NULL, 1, NULL, NULL, NULL, NULL, NULL, NULL, NULL, NULL, NULL, NULL, NULL, NULL),
(581, 581, NULL, NULL, NULL, NULL, NULL, NULL, NULL, NULL, NULL, NULL, NULL, NULL, NULL, NULL),
(582, 582, NULL, NULL, NULL, NULL, NULL, NULL, NULL, NULL, NULL, NULL, NULL, NULL, NULL, NULL),
(583, 583, NULL, 1, NULL, NULL, NULL, NULL, NULL, NULL, NULL, NULL, NULL, NULL, NULL, NULL),
(584, 584, NULL, 1, NULL, NULL, NULL, NULL, NULL, NULL, NULL, NULL, NULL, NULL, NULL, NULL),
(585, 585, NULL, 1, NULL, NULL, NULL, NULL, NULL, NULL, NULL, NULL, NULL, NULL, NULL, NULL),
(586, 586, NULL, 1, NULL, NULL, NULL, NULL, NULL, NULL, NULL, NULL, NULL, NULL, NULL, NULL),
(587, 587, NULL, 1, NULL, NULL, NULL, NULL, NULL, NULL, NULL, NULL, NULL, NULL, NULL, NULL),
(588, 588, NULL, 7, NULL, NULL, NULL, NULL, NULL, NULL, NULL, NULL, NULL, NULL, NULL, NULL),
(589, 589, NULL, 2, NULL, NULL, NULL, NULL, NULL, NULL, NULL, NULL, NULL, NULL, NULL, NULL),
(590, 590, NULL, 1, NULL, NULL, NULL, NULL, NULL, NULL, NULL, NULL, NULL, NULL, NULL, NULL),
(591, 591, NULL, 2, NULL, NULL, NULL, NULL, NULL, NULL, NULL, NULL, NULL, NULL, NULL, NULL),
(592, 592, NULL, 2, NULL, NULL, NULL, NULL, NULL, NULL, NULL, NULL, NULL, NULL, NULL, NULL),
(593, 593, NULL, 0, '1', '62,345.00', NULL, NULL, NULL, NULL, NULL, NULL, NULL, NULL, NULL, NULL),
(594, 594, NULL, 0, '1', '62,345.00', NULL, NULL, NULL, NULL, NULL, NULL, NULL, NULL, NULL, NULL),
(595, 595, NULL, 0, '1', '62,345.00', NULL, NULL, NULL, NULL, NULL, NULL, NULL, NULL, NULL, NULL),
(596, 596, NULL, 0, '0', '0.00', NULL, NULL, NULL, NULL, NULL, NULL, NULL, NULL, NULL, NULL),
(597, 597, NULL, 1, '0', '0.00', NULL, NULL, NULL, NULL, NULL, NULL, NULL, NULL, NULL, NULL),
(598, 598, '2024-03-04', 0, '0', '0.00', '', '', '', '0000-00-00', NULL, '', '', '', '', ''),
(599, 599, '2024-03-04', 0, '0', '0.00', '', '', '', '0000-00-00', NULL, '', '', '', '', ''),
(600, 600, '2024-03-04', 0, '0', '0.00', '', '', '', '0000-00-00', NULL, '', '', '', '', ''),
(601, 601, '2024-03-04', 0, '0', '0.00', '', '', '', '0000-00-00', NULL, '', '', '', '', ''),
(602, 602, '2024-03-04', 0, '0', '0.00', '', '', '', '0000-00-00', NULL, '', '', '', '', ''),
(603, 603, '2024-03-04', 0, '0', '0.00', '', '', '', '0000-00-00', NULL, '', '', '', '', ''),
(604, 604, '2024-03-04', 0, '0', '0.00', '', '', '', '0000-00-00', NULL, '', '', '', '', ''),
(605, 605, '2024-03-04', 0, '0', '0.00', '', '', '', '0000-00-00', NULL, '', '', '', '', ''),
(606, 606, '2024-03-04', 1, '0', '0.00', '', 'Ijay', '', '0000-00-00', NULL, '', '', '', '', ''),
(607, 607, '2024-03-04', 0, '0', '0.00', '', '', '', '0000-00-00', NULL, '', '', '', '', ''),
(608, 608, '2024-03-04', 0, '0', '0.00', '', '', '', '0000-00-00', NULL, '', '', '', '', ''),
(609, 609, '2024-03-04', 0, '0', '0.00', '', '', '', '0000-00-00', NULL, '', '', '', '', ''),
(610, 610, '2024-03-05', 0, '0', '0.00', '', '', '', '0000-00-00', NULL, '', '', '', '', ''),
(611, 611, '2024-03-05', 0, '0', '0.00', '', '', '', '0000-00-00', NULL, '', '', '', '', ''),
(612, 612, '2024-03-05', 0, '0', '0.00', '', '', '', '0000-00-00', NULL, '', '', '', '', ''),
(613, 613, '2024-03-05', 0, '0', '0.00', '', '', '', '0000-00-00', NULL, '', '', '', '', ''),
(614, 614, '2024-03-05', 0, '0', '0.00', '', '', '', '0000-00-00', NULL, '', '', '', '', ''),
(615, 615, '2024-03-05', 1, '0', '0.00', '', '', '', '0000-00-00', NULL, '', '', '', '', ''),
(616, 616, '2024-03-05', 0, '', '', '', '', '', '0000-00-00', NULL, '', '', '', '', '');

-- --------------------------------------------------------

--
-- Table structure for table `are_properties`
--

CREATE TABLE `are_properties` (
  `AREid` int(255) NOT NULL,
  `propertyID` int(255) NOT NULL,
  `ARE_ICS_id` int(255) NOT NULL,
  `AREno` varchar(255) DEFAULT NULL
) ENGINE=InnoDB DEFAULT CHARSET=utf8mb4 COLLATE=utf8mb4_general_ci;

--
-- Dumping data for table `are_properties`
--

INSERT INTO `are_properties` (`AREid`, `propertyID`, `ARE_ICS_id`, `AREno`) VALUES
(1, 1, 1, '4411-21-07-541'),
(2, 2, 2, '1011-21-02-542'),
(3, 3, 3, '1011-21-02-543'),
(4, 4, 4, '1011-21-05-544'),
(5, 5, 5, '1011-21-05-545'),
(6, 6, 6, '1011-21-05-546'),
(7, 7, 7, '1011-21-05-547'),
(8, 8, 8, '1011-21-05-548'),
(9, 9, 9, '1011-21-05-549'),
(10, 10, 10, '1011-21-05-550'),
(11, 11, 11, '1011-21-05-551'),
(12, 12, 12, '1011-21-05-552'),
(13, 13, 13, '1011-21-05-553'),
(14, 14, 14, '1011-21-05-554'),
(15, 15, 15, '1011-21-05-555'),
(16, 16, 16, '1011-21-05-556'),
(17, 17, 17, '1011-21-05-557'),
(18, 18, 18, '1011-21-05-558'),
(19, 19, 19, '1011-21-05-559'),
(20, 20, 20, '1011-21-05-560'),
(21, 21, 21, '1011-21-05-561'),
(22, 22, 22, '1011-21-05-562'),
(23, 23, 23, '1011-21-05-563'),
(24, 24, 24, '1011-21-05-564'),
(25, 25, 25, '1011-21-05-565'),
(26, 26, 26, '1011-21-05-566'),
(27, 27, 27, '1011-21-05-567'),
(28, 28, 28, '1011-21-05-568'),
(29, 29, 29, '1011-21-05-569'),
(30, 30, 30, '1011-21-05-570'),
(31, 31, 31, '1011-21-05-571'),
(32, 32, 32, '1011-21-05-572'),
(33, 33, 33, '1011-21-05-573'),
(34, 34, 34, '1011-21-05-574'),
(35, 35, 35, '1011-21-05-575'),
(36, 36, 36, '1011-21-05-576'),
(37, 37, 37, '1011-21-05-577'),
(38, 38, 38, '1011-21-05-578'),
(39, 39, 39, '1011-21-05-579'),
(40, 40, 40, '1011-21-05-580'),
(41, 41, 41, '1011-21-05-581'),
(42, 42, 42, '1011-21-05-582'),
(43, 43, 43, '1011-21-05-583'),
(44, 44, 44, '1011-21-05-584'),
(45, 45, 45, '1011-21-05-585'),
(46, 46, 46, '1011-21-05-586'),
(47, 47, 47, '1011-21-05-587'),
(48, 48, 48, '1011-21-05-588'),
(49, 49, 49, '1011-21-05-589'),
(50, 50, 50, '1011-21-05-590'),
(51, 51, 51, '1011-21-05-591'),
(52, 52, 52, '1011-21-05-592'),
(53, 53, 53, '1011-21-05-593'),
(54, 54, 54, '1011-21-05-594'),
(55, 55, 55, '1011-21-05-595'),
(56, 56, 56, '1011-21-05-596'),
(57, 57, 57, '1011-21-05-597'),
(58, 58, 58, '1011-21-05-598'),
(59, 59, 59, '1011-21-05-599'),
(60, 60, 60, '1011-21-05-600'),
(61, 61, 61, '1011-21-05-601'),
(62, 62, 62, '1011-21-05-602'),
(63, 63, 63, '1011-21-05-603'),
(64, 64, 64, '1011-21-05-604'),
(65, 65, 65, '1011-21-05-605'),
(66, 66, 66, '1011-21-05-606'),
(67, 67, 67, '1011-21-05-607'),
(68, 68, 68, '1011-21-05-608'),
(69, 69, 69, '1011-21-05-609'),
(70, 70, 70, '1011-21-05-610'),
(71, 71, 71, '1011-21-05-611'),
(72, 72, 72, '1011-21-05-612'),
(73, 73, 73, '1011-21-05-613'),
(74, 74, 74, '1011-21-05-614'),
(75, 75, 75, '1011-21-05-615'),
(76, 76, 76, '1011-21-05-616'),
(77, 77, 77, '1011-21-05-617'),
(78, 78, 78, '1011-21-05-618'),
(79, 79, 79, '1011-21-05-619'),
(80, 80, 80, '1011-21-05-620'),
(81, 81, 81, '1011-21-05-621'),
(82, 82, 82, '1011-21-05-622'),
(83, 83, 83, '1011-21-05-623'),
(84, 84, 84, '1011-21-05-624'),
(85, 85, 85, '1011-21-05-625'),
(86, 86, 86, '1011-21-05-626'),
(87, 87, 87, '1011-21-05-627'),
(88, 88, 88, '1011-21-05-628'),
(89, 89, 89, '1011-21-05-629'),
(90, 90, 90, '1011-21-05-630'),
(91, 91, 91, '1011-21-05-631'),
(92, 92, 92, '1011-21-05-632'),
(93, 93, 93, '1011-21-05-633'),
(94, 94, 94, '1011-21-05-634'),
(95, 95, 95, '1011-21-05-635'),
(96, 96, 96, '1011-21-05-636'),
(97, 97, 97, '1011-21-05-637'),
(98, 98, 98, '1011-21-05-638'),
(99, 99, 99, '1011-21-05-639'),
(100, 100, 100, '1011-21-05-640'),
(101, 101, 101, '1011-21-05-641'),
(102, 102, 102, '1011-21-05-642'),
(103, 103, 103, '1011-21-05-643'),
(104, 104, 104, '1011-21-05-644'),
(105, 105, 105, '3311-05-05-645'),
(106, 106, 106, '3311-05-05-645'),
(107, 107, 107, '3311-05-05-645'),
(108, 108, 108, '3311-05-05-645'),
(109, 109, 109, '3311-05-05-645'),
(110, 110, 110, '3311-05-05-645'),
(111, 111, 111, '3311-05-05-645'),
(112, 112, 112, '3311-05-05-645'),
(113, 113, 113, '3311-05-05-645'),
(114, 114, 114, '3311-05-05-645'),
(115, 115, 115, '3311-05-05-646'),
(116, 116, 116, '3311-04-05-647'),
(117, 117, 117, '3311-04-05-647'),
(118, 118, 118, '3311-04-05-647'),
(119, 119, 119, '3311-04-05-647'),
(120, 120, 120, '3311-04-05-647'),
(121, 121, 121, '3311-03-05-648'),
(122, 122, 122, '3311-03-05-648'),
(123, 123, 123, '3311-03-05-648'),
(124, 124, 124, '3311-02-02-649'),
(125, 125, 125, '3311-02-02-649'),
(126, 126, 126, '3311-02-02-650'),
(127, 127, 127, '3311-02-02-650'),
(128, 128, 128, '3311-02-02-650'),
(129, 129, 129, '3311-02-02-650'),
(130, 130, 130, '3311-01-08-651'),
(131, 131, 131, '3311-01-08-651'),
(132, 132, 132, '3311-01-08-651'),
(133, 133, 133, '3311-01-08-651'),
(134, 134, 134, '3311-01-08-651'),
(135, 135, 135, '3311-01-08-651'),
(136, 136, 136, '3311-01-08-651'),
(137, 137, 137, '3311-01-08-651'),
(138, 138, 138, '3311-01-08-651'),
(139, 139, 139, '3311-02-01-652'),
(140, 140, 140, '3311-02-01-653'),
(141, 141, 141, '3311-01-12-654'),
(142, 142, 142, '3311-01-12-654'),
(143, 143, 143, '3311-01-12-654'),
(144, 144, 144, '3311-01-12-654'),
(145, 145, 145, '3311-02-07-655'),
(146, 146, 146, '3311-02-07-655'),
(147, 147, 147, '3311-03-09-656'),
(148, 148, 148, '3311-03-09-656'),
(149, 149, 149, '3311-03-05-657'),
(150, 150, 150, '3311-03-05-657'),
(151, 151, 151, '3311-03-05-657'),
(152, 152, 152, '3311-03-05-657'),
(153, 153, 153, '3311-02-04-658'),
(154, 154, 154, '3311-02-04-658'),
(155, 155, 155, '3311-02-04-658'),
(156, 156, 156, '3311-02-04-658'),
(157, 157, 157, '3311-02-04-658'),
(158, 158, 158, '3311-02-04-658'),
(159, 159, 159, '3311-02-04-658'),
(160, 160, 160, '3311-02-04-658'),
(161, 161, 161, '3311-02-04-658'),
(162, 162, 162, '3311-02-04-658'),
(163, 163, 163, '3311-02-04-658'),
(164, 164, 164, '3311-02-04-658'),
(165, 165, 165, '3311-02-04-658'),
(166, 166, 166, '3311-02-04-658'),
(167, 167, 167, '3311-02-04-658'),
(168, 168, 168, '3311-02-04-658'),
(169, 169, 169, '3311-02-04-658'),
(170, 170, 170, '3311-02-04-658'),
(171, 171, 171, '3311-02-03-659'),
(172, 172, 172, '3311-02-03-659'),
(173, 173, 173, '3311-02-03-659'),
(174, 174, 174, '3311-02-03-659'),
(175, 175, 175, '3311-02-03-659'),
(176, 176, 176, '3311-02-03-659'),
(177, 177, 177, '3311-02-03-659'),
(178, 178, 178, '3311-02-03-659'),
(179, 179, 179, '3311-02-03-659'),
(180, 180, 180, '3311-02-03-659'),
(181, 181, 181, '3311-02-06-660'),
(182, 182, 182, '3311-02-06-660'),
(183, 183, 183, '3311-02-06-661'),
(184, 184, 184, '3311-01-08-662'),
(185, 185, 185, '1011-21-07-663'),
(186, 186, 186, '1011-21-07-664'),
(187, 187, 187, '1011-21-07-665'),
(188, 188, 188, '1011-21-07-666'),
(189, 189, 189, '1011-21-07-667'),
(190, 190, 190, '1011-21-07-668'),
(191, 191, 191, '1011-21-07-669'),
(192, 192, 192, '1011-21-07-670'),
(193, 193, 193, '1011-21-07-671'),
(194, 194, 194, NULL),
(195, 195, 195, NULL),
(196, 196, 196, NULL),
(197, 197, 197, NULL),
(198, 198, 198, NULL),
(199, 199, 199, NULL),
(200, 200, 200, NULL),
(201, 201, 201, NULL),
(202, 202, 202, NULL),
(203, 203, 203, NULL),
(204, 204, 204, NULL),
(205, 205, 205, NULL),
(206, 206, 206, NULL),
(207, 207, 207, NULL),
(208, 208, 208, NULL),
(209, 209, 209, NULL),
(210, 210, 210, NULL),
(211, 211, 211, NULL),
(212, 212, 212, NULL),
(213, 213, 213, NULL),
(214, 214, 214, NULL),
(215, 215, 215, NULL),
(216, 216, 216, NULL),
(217, 217, 217, NULL),
(218, 218, 218, NULL),
(219, 219, 219, NULL),
(220, 220, 220, NULL),
(221, 221, 221, NULL),
(222, 222, 222, NULL),
(223, 223, 223, NULL),
(224, 224, 224, NULL),
(225, 225, 225, NULL),
(226, 226, 226, NULL),
(227, 227, 227, NULL),
(228, 228, 228, NULL),
(229, 229, 229, NULL),
(230, 230, 230, NULL),
(231, 231, 231, NULL),
(232, 232, 232, NULL),
(233, 233, 233, NULL),
(234, 234, 234, NULL),
(235, 235, 235, NULL),
(236, 236, 236, NULL),
(237, 237, 237, NULL),
(238, 238, 238, NULL),
(239, 239, 239, NULL),
(240, 240, 240, NULL),
(241, 241, 241, NULL),
(242, 242, 242, NULL),
(243, 243, 243, NULL),
(244, 244, 244, NULL),
(245, 245, 245, NULL),
(246, 246, 246, NULL),
(247, 247, 247, NULL),
(248, 248, 248, NULL),
(249, 249, 249, NULL),
(250, 250, 250, NULL),
(251, 251, 251, NULL),
(252, 252, 252, NULL),
(253, 253, 253, NULL),
(254, 254, 254, NULL),
(255, 255, 255, NULL),
(256, 256, 256, NULL),
(257, 257, 257, NULL),
(258, 258, 258, NULL),
(259, 259, 259, NULL),
(260, 260, 260, NULL),
(261, 261, 261, NULL),
(262, 262, 262, NULL),
(263, 263, 263, NULL),
(264, 264, 264, NULL),
(265, 265, 265, NULL),
(266, 266, 266, NULL),
(267, 267, 267, NULL),
(268, 268, 268, NULL),
(269, 269, 269, NULL),
(270, 270, 270, NULL),
(271, 271, 271, NULL),
(272, 272, 272, NULL),
(273, 273, 273, NULL),
(274, 274, 274, NULL),
(275, 275, 275, NULL),
(276, 276, 276, NULL),
(277, 277, 277, NULL),
(278, 278, 278, NULL),
(279, 279, 279, NULL),
(280, 280, 280, NULL),
(281, 281, 281, NULL),
(282, 282, 282, NULL),
(283, 283, 283, NULL),
(284, 284, 284, NULL),
(285, 285, 285, NULL),
(286, 286, 286, NULL),
(287, 287, 287, NULL),
(288, 288, 288, NULL),
(289, 289, 289, NULL),
(290, 290, 290, NULL),
(291, 291, 291, NULL),
(292, 292, 292, NULL),
(293, 293, 293, NULL),
(294, 593, 593, ''),
(295, 594, 594, ''),
(296, 595, 595, ''),
(297, 596, 596, ''),
(298, 597, 597, '1111-11-11'),
(299, 598, 598, ''),
(300, 599, 599, ''),
(301, 600, 600, ''),
(302, 601, 601, ''),
(303, 602, 602, '123'),
(304, 603, 603, '6234'),
(305, 604, 604, ''),
(306, 605, 605, 'Array'),
(307, 606, 606, 'Array'),
(308, 607, 607, 'Array'),
(309, 608, 608, 'Array'),
(310, 609, 609, 'Array'),
(311, 610, 610, 'Array'),
(312, 611, 611, 'Array'),
(313, 612, 612, 'Array'),
(314, 613, 613, 'Array'),
(315, 614, 614, 'Array'),
(316, 615, 615, 'Array'),
(317, 616, 616, 'Array');

-- --------------------------------------------------------

--
-- Table structure for table `barangay`
--

CREATE TABLE `barangay` (
  `barangayID` int(20) NOT NULL,
  `barangayName` varchar(255) NOT NULL
) ENGINE=InnoDB DEFAULT CHARSET=utf8mb4 COLLATE=utf8mb4_general_ci;

--
-- Dumping data for table `barangay`
--

INSERT INTO `barangay` (`barangayID`, `barangayName`) VALUES
(1, 'AbanaoZanduetaKayongChugumOtek (AZKCO)'),
(2, 'Alfonso Tabora'),
(3, 'Ambiong'),
(4, 'Andres Bonifacio (Lower Bokawkan)'),
(5, 'AndresBonifacioCaguioaRimando (ABCR)'),
(6, 'Asin Road'),
(7, 'Atok Trail'),
(8, 'Aurora Hill Proper'),
(9, 'Bagong Lipunan'),
(10, 'Bakakeng Central'),
(11, 'Bakakeng Norte'),
(12, 'BalMarcoville'),
(13, 'Balsigan'),
(14, 'East Bayan Park'),
(15, 'Bayan Park Village'),
(16, 'BGHCompound'),
(17, 'Brookside'),
(18, 'Brookspoint'),
(19, 'Cabinet Hill-Teacher\'s Camp'),
(20, 'Camdas Subdivision'),
(21, 'Camp7'),
(22, 'Camp8'),
(23, 'Camp Allen'),
(24, 'Campo Filipino'),
(25, 'City Camp Central'),
(26, 'City Camp Proper'),
(27, 'Country Club Village'),
(28, 'Cresencia Village'),
(29, 'Dizon Subdivision'),
(30, 'Dominican Hill Mirador'),
(31, 'Dontogan'),
(32, 'DPSCompound'),
(33, 'East Modern Site'),
(34, 'East Quirino Hill'),
(35, 'Engineers Hill'),
(36, 'Fairview'),
(37, 'Ferdinand'),
(38, 'Fort delPilar'),
(39, 'Gabriela Silang'),
(40, 'GEFA (Lower Q.M.)'),
(41, 'Gibraltar'),
(42, 'Greenwater Village'),
(43, 'Guisad Central'),
(44, 'Guisad Sorong'),
(45, 'Happy Hallow'),
(46, 'Happy Homes-Lucban'),
(47, 'HarrisonClaudio Carantes'),
(48, 'Hillside'),
(49, 'Holy Ghost Extension'),
(50, 'Holy Ghost Proper'),
(51, 'Honeymoon-Holyghost'),
(52, 'Imelda R. Marcos'),
(53, 'Imelda Village'),
(54, 'Irisan'),
(55, 'Kabayanihan'),
(56, 'Kagitingan'),
(57, 'Kayang Extension'),
(58, 'Kayang Hilltop'),
(59, 'Kias'),
(60, 'LegardaBurnham-Kisad'),
(61, 'Loakan Apugan'),
(62, 'Liwanag Loakan'),
(63, 'Loakan Proper'),
(64, 'Lopez Jaena'),
(65, 'Lourdes Subdivision Extension'),
(66, 'Lower Dagsian'),
(67, 'Lower General Luna'),
(68, 'Lower Lourdes Subdivision'),
(69, 'Lower Magsaysay'),
(70, 'Lower Quirino Hill'),
(71, 'Lower Rock Quarry'),
(72, 'Lualhati'),
(73, 'Lucnab'),
(74, 'Magsaysay Private Road'),
(75, 'Malcolm SquarePerfecto'),
(76, 'Manuel Roxas'),
(77, 'Middle Quezon Hill'),
(78, 'Middle Quirino Hill'),
(79, 'Middle Rock Quarry'),
(80, 'Military Cutoff'),
(81, 'Mines View Park'),
(82, 'MRRQueenof Peace'),
(83, 'NewLucban'),
(84, 'North Central Aurora Hill'),
(85, 'North Sanitary Camp'),
(86, 'Outlook Drive'),
(87, 'Pacdal'),
(88, 'Padre Burgos'),
(89, 'Padre Zamora'),
(90, 'PalmaUrbano'),
(91, 'PhilAm'),
(92, 'Pinget'),
(93, 'Pinsao Pilot Project'),
(94, 'Pinsao Proper'),
(95, 'Poliwes'),
(96, 'Proper Lourdes Subdivision'),
(97, 'Pucsusan'),
(98, 'Quezon Hill Proper'),
(99, 'QuirinoMagsaysay(Upper QM)'),
(100, 'Rizal Monument Area'),
(101, 'Saint Joseph Village'),
(102, 'Salud Mitra'),
(103, 'SanAntonio Village'),
(104, 'SanLuis Village'),
(105, 'SanRoque Village'),
(106, 'SanVicente'),
(107, 'Santa Escolastica'),
(108, 'Santo Rosario'),
(109, 'Santo Tomas Proper'),
(110, 'Santo Tomas School Area'),
(111, 'Scout Barrio'),
(112, 'Session Road Area'),
(113, 'Slaughter House Area(Santo Nio Slaugther)'),
(114, 'SLUSVP Housing Village'),
(115, 'South Central Aurora Hill'),
(116, 'South Drive'),
(117, 'South Sanitary Camp'),
(118, 'Teodora Alonzo'),
(119, 'Trancoville'),
(120, 'Upper Dagsian'),
(121, 'Upper General Luna'),
(122, 'Upper Magsaysay'),
(123, 'Upper Market Subdivision'),
(124, 'Upper Quezon Hill'),
(125, 'Upper Rock Quarry'),
(126, 'Victoria Village'),
(127, 'West Bayan Park - Leonilla HIll'),
(128, 'West Modern Site'),
(129, 'West Quirino Hill'),
(130, 'Governor Pack Road'),
(131, 'BCCN'),
(132, 'CATC'),
(133, 'Bakakeng Sur');

-- --------------------------------------------------------

--
-- Table structure for table `cityoffices`
--

CREATE TABLE `cityoffices` (
  `officeID` int(20) NOT NULL,
  `officeName` text NOT NULL,
  `acronym` varchar(255) NOT NULL,
  `officeCodeNumber` varchar(255) NOT NULL
) ENGINE=InnoDB DEFAULT CHARSET=utf8mb4 COLLATE=utf8mb4_general_ci;

--
-- Dumping data for table `cityoffices`
--

INSERT INTO `cityoffices` (`officeID`, `officeName`, `acronym`, `officeCodeNumber`) VALUES
(1, 'City Accounting Office', 'CAO', '1081'),
(2, 'City Administrator\'s Office', 'CADMO', '1031'),
(3, 'City Assessor\'s Office', 'CASSO', '1011'),
(4, 'City Budget Office', 'CBO', '1071'),
(5, 'City Building & Architecture Office', 'CBAO', '1011A'),
(6, 'City Engineering Office', 'CEO', '8751'),
(7, 'City Environment & Parks Management Office', 'CEPMO', '8731'),
(8, 'City Human Resource Management Office', 'CHRMO', '1011B'),
(9, 'City Legal Office', 'CLO', '1122'),
(10, 'City Mayor\'s Office', 'CMO', '1011'),
(11, 'City Mayor\'s Office - CDRRMO', 'CMO - CDRRMO', '1011'),
(12, 'City Mayor\'s Office - MITD', 'CMO - MITD', '1011'),
(13, 'City Social Welfare Development Office', 'CSWDO', '7611'),
(14, 'City Treasury Office', 'CTO', '1091'),
(15, 'City Veterinary and Agriculture Office', 'CVAO', '8721'),
(16, 'General Services Office', 'GSO', '1061'),
(17, 'Health Services Office', 'HSO', '4411'),
(18, 'City Planning & Development Office', 'CPDO', '1041'),
(19, 'Office of the Local Civil Registrar', 'LCR', '1051'),
(20, 'Public Attorney\'s Office', 'PAO', '9999G'),
(21, 'Sangguniang Panlungsod', 'SP', '1021');

-- --------------------------------------------------------

--
-- Table structure for table `clearance`
--

CREATE TABLE `clearance` (
  `clearanceID` int(20) NOT NULL,
  `dateCleared` date DEFAULT NULL,
  `controlNo` varchar(255) DEFAULT NULL,
  `employeeName` varchar(255) DEFAULT NULL,
  `position` varchar(255) DEFAULT NULL,
  `classification` varchar(255) DEFAULT NULL,
  `office` varchar(255) DEFAULT NULL,
  `purpose` varchar(255) DEFAULT NULL,
  `remarks` varchar(255) DEFAULT NULL,
  `effectivityDate` varchar(255) DEFAULT NULL,
  `clearedBy` varchar(255) DEFAULT NULL,
  `scannedDocs` varchar(255) DEFAULT NULL
) ENGINE=InnoDB DEFAULT CHARSET=utf8mb4 COLLATE=utf8mb4_general_ci;

-- --------------------------------------------------------

--
-- Table structure for table `clearancepurpose`
--

CREATE TABLE `clearancepurpose` (
  `purposeID` int(20) NOT NULL,
  `purposeName` varchar(255) NOT NULL
) ENGINE=InnoDB DEFAULT CHARSET=utf8mb4 COLLATE=utf8mb4_general_ci;

--
-- Dumping data for table `clearancepurpose`
--

INSERT INTO `clearancepurpose` (`purposeID`, `purposeName`) VALUES
(1, 'Call to active duty'),
(2, 'Claim of honorarium'),
(3, 'Commutation'),
(4, 'Deceased'),
(5, 'Elected'),
(6, 'End of Contract'),
(7, 'End of Term'),
(8, 'Filing of Candidacy'),
(9, 'For Terminal Benefits'),
(10, 'Leave'),
(11, 'Outgoing'),
(12, 'Promotion'),
(13, 'Resignation'),
(14, 'Retirement'),
(15, 'Termination'),
(16, 'Training'),
(17, 'Transfer'),
(18, 'Travel Abroad'),
(19, 'Vacation Leave'),
(20, 'Maternity Leave'),
(21, 'Sick Leave'),
(22, 'Re-employment'),
(23, 'Separation from Service'),
(24, 'Re-Appointed');

-- --------------------------------------------------------

--
-- Table structure for table `conditions`
--

CREATE TABLE `conditions` (
  `conditionID` int(20) NOT NULL,
  `conditionName` varchar(255) NOT NULL
) ENGINE=InnoDB DEFAULT CHARSET=utf8mb4 COLLATE=utf8mb4_general_ci;

--
-- Dumping data for table `conditions`
--

INSERT INTO `conditions` (`conditionID`, `conditionName`) VALUES
(1, 'Serviceable'),
(2, 'Unserviceable'),
(3, 'Returned'),
(4, 'For Verification');

-- --------------------------------------------------------

--
-- Table structure for table `elementary`
--

CREATE TABLE `elementary` (
  `elemID` int(20) NOT NULL,
  `elemName` varchar(255) NOT NULL
) ENGINE=InnoDB DEFAULT CHARSET=utf8mb4 COLLATE=utf8mb4_general_ci;

--
-- Dumping data for table `elementary`
--

INSERT INTO `elementary` (`elemID`, `elemName`) VALUES
(1, 'Adiwang Elementary School'),
(2, 'Aguinaldo Elementary School'),
(3, 'Alfonso Tabora Elementary School'),
(4, 'Apolinario Mabini Elementary School'),
(5, 'Baguio Central School'),
(6, 'Baguio City SPED Center'),
(7, 'Baguio Country Club Village Elementary School'),
(8, 'Bakakeng Elementary School'),
(9, 'Bonifacio Elementary School'),
(10, 'Brookspoint Elementary School'),
(11, 'Camp 7 Elementary School'),
(12, 'Crystal Cave Elementary School'),
(13, 'Dominican Mirador Elementary School'),
(14, 'Don Mariano Marcos Elementary School'),
(15, 'Doa Aurora Elementary School'),
(16, 'Doa Aurora H. Bueno Elementary School'),
(17, 'Doa Nicasia J. Puyat Elementary School'),
(18, 'Dontogan Elementary School'),
(19, 'Elpidio R. Quirino Elementary School'),
(20, 'Fort del Pilar Elementary School'),
(21, 'Gibraltar Elementary School'),
(22, 'Happy Hallow Elementary School'),
(23, 'Holy Ghost Extension Elementary School'),
(24, 'Jose P. Laurel Elementary School'),
(25, 'Kias Elementary School'),
(26, 'Lindawan Elementary School'),
(27, 'Loakan Elementary School'),
(28, 'Lucban Elementary School'),
(29, 'Magsaysay Elementary School'),
(30, 'Manuel A. Roxas Elementary School'),
(31, 'Manuel L. Quezon Elementary School'),
(32, 'Pacday Quirino Elementary School'),
(33, 'Pinget Elementary School'),
(34, 'Pinsao Elementary School'),
(35, 'Quirino Hill Elementary School'),
(36, 'Rizal Elementary School'),
(37, 'San Luis Elementary School'),
(38, 'San Carlos Heights Elementary School'),
(39, 'San Vicente Elementary School'),
(40, 'Springhills Elementary School'),
(41, 'Sto. Tomas Elementary School'),
(42, 'Dr. Jose Rizal Elementary School'),
(43, 'Guisad Valley National High School'),
(44, 'Fairview Primary School'),
(45, 'Quezon Hill Elementary School'),
(46, 'Josefa Cario Elementary School'),
(47, 'Irisan Primary School');

-- --------------------------------------------------------

--
-- Table structure for table `employees`
--

CREATE TABLE `employees` (
  `idNumber` int(20) NOT NULL,
  `office` varchar(255) NOT NULL,
  `employeeName` varchar(255) NOT NULL,
  `tinNo` varchar(255) NOT NULL,
  `employeeID` varchar(255) NOT NULL,
  `remarks` longtext NOT NULL
) ENGINE=InnoDB DEFAULT CHARSET=utf8mb4 COLLATE=utf8mb4_general_ci;

--
-- Dumping data for table `employees`
--

INSERT INTO `employees` (`idNumber`, `office`, `employeeName`, `tinNo`, `employeeID`, `remarks`) VALUES
(1, 'CITY BUDGET OFFICE', 'NGETEG, Blessie C.', '', '', ''),
(2, 'CITY BUILDING & ARCHITECTURE OFFICE', 'MASLIYAN, Mary Ann L.', '', '', ''),
(3, '', 'PADERON, Guadalope A.', '', '', ''),
(4, 'MUNICIPAL TRIAL COURT IN CITIES', 'MADRIAGA, Roselyn L.', '', '', ''),
(5, '', 'CABILATAZAN, Sharon Faye G.', '', '', ''),
(6, '', 'LAVARIAS, Celiamar D.', '', '', ''),
(7, 'CITY MAYOR\'S OFFICE', 'NUESCA, Flordiliza S.', '', '', ''),
(8, 'CITY MAYOR\'S OFFICE', 'DIVINO, Rosana B.', '', '', ''),
(9, 'CITY MAYOR\'S OFFICE', 'CABADING, Aljay T.', '', '', ''),
(10, 'CITY MAYOR\'S OFFICE', 'DOYAOEN, Jeana P.', '', '', ''),
(11, 'CITY MAYOR\'S OFFICE', 'TACTAY, John Timothy L.', '', '', ''),
(12, 'CITY MAYOR\'S OFFICE', 'ESTIGOY, Jason T.', '', '', ''),
(13, 'CITY ADMINISTRATOR\'S OFFICE', 'LOPEZ, Virgilio C.', '', '', ''),
(14, 'CITY BUILDING & ARCHITECTURE OFFICE', 'VALDEZ, Ariel Sr. L.', '', '', ''),
(15, 'CITY ASSESSOR\'S OFFICE', 'SAPLA, Dermayne B.', '', '', ''),
(16, '', 'LUMIDAO, Cherry L.', '', '', ''),
(17, 'HEALTH SERVICES OFFICE', 'LOQUIO, Jocelyn A.', '', '', ''),
(18, '', 'DOMAGAS, Alejandro III Q.', '', '', ''),
(19, 'CITY TREASURY OFFICE', 'EMPERADOR, Manuel M.', '', '', ''),
(20, 'CITY TREASURY OFFICE', 'MOLE, Sherwin T.', '', '', ''),
(21, 'SANGGUNIANG PANLUNGSOD', 'OLIVA, Jerry Jr. S.', '', '', ''),
(22, 'CITY VETERINARY & AGRICULTURE OFFICE', 'ISILEN, Marissa P.', '', '', ''),
(23, 'CITY VETERINARY & AGRICULTURE OFFICE', 'CANAO, Jervin Bruce M.', '', '', ''),
(24, 'CITY VETERINARY & AGRICULTURE OFFICE', 'LUMA-ANG, Hynden C.', '', '', ''),
(25, 'HEALTH SERVICES OFFICE', 'TORRES, Maria Alice P.', '', '', ''),
(26, '', 'CABANNAG, Melanio P.', '', '', ''),
(27, '', 'ABBUGAO, Diane Mae M.', '', '', ''),
(28, 'CITY ENGINEERING OFFICE', 'CORPUZ, Perfecto C.', '', '', ''),
(29, 'HEALTH SERVICES OFFICE', 'TOMILAS, Beverly D.', '', '', ''),
(30, '', 'NGETEG, Deborah C.', '', '', ''),
(31, 'CITY MAYOR\'S OFFICE - CDRRMO', 'BERNARDINO, Jennifer V.', '', '', ''),
(32, 'HEALTH SERVICES OFFICE', 'TALLEO, Vivian Faith C.', '', '', ''),
(33, 'CITY ADMINISTRATOR\'S OFFICE', 'MONTOYA, Rachelle Anne N.', '', '', ''),
(34, 'CITY ADMINISTRATOR\'S OFFICE', 'MAPALO, Aloysius C.', '', '', ''),
(35, 'CITY MAYOR\'S OFFICE', 'NERI, Angela Kay B.', '', '', ''),
(36, 'CITY ENVIRONMENT & PARKS MANAGEMENT OFFICE', 'POTENNEC, Eliza M.', '', '', ''),
(37, '', 'GARCIA, Leticia O.', '', '', ''),
(38, 'SANGGUNIANG PANLUNGSOD', 'FARIAS, Lilia A.', '', '', ''),
(39, '', 'DUDAY, Ronald A.', '', '', ''),
(40, 'SANGGUNIANG PANLUNGSOD', 'DEGAY, Vina C.', '', '', ''),
(41, '', 'CAUSAN, Rachell K.', '', '', ''),
(42, 'CITY ENVIRONMENT & PARKS MANAGEMENT OFFICE', 'TUGAD, Joeffrey Sr. T.', '', '', ''),
(43, 'SANGGUNIANG PANLUNGSOD', 'NAOGSAN, Maegan G.', '', '', ''),
(44, '', 'ONGNGAD, Aira Mae L.', '', '', ''),
(45, '', 'DAWAYEN, Dana Raella C.', '', '', ''),
(46, '', 'CULATON, Alicia M.', '', '', ''),
(47, '', 'BOSLAYAN, Joan V.', '', '', ''),
(48, 'CITY ENGINEERING OFFICE', 'GANADEN, Edgar M.', '', '', ''),
(49, '', 'PANGILINAN, Mary Joy A.', '', '', ''),
(50, '', 'DE GUZMAN, Helen R.', '', '', ''),
(51, '', 'COSTALES, Judimi L.', '', '', ''),
(52, '', 'DAO-AYEN, Magdalena D.', '', '', ''),
(53, '', 'DOGAONG, Melvin Allan L.', '', '', ''),
(54, '', 'DALISDIS, Jason C.', '', '', ''),
(55, 'CITY ENVIRONMENT & PARKS MANAGEMENT OFFICE', 'MENDOZA, Nieves A.', '', '', ''),
(56, 'CITY BUDGET OFFICE', 'CLEMENTE, Leticia O.', '', '', ''),
(57, '', 'AGLASI, Zeny Dee F.', '', '', ''),
(58, 'CITY BUILDING & ARCHITECTURE OFFICE', 'GONZALES, Florence Raiza T.', '', '', ''),
(59, '', 'PUNDO, Jaime L.', '', '', ''),
(60, 'SANGGUNIANG PANLUNGSOD', 'DATUIN, Elmer O.', '', '', ''),
(61, '', 'CAWAS, George O.', '', '', ''),
(62, 'CITY TREASURY OFFICE', 'ABENES, Helen Judy M.', '', '', ''),
(63, 'CITY MAYOR\'S OFFICE', 'CAMARAO, Francis L.', '', '', ''),
(64, '', 'MALECDAN, Cherry Ann C.', '', '', ''),
(65, 'OFFICE OF THE CITY PLANNING & DEVELOPMENT', 'TUMAYAN, Virgilio H.', '', '', ''),
(66, 'SANGGUNIANG PANLUNGSOD', 'SILOY, Denver O.', '', '', ''),
(67, 'CITY ENGINEERING OFFICE', 'ELLAMIL, Jimmy R.', '', '', ''),
(68, 'CITY MAYOR\'S OFFICE', 'HAMADA, Samanth Jean C.', '', '', ''),
(69, 'CITY MAYOR\'S OFFICE', 'MAGALONG, Benjamin B.', '', '', ''),
(70, 'HEALTH SERVICES OFFICE', 'MATBAGAN, Thelma B.', '', '', ''),
(71, 'CITY SOCIAL WELFARE & DEVELOPMENT OFFICE', 'SEGUBIENCE, Jaryl Bernard T.', '', '', ''),
(72, 'SANGGUNIANG PANLUNGSOD', 'GALUT, Jhenita Sen K.', '', '', ''),
(73, '', 'ABELERA, Gaduz V.', '', '', ''),
(74, 'CITY ENGINEERING OFFICE', 'FERREOL, Marlene E.', '', '', ''),
(75, 'SANGGUNIANG PANLUNGSOD', 'COSALAN, Isabelo Jr. B.', '', '', ''),
(76, 'SANGGUNIANG PANLUNGSOD', 'MANANENG, John Rey L.', '', '', ''),
(77, '', 'LAMI-ING, Marcial L.', '', '', ''),
(78, 'CITY BUILDING & ARCHITECTURE OFFICE', 'BAGUIWEN, Odaney T.', '', '', ''),
(79, 'CITY MAYOR\'S OFFICE', 'LACHICA, Pacita', '', '', ''),
(80, 'CITY TREASURY OFFICE', 'FLORES, Ferdinand L.', '', '', ''),
(81, '', 'DOLIN, Alexader L.', '', '', ''),
(82, 'HEALTH SERVICES OFFICE', 'JIMENEZ, Fredda C.', '', '', ''),
(83, 'HEALTH SERVICES OFFICE', 'BRILLANTES, Celia Flor C.', '', '', ''),
(84, 'HEALTH SERVICES OFFICE', 'PAKOY, Maria Lourdes M', '', '', ''),
(85, 'HEALTH SERVICES OFFICE', 'DUCAS, Ricky Jr. B.', '', '', ''),
(86, 'HEALTH SERVICES OFFICE', 'SUMBILLO, Maria Therese A.', '', '', ''),
(87, 'HEALTH SERVICES OFFICE', 'ABAD, Agnes Johana F.', '', '', ''),
(88, 'HEALTH SERVICES OFFICE', 'ANDAYA, Gene Rosamae A.', '', '', ''),
(89, 'HEALTH SERVICES OFFICE', 'AGUILAR, Roshin C.', '', '', ''),
(90, 'HEALTH SERVICES OFFICE', 'ALANGSAB, Gayhope C.', '', '', ''),
(91, 'HEALTH SERVICES OFFICE', 'BUMANLAG, Gerry P.', '', '', ''),
(92, 'HEALTH SERVICES OFFICE', 'ASPIRAS, Lorelyn Ludmelia F.', '', '', ''),
(93, 'HEALTH SERVICES OFFICE', 'COLAS, Khecy M.', '', '', ''),
(94, 'HEALTH SERVICES OFFICE', 'CAGAY-AN, Jocelyn W.', '', '', ''),
(95, 'HEALTH SERVICES OFFICE', 'TIRAO, Mark-Lawrence T', '', '', ''),
(96, 'CITY ADMINISTRATOR\'S OFFICE', 'BARENG, La Rainne M.', '', '', ''),
(97, 'CITY ENVIRONMENT & PARKS MANAGEMENT OFFICE', 'CASUGA, Emil R.', '', '', ''),
(98, 'HEALTH SERVICES OFFICE', 'MALUCON, Kea Ville B.', '', '', ''),
(99, 'CITY ACCOUNTING OFFICE', 'BATUNA, Cherrybeth T.', '', '', ''),
(100, 'HEALTH SERVICES OFFICE', 'BASINGA, Jennifer C.', '', '', ''),
(101, 'CITY MAYOR\'S OFFICE', 'RANJO, Jilleanne C.', '', '', ''),
(102, '', 'PARANTAC, Liza Gay P.', '', '', ''),
(103, '', 'LOAYAN, Romana T.', '', '', ''),
(104, 'CITY ENGINEERING OFFICE', 'BALNEG, Buenaventura E.', '', '', ''),
(105, '', 'BUSTARDE, Monaliza B.', '', '', ''),
(106, 'CITY ENVIRONMENT & PARKS MANAGEMENT OFFICE', 'UMALI, Rey-mar S.', '', '', ''),
(107, '', 'LAZARO, Digna C.', '', '', ''),
(108, 'CITY ACCOUNTING OFFICE', 'TABAJONDA, Christine M.', '', '', ''),
(109, '', 'GANO, Roxanne D.', '', '', ''),
(110, 'SANGGUNIANG PANLUNGSOD', 'FABIEGAS, Devorah Pearl L.', '', '', ''),
(111, 'OFFICE OF THE CITY PLANNING & DEVELOPMENT', 'TABANGIN, Donna R.', '', '', ''),
(112, 'CITY ENGINEERING OFFICE', 'NIALGA, Jan Vicente V.', '', '', ''),
(113, '', 'GAYO, Erlinda B.', '', '', ''),
(114, '', 'CAPONES, Josephine G.', '', '', ''),
(115, 'CITY ACCOUNTING OFFICE', 'BAY-ON, Jennifer T.', '', '', ''),
(116, '', 'GUILANDA, Alex G.', '', '', ''),
(117, 'CITY MAYOR\'S OFFICE', 'MANAOIS, Alberto F.', '', '', ''),
(118, 'HEALTH SERVICES OFFICE', 'EDDIVA, Maribel P.', '', '', ''),
(119, '', 'DE JESUS, Cindy G.', '', '', ''),
(120, 'CITY BUILDING & ARCHITECTURE OFFICE', 'COLANSONG, Emmalyn J.', '', '', ''),
(121, 'SANGGUNIANG PANLUNGSOD', 'PAGADA, Jonalyn D.', '', '', ''),
(122, 'HEALTH SERVICES OFFICE', 'ORIA, Therese L.', '', '', ''),
(123, '', 'SORIANO, Jerellen Novy Ann L.', '', '', ''),
(124, 'CITY MAYOR\'S OFFICE', 'DULAY, Vencis Eunice S.', '', '', ''),
(125, '', 'GARCIA, Roy Y.', '', '', ''),
(126, '', 'SOLIS, RENATO C.', '', '', ''),
(127, 'CITY ENGINEERING OFFICE', 'BORILLO, Januario S.', '', '', '');

-- --------------------------------------------------------

--
-- Table structure for table `generalproperties`
--

CREATE TABLE `generalproperties` (
  `propertyID` int(255) NOT NULL,
  `article` varchar(255) DEFAULT NULL,
  `brand` varchar(255) DEFAULT NULL,
  `serialNo` varchar(255) DEFAULT NULL,
  `particulars` text DEFAULT NULL,
  `eNGAS` varchar(255) DEFAULT NULL,
  `acquisitionDate` date DEFAULT NULL,
  `acquisitionCost` varchar(255) DEFAULT NULL,
  `propertyNo` varchar(255) DEFAULT NULL,
  `accountNumber` varchar(255) DEFAULT NULL,
  `estimatedLife` varchar(255) DEFAULT NULL,
  `unitOfMeasure` varchar(255) DEFAULT NULL,
  `unitValue` varchar(255) DEFAULT NULL,
  `quantity` varchar(255) DEFAULT NULL,
  `officeName` varchar(255) DEFAULT NULL,
  `accountablePerson` varchar(255) DEFAULT NULL,
  `scannedDocs` varchar(255) DEFAULT NULL,
  `yearsOfService` varchar(25) DEFAULT NULL,
  `monthlyDepreciation` varchar(255) DEFAULT NULL,
  `accumulatedDepreciation` varchar(255) DEFAULT NULL,
  `bookValue` varchar(255) DEFAULT NULL,
  `gpremarks` longtext DEFAULT NULL
) ENGINE=InnoDB DEFAULT CHARSET=utf8mb4 COLLATE=utf8mb4_general_ci;

--
-- Dumping data for table `generalproperties`
--

INSERT INTO `generalproperties` (`propertyID`, `article`, `brand`, `serialNo`, `particulars`, `eNGAS`, `acquisitionDate`, `acquisitionCost`, `propertyNo`, `accountNumber`, `estimatedLife`, `unitOfMeasure`, `unitValue`, `quantity`, `officeName`, `accountablePerson`, `scannedDocs`, `yearsOfService`, `monthlyDepreciation`, `accumulatedDepreciation`, `bookValue`, `gpremarks`) VALUES
(1, 'PRINTER', 'EPSON L6190', 'X4CW030212', '4-in-1', NULL, '2021-07-13', '20,000.00', '221-720', '1-07-05-020 (221)', NULL, 'unit', '20,000.00', '1', 'City Budget Office', 'NGETEG, Blessie C.', NULL, NULL, NULL, NULL, NULL, 'With PRS #1234 dated 01/05/2024'),
(2, 'FOGGING MACHINE', 'FOG2ZERO 1300', NULL, NULL, NULL, '2021-02-22', '17,000.00', '236-721', '1-07-05-140 (236)', NULL, 'unit', '17,000.00', '1', 'City Mayor\'s Office', 'BANSEN, Alberto', NULL, NULL, NULL, NULL, NULL, 'With WMR #567 dated 01/05/2024'),
(3, 'FOGGING MACHINE', 'FOG2ZERO 1300', NULL, NULL, NULL, '2021-02-22', '17,000.00', '236-722', '1-07-05-140 (236)', NULL, 'unit', '17,000.00', '1', 'City Mayor\'s Office', 'BANSEN, Alberto', NULL, NULL, NULL, NULL, NULL, NULL),
(4, 'DESKTOP COMPUTER', 'ACER VERITON X2670G', 'CPU: DTVTFSP00504403FE13000\nMONITOR: MMT90SS00111404C3F2431\nUPS: 310026735B45088600201', NULL, NULL, '2021-12-05', '47,583.40', '139-723', '1-07-05-030 (223)', NULL, 'unit', '47,583.40', '1', 'Health Services Office', 'PAKOY, Maria Lourdes', NULL, NULL, NULL, NULL, NULL, NULL),
(5, 'DESKTOP COMPUTER', 'ACER VERITON X2670G', 'CPU:  DTVTFSP0050440400F3000\nMONITOR: MMT90SS00111404C452431\nUPS: 310026735B45088600202', NULL, NULL, '2021-12-05', '47,583.40', '139-724', '1-07-05-030 (223)', NULL, 'unit', '47,583.40', '1', 'Health Services Office', 'PAKOY, Maria Lourdes', NULL, NULL, NULL, NULL, NULL, NULL),
(6, 'DESKTOP COMPUTER', 'ACER VERITON X2670G', 'CPU: DTVTFSP0050440406B3000\nMONITOR: MMLY7SS0241050917E858M\nUPS: 310026735B45088600203', NULL, NULL, '2021-12-05', '47,583.40', '139-725', '1-07-05-030 (223)', NULL, 'unit', '47,583.40', '1', 'Health Services Office', 'PAKOY, Maria Lourdes', NULL, NULL, NULL, NULL, NULL, NULL),
(7, 'DESKTOP COMPUTER', 'ACER VERITON X2670G', 'CPU:\nMONITOR:\nUPS:', 'DESKTOP COMPUTER, ACER VERITON X2670G, SYSTEM UNIT SN: DTVTFSP0050440404D3000, MONITOR SN: MMLY7SS02410509186858M, UPS SN: 310026735B45088600204', NULL, '2021-12-05', '47,583.40', '139-726', '1-07-05-030 (223)', NULL, 'unit', '47,583.40', '1', 'City Mayor\'s Office', 'DICTAAN, Jaico', NULL, NULL, NULL, NULL, NULL, NULL),
(8, 'DESKTOP COMPUTER', 'ACER VERITON X2670G', 'CPU:\nMONITOR:\nUPS:', 'DESKTOP COMPUTER, ACER VERITON X2670G, SYSTEM UNIT SN: DTVTFSP00504403F573000, MONITOR SN: MMLY7SS02410508F7C858M, UPS SN: 310026735B45088600129', NULL, '2021-12-05', '47,583.40', '139-727', '1-07-05-030 (223)', NULL, 'unit', '47,583.40', '1', 'Health Services Office', 'PAKOY, Maria Lourdes', NULL, NULL, NULL, NULL, NULL, NULL),
(9, 'DESKTOP COMPUTER', 'ACER VERITON X2670G', 'CPU:\nMONITOR:\nUPS:', 'DESKTOP COMPUTER, ACER VERITON X2670G, SYSTEM UNIT SN: DTVTFSP00504403F443000, MONITOR SN: MMLY7SS02410509174858M, UPS SN: 310026735B45088600130', NULL, '2021-12-05', '47,583.40', '139-728', '1-07-05-030 (223)', NULL, 'unit', '47,583.40', '1', 'Health Services Office', 'PAKOY, Maria Lourdes', NULL, NULL, NULL, NULL, NULL, NULL),
(10, 'DESKTOP COMPUTER', 'ACER VERITON X2670G', 'CPU:\nMONITOR:\nUPS:', 'DESKTOP COMPUTER, ACER VERITON X2670G, SYSTEM UNIT SN: DTVTFSP00504403F603000, MONITOR SN: MMLY7SS02410508F7D858M, UPS SN: 310026735B45088600131', NULL, '2021-12-05', '47,583.40', '139-729', '1-07-05-030 (223)', NULL, 'unit', '47,583.40', '1', 'Health Services Office', 'PAKOY, Maria Lourdes', NULL, NULL, NULL, NULL, NULL, NULL),
(11, 'DESKTOP COMPUTER', 'ACER VERITON X2670G', 'CPU:\nMONITOR:\nUPS:', 'DESKTOP COMPUTER, ACER VERITON X2670G, SYSTEM UNIT SN: DTVTFSP005044040323000, MONITOR SN: MMLY7SS02410508F74858M, UPS SN: 310026735B45088600132', NULL, '2021-12-05', '47,583.40', '139-730', '1-07-05-030 (223)', NULL, 'unit', '47,583.40', '1', 'Health Services Office', 'PAKOY, Maria Lourdes', NULL, NULL, NULL, NULL, NULL, NULL),
(12, 'DESKTOP COMPUTER', 'ACER VERITON X2670G', 'CPU:\nMONITOR:\nUPS:', 'DESKTOP COMPUTER, ACER VERITON X2670G, SYSTEM UNIT SN: DTVTFSP00504403F623000, MONITOR SN: MMLY7SS02410509173858M, UPS SN: 310026735B45088600222', NULL, '2021-12-05', '47,583.40', '139-731', '1-07-05-030 (223)', NULL, 'unit', '47,583.40', '1', 'Health Services Office', 'PAKOY, Maria Lourdes', NULL, NULL, NULL, NULL, NULL, NULL),
(13, 'DESKTOP COMPUTER', 'ACER VERITON X2670G', 'CPU:\nMONITOR:\nUPS:', 'DESKTOP COMPUTER, ACER VERITON X2670G, SYSTEM UNIT SN: DTVTFSP00504403FCF3000, MONITOR SN: MMLY7SS02410508F6F858M, UPS SN: 310026735B45088600223', NULL, '2021-12-05', '47,583.40', '139-732', '1-07-05-030 (223)', NULL, 'unit', '47,583.40', '1', 'Health Services Office', 'PAKOY, Maria Lourdes', NULL, NULL, NULL, NULL, NULL, NULL),
(14, 'DESKTOP COMPUTER', 'ACER VERITON X2670G', 'CPU:\nMONITOR:\nUPS:', 'DESKTOP COMPUTER, ACER VERITON X2670G, SYSTEM UNIT SN: DTVTFSP00504403F9E3000, MONITOR SN: MMLY7SS0241050917A858M, UPS SN: 310026735B45088600224', NULL, '2021-12-05', '47,583.40', '139-733', '1-07-05-030 (223)', NULL, 'unit', '47,583.40', '1', 'Health Services Office', 'PAKOY, Maria Lourdes', NULL, NULL, NULL, NULL, NULL, NULL),
(15, 'DESKTOP COMPUTER', 'ACER VERITON X2670G', 'CPU:\nMONITOR:\nUPS:', 'DESKTOP COMPUTER, ACER VERITON X2670G, SYSTEM UNIT SN: DTVTFSP00504403F0E3000, MONITOR SN: MMLY7SS02410508F5F858M, UPS SN: 310026735B45088600225', NULL, '2021-12-05', '47,583.40', '139-734', '1-07-05-030 (223)', NULL, 'unit', '47,583.40', '1', 'Health Services Office', 'PAKOY, Maria Lourdes', NULL, NULL, NULL, NULL, NULL, NULL),
(16, 'DESKTOP COMPUTER', 'ACER VERITON X2670G', 'CPU:\nMONITOR:\nUPS:', 'DESKTOP COMPUTER, ACER VERITON X2670G, SYSTEM UNIT SN: DTVTFSP00504403DEB3000, MONITOR SN: MMLY7SS0241050918B858M, UPS SN: 310026735B45088600157', NULL, '2021-12-05', '47,583.40', '139-735', '1-07-05-030 (223)', NULL, 'unit', '47,583.40', '1', 'Health Services Office', 'PAKOY, Maria Lourdes', NULL, NULL, NULL, NULL, NULL, NULL),
(17, 'DESKTOP COMPUTER', 'ACER VERITON X2670G', 'CPU:\nMONITOR:\nUPS:', 'DESKTOP COMPUTER, ACER VERITON X2670G, SYSTEM UNIT SN: DTVTFSP00504403FD93000, MONITOR SN: MMLY7SS02410508F5C858M, UPS SN: 310026735B45088600158', NULL, '2021-12-05', '47,583.40', '139-736', '1-07-05-030 (223)', NULL, 'unit', '47,583.40', '1', 'Health Services Office', 'PAKOY, Maria Lourdes', NULL, NULL, NULL, NULL, NULL, NULL),
(18, 'DESKTOP COMPUTER', 'ACER VERITON X2670G', 'CPU:\nMONITOR:\nUPS:', 'DESKTOP COMPUTER, ACER VERITON X2670G, SYSTEM UNIT SN: DTVTFSP005044040673000, MONITOR SN: MMLY7SS02410509181858M, UPS SN: 310026735B45088600159', NULL, '2021-12-05', '47,583.40', '139-737', '1-07-05-030 (223)', NULL, 'unit', '47,583.40', '1', 'Health Services Office', 'DAIWEY, Mia Lee', NULL, NULL, NULL, NULL, NULL, NULL),
(19, 'DESKTOP COMPUTER', 'ACER VERITON X2670G', 'CPU:\nMONITOR:\nUPS:', 'DESKTOP COMPUTER, ACER VERITON X2670G, SYSTEM UNIT SN: DTVTFSP005044040623000, MONITOR SN: MMLY7SS0241050918A858M, UPS SN: 310026735B45088600160', NULL, '2021-12-05', '47,583.40', '139-738', '1-07-05-030 (223)', NULL, 'unit', '47,583.40', '1', 'City Mayor\'s Office', 'DICTAAN, Jaico', NULL, NULL, NULL, NULL, NULL, NULL),
(20, 'DESKTOP COMPUTER', 'ACER VERITON X2670G', 'CPU:\nMONITOR:\nUPS:', 'DESKTOP COMPUTER, ACER VERITON X2670G, SYSTEM UNIT SN: DTVTFSP00504403FD13000, MONITOR SN: MMLY7SS02410508F68858M, UPS SN: 310026735B45088600057', NULL, '2021-12-05', '47,583.40', '139-739', '1-07-05-030 (223)', NULL, 'unit', '47,583.40', '1', 'City Mayor\'s Office', 'HORA, Nelson E.', NULL, NULL, NULL, NULL, NULL, NULL),
(21, 'DESKTOP COMPUTER', 'ACER VERITON X2670G', 'CPU:\nMONITOR:\nUPS:', 'DESKTOP COMPUTER, ACER VERITON X2670G, SYSTEM UNIT SN: DTVTFSP00504403EC83000, MONITOR SN: MMLY7SS02410508F5D858M, UPS SN: 310026735B45088600058', NULL, '2021-12-05', '47,583.40', '139-740', '1-07-05-030 (223)', NULL, 'unit', '47,583.40', '1', 'City Mayor\'s Office', 'HORA, Nelson E.', NULL, NULL, NULL, NULL, NULL, NULL),
(22, 'DESKTOP COMPUTER', 'ACER VERITON X2670G', 'CPU:\nMONITOR:\nUPS:', 'DESKTOP COMPUTER, ACER VERITON X2670G, SYSTEM UNIT SN: DTVTFSP005044040633000, MONITOR SN: MMLY7SS0241050917C858M, UPS SN: 310026735B45088600059', NULL, '2021-12-05', '47,583.40', '139-741', '1-07-05-030 (223)', NULL, 'unit', '47,583.40', '1', 'Health Services Office', 'BUGNAY, Ghesalyn D.', NULL, NULL, NULL, NULL, NULL, NULL),
(23, 'DESKTOP COMPUTER', 'ACER VERITON X2670G', 'CPU:\nMONITOR:\nUPS:', 'DESKTOP COMPUTER, ACER VERITON X2670G, SYSTEM UNIT SN: DTVTFSP00504403FCA3000, MONITOR SN: MMLY7SS02410509168858M, UPS SN: 310026735B45088600060', NULL, '2021-12-05', '47,583.40', '139-742', '1-07-05-030 (223)', NULL, 'unit', '47,583.40', '1', 'Health Services Office', 'BUGNAY, Ghesalyn D.', NULL, NULL, NULL, NULL, NULL, NULL),
(24, 'DESKTOP COMPUTER', 'ACER VERITON X2670G', 'CPU:\nMONITOR:\nUPS:', 'DESKTOP COMPUTER, ACER VERITON X2670G, SYSTEM UNIT SN: DTVTFSP00504403E353000, MONITOR SN: MMLY7SS0241050915F858M, UPS SN: 310026735B45088600277', NULL, '2021-12-05', '47,583.40', '139-743', '1-07-05-030 (223)', NULL, 'unit', '47,583.40', '1', 'City Mayor\'s Office', 'DICTAAN, Jaico', NULL, NULL, NULL, NULL, NULL, NULL),
(25, 'DESKTOP COMPUTER', 'ACER VERITON X2670G', 'CPU:\nMONITOR:\nUPS:', 'DESKTOP COMPUTER, ACER VERITON X2670G, SYSTEM UNIT SN: DTVTFSP00504403FEB3000, MONITOR SN: MMLY7SS0240510B36A858M, UPS SN: 310026735B45088600278', NULL, '2021-12-05', '47,583.40', '139-744', '1-07-05-030 (223)', NULL, 'unit', '47,583.40', '1', 'Health Services Office', 'DAIWEY, Mia Lee', NULL, NULL, NULL, NULL, NULL, NULL),
(26, 'DESKTOP COMPUTER', 'ACER VERITON X2670G', 'CPU:\nMONITOR:\nUPS:', 'DESKTOP COMPUTER, ACER VERITON X2670G, SYSTEM UNIT SN: DTVTFSP00504403EE53000, MONITOR SN: MMLY7SS02410508F6C858M, UPS SN: 310026735B45088600279', NULL, '2021-12-05', '47,583.40', '139-745', '1-07-05-030 (223)', NULL, 'unit', '47,583.40', '1', 'City Mayor\'s Office', 'HORA, Nelson E.', NULL, NULL, NULL, NULL, NULL, NULL),
(27, 'DESKTOP COMPUTER', 'ACER VERITON X2670G', 'CPU:\nMONITOR:\nUPS:', 'DESKTOP COMPUTER, ACER VERITON X2670G, SYSTEM UNIT SN: DTVTFSP00504403E9F3000, MONITOR SN: MMLY7SS02410509161858M, UPS SN: 310026735B45088600280', NULL, '2021-12-05', '47,583.40', '139-746', '1-07-05-030 (223)', NULL, 'unit', '47,583.40', '1', 'City Mayor\'s Office', 'HORA, Nelson E.', NULL, NULL, NULL, NULL, NULL, NULL),
(28, 'DESKTOP COMPUTER', 'ACER VERITON X2670G', 'CPU:\nMONITOR:\nUPS:', 'DESKTOP COMPUTER, ACER VERITON X2670G, SYSTEM UNIT SN: DTVTFSP00504403EE13000, MONITOR SN: MMLY7SS0241050918D858M, UPS SN: 310026735B45088600285', NULL, '2021-12-05', '47,583.40', '139-747', '1-07-05-030 (223)', NULL, 'unit', '47,583.40', '1', 'Health Services Office', 'BUGNAY, Ghesalyn D.', NULL, NULL, NULL, NULL, NULL, NULL),
(29, 'DESKTOP COMPUTER', 'ACER VERITON X2670G', 'CPU:\nMONITOR:\nUPS:', 'DESKTOP COMPUTER, ACER VERITON X2670G, SYSTEM UNIT SN: DTVTFSP0050440406D3000, MONITOR SN: MMLY7SS02410509154858M, UPS SN: 310026735B45088600286', NULL, '2021-12-05', '47,583.40', '139-748', '1-07-05-030 (223)', NULL, 'unit', '47,583.40', '1', 'Health Services Office', 'BUGNAY, Ghesalyn D.', NULL, NULL, NULL, NULL, NULL, NULL),
(30, 'DESKTOP COMPUTER', 'ACER VERITON X2670G', 'CPU:\nMONITOR:\nUPS:', 'DESKTOP COMPUTER, ACER VERITON X2670G, SYSTEM UNIT SN: DTVTFSP00504403EC53000, MONITOR SN: MMLY7SS0241050917F858M, UPS SN: 310026735B45088600287', NULL, '2021-12-05', '47,583.40', '139-749', '1-07-05-030 (223)', NULL, 'unit', '47,583.40', '1', 'Health Services Office', 'BUGNAY, Ghesalyn D.', NULL, NULL, NULL, NULL, NULL, NULL),
(31, 'DESKTOP COMPUTER', 'ACER VERITON X2670G', 'CPU:\nMONITOR:\nUPS:', 'DESKTOP COMPUTER, ACER VERITON X2670G, SYSTEM UNIT SN: DTVTFSP00504403F343000, MONITOR SN: MMLY7SS02410509187858M, UPS SN: 310026735B45088600288', NULL, '2021-12-05', '47,583.40', '139-750', '1-07-05-030 (223)', NULL, 'unit', '47,583.40', '1', 'General Services Office', 'BAYAN, Brandon Carlo Q.', NULL, NULL, NULL, NULL, NULL, NULL),
(32, 'DESKTOP COMPUTER', 'ACER VERITON X2670G', 'CPU:\nMONITOR:\nUPS:', 'DESKTOP COMPUTER, ACER VERITON X2670G, SYSTEM UNIT SN: DTVTFSP0050440404E3000, MONITOR SN: MMLY7SS02410508F7B858M, UPS SN: 310026735B45088600053', NULL, '2021-12-05', '47,583.40', '139-751', '1-07-05-030 (223)', NULL, 'unit', '47,583.40', '1', 'General Services Office', 'LAGUARDIA, Edward C.', NULL, NULL, NULL, NULL, NULL, NULL),
(33, 'DESKTOP COMPUTER', 'ACER VERITON X2670G', 'CPU:\nMONITOR:\nUPS:', 'DESKTOP COMPUTER, ACER VERITON X2670G, SYSTEM UNIT SN: DTVTFSP00504403F373000, MONITOR SN: MMLY7SS0241050916F858M, UPS SN: 310026735B45088600054', NULL, '2021-12-05', '47,583.40', '139-752', '1-07-05-030 (223)', NULL, 'unit', '47,583.40', '1', 'General Services Office', 'LUZANO, Cynthia D.', NULL, NULL, NULL, NULL, NULL, NULL),
(34, 'DESKTOP COMPUTER', 'ACER VERITON X2670G', 'CPU:\nMONITOR:\nUPS:', 'DESKTOP COMPUTER, ACER VERITON X2670G, SYSTEM UNIT SN: DTVTFSP00504403E993000, MONITOR SN: MMLY7SS02410508F89858M, UPS SN: 310026735B45088600055', NULL, '2021-12-05', '47,583.40', '139-753', '1-07-05-030 (223)', NULL, 'unit', '47,583.40', '1', 'General Services Office', 'FLORIDA, Reyphil A.', NULL, NULL, NULL, NULL, NULL, NULL),
(35, 'DESKTOP COMPUTER', 'ACER VERITON X2670G', 'CPU:\nMONITOR:\nUPS:', 'DESKTOP COMPUTER, ACER VERITON X2670G, SYSTEM UNIT SN: DTVTFSP00504403FCD3000, MONITOR SN: MMLY7SS0240510B36E858M, UPS SN: 310026735B45088600056', NULL, '2021-12-05', '47,583.40', '139-754', '1-07-05-030 (223)', NULL, 'unit', '47,583.40', '1', 'General Services Office', 'FONTANOS, Rosalie C.', NULL, NULL, NULL, NULL, NULL, NULL),
(36, 'DESKTOP COMPUTER', 'ACER VERITON X2670G', 'CPU:\nMONITOR:\nUPS:', 'DESKTOP COMPUTER, ACER VERITON X2670G, SYSTEM UNIT SN: DTVTFSP0050440406C3000, MONITOR SN: MMLY7SS02410509155858M, UPS SN: 310026735B45088600205', NULL, '2021-12-05', '47,583.40', '139-755', '1-07-05-030 (223)', NULL, 'unit', '47,583.40', '1', 'General Services Office', 'BERGANIO, Ronaldo B.', NULL, NULL, NULL, NULL, NULL, NULL),
(37, 'DESKTOP COMPUTER', 'ACER VERITON X2670G', 'CPU:\nMONITOR:\nUPS:', 'DESKTOP COMPUTER, ACER VERITON X2670G, SYSTEM UNIT SN: DTVTFSP005044040663000, MONITOR SN: MMLY7SS0240510B36C858M, UPS SN: 310026735B45088600206', NULL, '2021-12-05', '47,583.40', '139-756', '1-07-05-030 (223)', NULL, 'unit', '47,583.40', '1', 'General Services Office', 'LACHICA, Chery Love', NULL, NULL, NULL, NULL, NULL, NULL),
(38, 'DESKTOP COMPUTER', 'ACER VERITON X2670G', 'CPU:\nMONITOR:\nUPS:', 'DESKTOP COMPUTER, ACER VERITON X2670G, SYSTEM UNIT SN: DTVTFSP00504403FCE3000, MONITOR SN: MMLY7SS0240510B368858M, UPS SN: 310026735B45088600207', NULL, '2021-12-05', '47,583.40', '139-757', '1-07-05-030 (223)', NULL, 'unit', '47,583.40', '1', 'General Services Office', 'DATO, Mark Christian B.', NULL, NULL, NULL, NULL, NULL, NULL),
(39, 'DESKTOP COMPUTER', 'ACER VERITON X2670G', 'CPU:\nMONITOR:\nUPS:', 'DESKTOP COMPUTER, ACER VERITON X2670G, SYSTEM UNIT SN: DTVTFSP00504403FDE3000, MONITOR SN: MMLY7SS02410508F79858M, UPS SN: 310026735B45088600208', NULL, '2021-12-05', '47,583.40', '139-758', '1-07-05-030 (223)', NULL, 'unit', '47,583.40', '1', 'General Services Office', 'CALION, Rofilyn D.', NULL, NULL, NULL, NULL, NULL, NULL),
(40, 'DESKTOP COMPUTER', 'ACER VERITON X2670G', 'CPU:\nMONITOR:\nUPS:', 'DESKTOP COMPUTER, ACER VERITON X2670G, SYSTEM UNIT SN: DTVTFSP00504403FD33000, MONITOR SN: MMLY7SS0241050918E858M, UPS SN: 310026735B45088600033', NULL, '2021-12-05', '47,583.40', '139-759', '1-07-05-030 (223)', NULL, 'unit', '47,583.40', '1', 'General Services Office', 'DELOS REYES, Vivian V.', NULL, NULL, NULL, NULL, NULL, NULL),
(41, 'DESKTOP COMPUTER', 'ACER VERITON X2670G', 'CPU:\nMONITOR:\nUPS:', 'DESKTOP COMPUTER, ACER VERITON X2670G, SYSTEM UNIT SN: DTVTFSP0050440405C3000, MONITOR SN: MMLY7SS02410509160858M, UPS SN: 310026735B45088600034', NULL, '2021-12-05', '47,583.40', '139-760', '1-07-05-030 (223)', NULL, 'unit', '47,583.40', '1', 'General Services Office', 'TABAJONDA, Christine M.', NULL, NULL, NULL, NULL, NULL, NULL),
(42, 'DESKTOP COMPUTER', 'ACER VERITON X2670G', 'CPU:\nMONITOR:\nUPS:', 'DESKTOP COMPUTER, ACER VERITON X2670G, SYSTEM UNIT SN: DTVTFSP00504403DEF3000, MONITOR SN: MMLY7SS02410508F8A858M, UPS SN: 310026735B45088600035', NULL, '2021-12-05', '47,583.40', '139-761', '1-07-05-030 (223)', NULL, 'unit', '47,583.40', '1', 'General Services Office', 'MARRERO, Jordan C.', NULL, NULL, NULL, NULL, NULL, NULL),
(43, 'DESKTOP COMPUTER', 'ACER VERITON X2670G', 'CPU:\nMONITOR:\nUPS:', 'DESKTOP COMPUTER, ACER VERITON X2670G, SYSTEM UNIT SN: DTVTFSP00504403DB23000, MONITOR SN: MMLY7SS0241050916B858M, UPS SN: 310026735B45088600036', NULL, '2021-12-05', '47,583.40', '139-762', '1-07-05-030 (223)', NULL, 'unit', '47,583.40', '1', 'General Services Office', 'SALI-EM, Glenn B.', NULL, NULL, NULL, NULL, NULL, NULL),
(44, 'DESKTOP COMPUTER', 'ACER VERITON X2670G', 'CPU:\nMONITOR:\nUPS:', 'DESKTOP COMPUTER, ACER VERITON X2670G, SYSTEM UNIT SN: DTVTFSP005044040583000, MONITOR SN: MMLY7SS02410509169858M, UPS SN: 310026735B45088600230', NULL, '2021-12-05', '47,583.40', '139-763', '1-07-05-030 (223)', NULL, 'unit', '47,583.40', '1', 'General Services Office', 'RIOTOC, Marleen Jewel D.', NULL, NULL, NULL, NULL, NULL, NULL),
(45, 'DESKTOP COMPUTER', 'ACER VERITON X2670G', 'CPU:\nMONITOR:\nUPS:', 'DESKTOP COMPUTER, ACER VERITON X2670G, SYSTEM UNIT SN: DTVTFSP0050440405E3000, MONITOR SN: MMLY7SS02410509158858M, UPS SN: 310026735B45088600166', NULL, '2021-12-05', '47,583.40', '139-764', '1-07-05-030 (223)', NULL, 'unit', '47,583.40', '1', 'General Services Office', 'BUENO, Joan E.', NULL, NULL, NULL, NULL, NULL, NULL),
(46, 'DESKTOP COMPUTER', 'ACER VERITON X2670G', 'CPU:\nMONITOR:\nUPS:', 'DESKTOP COMPUTER, ACER VERITON X2670G, SYSTEM UNIT SN: DTVTFSP00504403EA13000, MONITOR SN: MMLY7SS02410509183858M, UPS SN: 310026735B45088600167', NULL, '2021-12-05', '47,583.40', '139-765', '1-07-05-030 (223)', NULL, 'unit', '47,583.40', '1', 'General Services Office', 'BAYQUEN, Joselito G.', NULL, NULL, NULL, NULL, NULL, NULL),
(47, 'DESKTOP COMPUTER', 'ACER VERITON X2670G', 'CPU:\nMONITOR:\nUPS:', 'DESKTOP COMPUTER, ACER VERITON X2670G, SYSTEM UNIT SN: DTVTFSP00504403F703000, MONITOR SN: MMLY7SS02410509189858M, UPS SN: 310026735B45088600168', NULL, '2021-12-05', '47,583.40', '139-766', '1-07-05-030 (223)', NULL, 'unit', '47,583.40', '1', 'General Services Office', 'MARRERO, Patrick T.', NULL, NULL, NULL, NULL, NULL, NULL),
(48, 'DESKTOP COMPUTER', 'ACER VERITON X2670G', 'CPU:\nMONITOR:\nUPS:', 'DESKTOP COMPUTER, ACER VERITON X2670G, SYSTEM UNIT SN: DTVTFSP00504403E9D3000, MONITOR SN: MMLY7SS02410508F76858M, UPS SN: 310026735B45088600193', NULL, '2021-12-05', '47,583.40', '139-767', '1-07-05-030 (223)', NULL, 'unit', '47,583.40', '1', 'Health Services Office', 'PAKOY, Maria Lourdes', NULL, NULL, NULL, NULL, NULL, NULL),
(49, 'DESKTOP COMPUTER', 'ACER VERITON X2670G', 'CPU:\nMONITOR:\nUPS:', 'DESKTOP COMPUTER, ACER VERITON X2670G, SYSTEM UNIT SN: DTVTFSP00504403FF03000, MONITOR SN: MMLY7SS0240510B316858M, UPS SN: 310026735B45088600194', NULL, '2021-12-05', '47,583.40', '139-768', '1-07-05-030 (223)', NULL, 'unit', '47,583.40', '1', 'Health Services Office', 'PAKOY, Maria Lourdes', NULL, NULL, NULL, NULL, NULL, NULL),
(50, 'DESKTOP COMPUTER', 'ACER VERITON X2670G', 'CPU:\nMONITOR:\nUPS:', 'DESKTOP COMPUTER, ACER VERITON X2670G, SYSTEM UNIT SN: DTVTFSP005044040653000, MONITOR SN: MMLY7SS0241050916C858M, UPS SN: 310026735B45088600195', NULL, '2021-12-05', '47,583.40', '139-769', '1-07-05-030 (223)', NULL, 'unit', '47,583.40', '1', 'Health Services Office', 'PAKOY, Maria Lourdes', NULL, NULL, NULL, NULL, NULL, NULL),
(51, 'DESKTOP COMPUTER', 'ACER VERITON X2670G', 'CPU:\nMONITOR:\nUPS:', 'DESKTOP COMPUTER, ACER VERITON X2670G, SYSTEM UNIT SN: DTVTFSP005044040693000, MONITOR SN: MMLY7SS0241050918F858M, UPS SN: 310026735B45088600196', NULL, '2021-12-05', '47,583.40', '139-770', '1-07-05-030 (223)', NULL, 'unit', '47,583.40', '1', 'Health Services Office', 'PAKOY, Maria Lourdes', NULL, NULL, NULL, NULL, NULL, NULL),
(52, 'DESKTOP COMPUTER', 'ACER VERITON X2670G', 'CPU:\nMONITOR:\nUPS:', 'DESKTOP COMPUTER, ACER VERITON X2670G, SYSTEM UNIT SN: DTVTFSP00504403FC13000, MONITOR SN: MMLY7SS0240510B366858M, UPS SN: 310026735B45088600149', NULL, '2021-12-05', '47,583.40', '139-771', '1-07-05-030 (223)', NULL, 'unit', '47,583.40', '1', 'Health Services Office', 'PAKOY, Maria Lourdes', NULL, NULL, NULL, NULL, NULL, NULL),
(53, 'DESKTOP COMPUTER', 'ACER VERITON X2670G', 'CPU:\nMONITOR:\nUPS:', 'DESKTOP COMPUTER, ACER VERITON X2670G, SYSTEM UNIT SN: DTVTFSP00504403F683000, MONITOR SN: MMLY7SS0241050912E858M, UPS SN: 310026735B45088600150', NULL, '2021-12-05', '47,583.40', '139-772', '1-07-05-030 (223)', NULL, 'unit', '47,583.40', '1', 'City Administrator\'s Office', 'BRILLANTES, Celia Flor C.', NULL, NULL, NULL, NULL, NULL, NULL),
(54, 'DESKTOP COMPUTER', 'ACER VERITON X2670G', 'CPU:\nMONITOR:\nUPS:', 'DESKTOP COMPUTER, ACER VERITON X2670G, SYSTEM UNIT SN: DTVTFSP0050440401C3000, MONITOR SN: MMLY7SS02410509136858M, UPS SN: 310026735B45088600151', NULL, '2021-12-05', '47,583.40', '139-773', '1-07-05-030 (223)', NULL, 'unit', '47,583.40', '1', 'City Administrator\'s Office', 'BRILLANTES, Celia Flor C.', NULL, NULL, NULL, NULL, NULL, NULL),
(55, 'DESKTOP COMPUTER', 'ACER VERITON X2670G', 'CPU:\nMONITOR:\nUPS:', 'DESKTOP COMPUTER, ACER VERITON X2670G, SYSTEM UNIT SN: DTVTFSP00504403F483000, MONITOR SN: MMLY7SS02410509190858M, UPS SN: 310026735B45088600152', NULL, '2021-12-05', '47,583.40', '139-774', '1-07-05-030 (223)', NULL, 'unit', '47,583.40', '1', 'City Administrator\'s Office', 'BRILLANTES, Celia Flor C.', NULL, NULL, NULL, NULL, NULL, NULL),
(56, 'DESKTOP COMPUTER', 'ACER VERITON X2670G', 'CPU:\nMONITOR:\nUPS:', 'DESKTOP COMPUTER, ACER VERITON X2670G, SYSTEM UNIT SN: DTVTFSP005044040343000, MONITOR SN: MMLY7SS0241050918C858M, UPS SN: 310026735B45088600061', NULL, '2021-12-05', '47,583.40', '139-775', '1-07-05-030 (223)', NULL, 'unit', '47,583.40', '1', 'City Administrator\'s Office', 'BRILLANTES, Celia Flor C.', NULL, NULL, NULL, NULL, NULL, NULL),
(57, 'DESKTOP COMPUTER', 'ACER VERITON X2670G', 'CPU:\nMONITOR:\nUPS:', 'DESKTOP COMPUTER, ACER VERITON X2670G, SYSTEM UNIT SN: DTVTFSP00504403FC23000, MONITOR SN: MMLY7SS0240510B359858M, UPS SN: 310026735B45088600062', NULL, '2021-12-05', '47,583.40', '139-776', '1-07-05-030 (223)', NULL, 'unit', '47,583.40', '1', 'City Administrator\'s Office', 'BRILLANTES, Celia Flor C.', NULL, NULL, NULL, NULL, NULL, NULL),
(58, 'DESKTOP COMPUTER', 'ACER VERITON X2670G', 'CPU:\nMONITOR:\nUPS:', 'DESKTOP COMPUTER, ACER VERITON X2670G, SYSTEM UNIT SN: DTVTFSP00504403FC53000, MONITOR SN: MMLY7SS02410508F81858M, UPS SN: 310026735B45088600063', NULL, '2021-12-05', '47,583.40', '139-777', '1-07-05-030 (223)', NULL, 'unit', '47,583.40', '1', 'City Administrator\'s Office', 'BRILLANTES, Celia Flor C.', NULL, NULL, NULL, NULL, NULL, NULL),
(59, 'DESKTOP COMPUTER', 'ACER VERITON X2670G', 'CPU:\nMONITOR:\nUPS:', 'DESKTOP COMPUTER, ACER VERITON X2670G, SYSTEM UNIT SN: DTVTFSP00504403FB73000, MONITOR SN: MMLY7SS0241050915D858M, UPS SN: 310026735B45088600064', NULL, '2021-12-05', '47,583.40', '139-778', '1-07-05-030 (223)', NULL, 'unit', '47,583.40', '1', 'City Administrator\'s Office', 'BRILLANTES, Celia Flor C.', NULL, NULL, NULL, NULL, NULL, NULL),
(60, 'DESKTOP COMPUTER', 'ACER VERITON X2670G', 'CPU:\nMONITOR:\nUPS:', 'DESKTOP COMPUTER, ACER VERITON X2670G, SYSTEM UNIT SN: DTVTFSP00504403DFE3000, MONITOR SN: MMLY7SS0241050912D858M, UPS SN: 310026735B45088600085', NULL, '2021-12-05', '47,583.40', '139-779', '1-07-05-030 (223)', NULL, 'unit', '47,583.40', '1', 'City Administrator\'s Office', 'BRILLANTES, Celia Flor C.', NULL, NULL, NULL, NULL, NULL, NULL),
(61, 'DESKTOP COMPUTER', 'ACER VERITON X2670G', 'CPU:\nMONITOR:\nUPS:', 'DESKTOP COMPUTER, ACER VERITON X2670G, SYSTEM UNIT SN: DTVTFSP005044040683000, MONITOR SN: MMLY7SS0241050912C858M, UPS SN: 310026735B45088600086', NULL, '2021-12-05', '47,583.40', '139-780', '1-07-05-030 (223)', NULL, 'unit', '47,583.40', '1', 'City Administrator\'s Office', 'BRILLANTES, Celia Flor C.', NULL, NULL, NULL, NULL, NULL, NULL),
(62, 'DESKTOP COMPUTER', 'ACER VERITON X2670G', 'CPU:\nMONITOR:\nUPS:', 'DESKTOP COMPUTER, ACER VERITON X2670G, SYSTEM UNIT SN: DTVTFSP00504403FD53000, MONITOR SN: MMLY7SS02410509171858M, UPS SN: 310026735B45088600087', NULL, '2021-12-05', '47,583.40', '139-781', '1-07-05-030 (223)', NULL, 'unit', '47,583.40', '1', 'City Administrator\'s Office', 'BRILLANTES, Celia Flor C.', NULL, NULL, NULL, NULL, NULL, NULL),
(63, 'DESKTOP COMPUTER', 'ACER VERITON X2670G', 'CPU:\nMONITOR:\nUPS:', 'DESKTOP COMPUTER, ACER VERITON X2670G, SYSTEM UNIT SN: DTVTFSP00504403F6E3000, MONITOR SN: MMLY7SS02410508F59858M, UPS SN: 310026735B45088600088', NULL, '2021-12-05', '47,583.40', '139-782', '1-07-05-030 (223)', NULL, 'unit', '47,583.40', '1', 'City Administrator\'s Office', 'BRILLANTES, Celia Flor C.', NULL, NULL, NULL, NULL, NULL, NULL),
(64, 'DESKTOP COMPUTER', 'ACER VERITON X2670G', 'CPU:\nMONITOR:\nUPS:', 'DESKTOP COMPUTER, ACER VERITON X2670G, SYSTEM UNIT SN: DTVTFSP00504403FCB3000, MONITOR SN: MMLY7SS02410508F70858M, UPS SN: 310026735B45088600069', NULL, '2021-12-05', '47,583.40', '139-783', '1-07-05-030 (223)', NULL, 'unit', '47,583.40', '1', 'City Mayor\'s Office', 'DICTAAN, Jaico', NULL, NULL, NULL, NULL, NULL, NULL),
(65, 'DESKTOP COMPUTER', 'ACER VERITON X2670G', 'CPU:\nMONITOR:\nUPS:', 'DESKTOP COMPUTER, ACER VERITON X2670G, SYSTEM UNIT SN: DTVTFSP00504403F653000, MONITOR SN: MMLY7SS0240510B317858M, UPS SN: 310026735B45088600070', NULL, '2021-12-05', '47,583.40', '139-784', '1-07-05-030 (223)', NULL, 'unit', '47,583.40', '1', 'City Mayor\'s Office', 'BANTA, Ana Marie', NULL, NULL, NULL, NULL, NULL, NULL),
(66, 'DESKTOP COMPUTER', 'ACER VERITON X2670G', 'CPU:\nMONITOR:\nUPS:', 'DESKTOP COMPUTER, ACER VERITON X2670G, SYSTEM UNIT SN: DTVTFSP0050440405A3000, MONITOR SN: MMLY7SS02410508F56858M, UPS SN: 310026735B45088600071', NULL, '2021-12-05', '47,583.40', '139-785', '1-07-05-030 (223)', NULL, 'unit', '47,583.40', '1', 'City Mayor\'s Office', 'MACABIOG, Regina', NULL, NULL, NULL, NULL, NULL, NULL),
(67, 'DESKTOP COMPUTER', 'ACER VERITON X2670G', 'CPU:\nMONITOR:\nUPS:', 'DESKTOP COMPUTER, ACER VERITON X2670G, SYSTEM UNIT SN: DTVTFSP00504403DFB3000, MONITOR SN: MMLY7SS0241050916A858M, UPS SN: 310026735B45088600072', NULL, '2021-12-05', '47,583.40', '139-786', '1-07-05-030 (223)', NULL, 'unit', '47,583.40', '1', 'City Mayor\'s Office', 'BANTA, Ana Marie', NULL, NULL, NULL, NULL, NULL, NULL),
(68, 'DESKTOP COMPUTER', 'ACER VERITON X2670G', 'CPU:\nMONITOR:\nUPS:', 'DESKTOP COMPUTER, ACER VERITON X2670G, SYSTEM UNIT SN: DTVTFSP0050440406E3000, MONITOR SN: MMLY7SS0240510B36B858M, UPS SN: 310026735B45088600125', NULL, '2021-12-05', '47,583.40', '139-787', '1-07-05-030 (223)', NULL, 'unit', '47,583.40', '1', 'City Mayor\'s Office', 'BELINGON, Elvira D.', NULL, NULL, NULL, NULL, NULL, NULL),
(69, 'DESKTOP COMPUTER', 'ACER VERITON X2670G', 'CPU:\nMONITOR:\nUPS:', 'DESKTOP COMPUTER, ACER VERITON X2670G, SYSTEM UNIT SN: DTVTFSP00504403FEF3000, MONITOR SN: MMLY7SS0240510B318858M, UPS SN: 310026735B45088600126', NULL, '2021-12-05', '47,583.40', '139-788', '1-07-05-030 (223)', NULL, 'unit', '47,583.40', '1', 'City Mayor\'s Office', 'BANTA, Ana Marie', NULL, NULL, NULL, NULL, NULL, NULL),
(70, 'DESKTOP COMPUTER', 'ACER VERITON X2670G', 'CPU:\nMONITOR:\nUPS:', 'DESKTOP COMPUTER, ACER VERITON X2670G, SYSTEM UNIT SN: DTVTFSP00504403FD73000, MONITOR SN: MMLY7SS02410509178858M, UPS SN: 310026735B45088600127', NULL, '2021-12-05', '47,583.40', '139-789', '1-07-05-030 (223)', NULL, 'unit', '47,583.40', '1', 'City Mayor\'s Office', 'BANTA, Ana Marie', NULL, NULL, NULL, NULL, NULL, NULL),
(71, 'DESKTOP COMPUTER', 'ACER VERITON X2670G', 'CPU:\nMONITOR:\nUPS:', 'DESKTOP COMPUTER, ACER VERITON X2670G, SYSTEM UNIT SN: DTVTFSP00504403EF03000, MONITOR SN: MMLY7SS02410509182858M, UPS SN: 310026735B45088600128', NULL, '2021-12-05', '47,583.40', '139-790', '1-07-05-030 (223)', NULL, 'unit', '47,583.40', '1', 'Health Services Office', 'DAIWEY, Mia Lee', NULL, NULL, NULL, NULL, NULL, NULL),
(72, 'DESKTOP COMPUTER', 'ACER VERITON X2670G', 'CPU:\nMONITOR:\nUPS:', 'DESKTOP COMPUTER, ACER VERITON X2670G, SYSTEM UNIT SN: DTVTFSP00504403FD43000, MONITOR SN: MMLY7SS02410508F57858M, UPS SN: 310026735B45088600229', NULL, '2021-12-05', '47,583.40', '139-791', '1-07-05-030 (223)', NULL, 'unit', '47,583.40', '1', 'City Mayor\'s Office', 'BANTA, Ana Marie', NULL, NULL, NULL, NULL, NULL, NULL),
(73, 'DESKTOP COMPUTER', 'ACER VERITON X2670G', 'CPU:\nMONITOR:\nUPS:', 'DESKTOP COMPUTER, ACER VERITON X2670G, SYSTEM UNIT SN: DTVTFSP00504403FCC3000, MONITOR SN: MMLY7SS02410509132858M, UPS SN: 310026739A94058300150', NULL, '2021-12-05', '47,583.40', '139-792', '1-07-05-030 (223)', NULL, 'unit', '47,583.40', '1', 'City Mayor\'s Office', 'DICTAAN, Jaico', NULL, NULL, NULL, NULL, NULL, NULL),
(74, 'DESKTOP COMPUTER', 'ACER VERITON X2670G', 'CPU:\nMONITOR:\nUPS:', 'DESKTOP COMPUTER, ACER VERITON X2670G, SYSTEM UNIT SN: DTVTFSP00504403FB13000, MONITOR SN: MMLY7SS02410508F83858M, UPS SN: 310026735B45088600231', NULL, '2021-12-05', '47,583.40', '139-793', '1-07-05-030 (223)', NULL, 'unit', '47,583.40', '1', 'City Mayor\'s Office', 'BANTA, Ana Marie', NULL, NULL, NULL, NULL, NULL, NULL),
(75, 'DESKTOP COMPUTER', 'ACER VERITON X2670G', 'CPU:\nMONITOR:\nUPS:', 'DESKTOP COMPUTER, ACER VERITON X2670G, SYSTEM UNIT SN: DTVTFSP005044040533000, MONITOR SN: MMLY7SS02410508F8B858M, UPS SN: 310026735B45088600232', NULL, '2021-12-05', '47,583.40', '139-794', '1-07-05-030 (223)', NULL, 'unit', '47,583.40', '1', 'City Mayor\'s Office', 'MACABIOG, Regina', NULL, NULL, NULL, NULL, NULL, NULL),
(76, 'DESKTOP COMPUTER', 'ACER VERITON X2670G', 'CPU:\nMONITOR:\nUPS:', 'DESKTOP COMPUTER, ACER VERITON X2670G, SYSTEM UNIT SN: DTVTFSP00504403FC43000, MONITOR SN: MMLY7SS02410508F5B858M, UPS SN: 310026735B45088600045', NULL, '2021-12-05', '47,583.40', '139-795', '1-07-05-030 (223)', NULL, 'unit', '47,583.40', '1', 'City Mayor\'s Office', 'BANTA, Ana Marie', NULL, NULL, NULL, NULL, NULL, NULL),
(77, 'DESKTOP COMPUTER', 'ACER VERITON X2670G', 'CPU:\nMONITOR:\nUPS:', 'DESKTOP COMPUTER, ACER VERITON X2670G, SYSTEM UNIT SN: DTVTFSP00504403FDA3000, MONITOR SN: MMLY7SS02410508F61858M, UPS SN: 310026735B45088600046', NULL, '2021-12-05', '47,583.40', '139-796', '1-07-05-030 (223)', NULL, 'unit', '47,583.40', '1', 'City Mayor\'s Office', 'BELINGON, Elvira D.', NULL, NULL, NULL, NULL, NULL, NULL),
(78, 'DESKTOP COMPUTER', 'ACER VERITON X2670G', 'CPU:\nMONITOR:\nUPS:', 'DESKTOP COMPUTER, ACER VERITON X2670G, SYSTEM UNIT SN: DTVTFSP00504403FB93000, MONITOR SN: MMLY7SS02410508F58858M, UPS SN: 310026735B45088600047', NULL, '2021-12-05', '47,583.40', '139-797', '1-07-05-030 (223)', NULL, 'unit', '47,583.40', '1', 'City Mayor\'s Office', 'MACABIOG, Regina', NULL, NULL, NULL, NULL, NULL, NULL),
(79, 'DESKTOP COMPUTER', 'ACER VERITON X2670G', 'CPU:\nMONITOR:\nUPS:', 'DESKTOP COMPUTER, ACER VERITON X2670G, SYSTEM UNIT SN: DTVTFSP00504403FBF3000, MONITOR SN: MMLY7SS02410508F5E858M, UPS SN: 310026735B45088600048', NULL, '2021-12-05', '47,583.40', '139-798', '1-07-05-030 (223)', NULL, 'unit', '47,583.40', '1', 'City Mayor\'s Office', 'BELINGON, Elvira D.', NULL, NULL, NULL, NULL, NULL, NULL),
(80, 'DESKTOP COMPUTER', 'ACER VERITON X2670G', 'CPU:\nMONITOR:\nUPS:', 'DESKTOP COMPUTER, ACER VERITON X2670G, SYSTEM UNIT SN: DTVTFSP00504403FBC3000, MONITOR SN: MMLY7SS02410508F63858M, UPS SN: 310026735B45088600021', NULL, '2021-12-05', '47,583.40', '139-799', '1-07-05-030 (223)', NULL, 'unit', '47,583.40', '1', 'City Mayor\'s Office', 'BELINGON, Elvira D.', NULL, NULL, NULL, NULL, NULL, NULL),
(81, 'DESKTOP COMPUTER', 'ACER VERITON X2670G', 'CPU:\nMONITOR:\nUPS:', 'DESKTOP COMPUTER, ACER VERITON X2670G, SYSTEM UNIT SN: DTVTFSP00504403FB63000, MONITOR SN: MMLY7SS0240510B330858M, UPS SN: 310026735B45088600022', NULL, '2021-12-05', '47,583.40', '139-800', '1-07-05-030 (223)', NULL, 'unit', '47,583.40', '1', 'City Mayor\'s Office', 'DICTAAN, Jaico', NULL, NULL, NULL, NULL, NULL, NULL),
(82, 'DESKTOP COMPUTER', 'ACER VERITON X2670G', 'CPU:\nMONITOR:\nUPS:', 'DESKTOP COMPUTER, ACER VERITON X2670G, SYSTEM UNIT SN: DTVTFSP00504403DCE3000, MONITOR SN: MMLY7SS0240510B357858M, UPS SN: 310026735B45088600023', NULL, '2021-12-05', '47,583.40', '139-801', '1-07-05-030 (223)', NULL, 'unit', '47,583.40', '1', 'City Mayor\'s Office', 'HORA, Nelson E.', NULL, NULL, NULL, NULL, NULL, NULL),
(83, 'DESKTOP COMPUTER', 'ACER VERITON X2670G', 'CPU:\nMONITOR:\nUPS:', 'DESKTOP COMPUTER, ACER VERITON X2670G, SYSTEM UNIT SN: DTVTFSP005044040513000, MONITOR SN: MMLY7SS02410508F60858M, UPS SN: 310026735B45088600024', NULL, '2021-12-05', '47,583.40', '139-802', '1-07-05-030 (223)', NULL, 'unit', '47,583.40', '1', 'City Mayor\'s Office', 'BANTA, Ana Marie', NULL, NULL, NULL, NULL, NULL, NULL),
(84, 'DESKTOP COMPUTER', 'ACER VERITON X2670G', 'CPU:\nMONITOR:\nUPS:', 'DESKTOP COMPUTER, ACER VERITON X2670G, SYSTEM UNIT SN: DTVTFSP00504403FD83000, MONITOR SN: MMLY7SS0240510B363858M, UPS SN: 310026735B45088600177', NULL, '2021-12-05', '47,583.40', '139-803', '1-07-05-030 (223)', NULL, 'unit', '47,583.40', '1', 'Health Services Office', 'DAIWEY, Mia Lee', NULL, NULL, NULL, NULL, NULL, NULL),
(85, 'DESKTOP COMPUTER', 'ACER VERITON X2670G', 'CPU:\nMONITOR:\nUPS:', 'DESKTOP COMPUTER, ACER VERITON X2670G, SYSTEM UNIT SN: DTVTFSP00504403ED33000, MONITOR SN: MMLY7SS02410508F62858M, UPS SN: 310026735B45088600178', NULL, '2021-12-05', '47,583.40', '139-804', '1-07-05-030 (223)', NULL, 'unit', '47,583.40', '1', 'City Budget Office', 'PASCUAL, Maria Elizabeth R.', NULL, NULL, NULL, NULL, NULL, NULL),
(86, 'DESKTOP COMPUTER', 'ACER VERITON X2670G', 'CPU:\nMONITOR:\nUPS:', 'DESKTOP COMPUTER, ACER VERITON X2670G, SYSTEM UNIT SN: DTVTFSP00504403E9E3000, MONITOR SN: MMLY7SS0240510B362858M, UPS SN: 310026735B45088600179', NULL, '2021-12-05', '47,583.40', '139-805', '1-07-05-030 (223)', NULL, 'unit', '47,583.40', '1', 'City Budget Office', 'MOLE, Sherwin', NULL, NULL, NULL, NULL, NULL, NULL),
(87, 'DESKTOP COMPUTER', 'ACER VERITON X2670G', 'CPU:\nMONITOR:\nUPS:', 'DESKTOP COMPUTER, ACER VERITON X2670G, SYSTEM UNIT SN: DTVTFSP00504403F673000, MONITOR SN: MMLY7SS02410509188858M, UPS SN: 310026735B45088600180', NULL, '2021-12-05', '47,583.40', '139-806', '1-07-05-030 (223)', NULL, 'unit', '47,583.40', '1', 'City Budget Office', 'CAGUIOA, Emerita T.', NULL, NULL, NULL, NULL, NULL, NULL),
(88, 'DESKTOP COMPUTER', 'ACER VERITON X2670G', 'CPU:\nMONITOR:\nUPS:', 'DESKTOP COMPUTER, ACER VERITON X2670G, SYSTEM UNIT SN: DTVTFSP00504403F6D3000, MONITOR SN: MMLY7SS02410509185858M, UPS SN: 310026735B45088600217', NULL, '2021-12-05', '47,583.40', '139-807', '1-07-05-030 (223)', NULL, 'unit', '47,583.40', '1', 'City Budget Office', 'BERDAL, Mark Anthony N.', NULL, NULL, NULL, NULL, NULL, NULL),
(89, 'DESKTOP COMPUTER', 'ACER VERITON X2670G', 'CPU:\nMONITOR:\nUPS:', 'DESKTOP COMPUTER, ACER VERITON X2670G, SYSTEM UNIT SN: DTVTFSP00504403FC33000, MONITOR SN: MMLY7SS02410508F5A858M, UPS SN: 310026735B45088600218', NULL, '2021-12-05', '47,583.40', '139-808', '1-07-05-030 (223)', NULL, 'unit', '47,583.40', '1', 'City Budget Office', 'BERDAL, Mark Anthony N.', NULL, NULL, NULL, NULL, NULL, NULL),
(90, 'DESKTOP COMPUTER', 'ACER VERITON X2670G', 'CPU:\nMONITOR:\nUPS:', 'DESKTOP COMPUTER, ACER VERITON X2670G, SYSTEM UNIT SN: DTVTFSP005044040333000, MONITOR SN: MMT90SS00111404C482431, UPS SN: 310026735B45088600219', NULL, '2021-12-05', '47,583.40', '139-809', '1-07-05-030 (223)', NULL, 'unit', '47,583.40', '1', 'City Budget Office', 'BERDAL, Mark Anthony N.', NULL, NULL, NULL, NULL, NULL, NULL),
(91, 'DESKTOP COMPUTER', 'ACER VERITON X2670G', 'CPU:\nMONITOR:\nUPS:', 'DESKTOP COMPUTER, ACER VERITON X2670G, SYSTEM UNIT SN: DTVTFSP00504403F0F3000, MONITOR SN: MMLY7SS02410508F73858M, UPS SN: 310026735B45088600220', NULL, '2021-12-05', '47,583.40', '139-810', '1-07-05-030 (223)', NULL, 'unit', '47,583.40', '1', 'City Budget Office', 'USON, Angelina Nia Zandra B.', NULL, NULL, NULL, NULL, NULL, NULL),
(92, 'DESKTOP COMPUTER', 'ACER VERITON X2670G', 'CPU:\nMONITOR:\nUPS:', 'DESKTOP COMPUTER, ACER VERITON X2670G, SYSTEM UNIT SN: DTVTFSP0050440405B3000, MONITOR SN: MMLY7SS02410508F6B858M, UPS SN: 310026735B45088600037', NULL, '2021-12-05', '47,583.40', '139-811', '1-07-05-030 (223)', NULL, 'unit', '47,583.40', '1', 'City Mayor\'s Office', 'DICTAAN, Jaico', NULL, NULL, NULL, NULL, NULL, NULL),
(93, 'DESKTOP COMPUTER', 'ACER VERITON X2670G', 'CPU:\nMONITOR:\nUPS:', 'DESKTOP COMPUTER, ACER VERITON X2670G, SYSTEM UNIT SN: DTVTFSP00504403FF33000, MONITOR SN: MMLY7SS0240510B333858M, UPS SN: 310026735B45088600038', NULL, '2021-12-05', '47,583.40', '139-812', '1-07-05-030 (223)', NULL, 'unit', '47,583.40', '1', 'City Mayor\'s Office', 'DICTAAN, Jaico', NULL, NULL, NULL, NULL, NULL, NULL),
(94, 'DESKTOP COMPUTER', 'ACER VERITON X2670G', 'CPU:\nMONITOR:\nUPS:', 'DESKTOP COMPUTER, ACER VERITON X2670G, SYSTEM UNIT SN: DTVTFSP005044040613000, MONITOR SN: MMLY7SS02410509162858M, UPS SN: 310026735B45088600039', NULL, '2021-12-05', '47,583.40', '139-813', '1-07-05-030 (223)', NULL, 'unit', '47,583.40', '1', 'City Mayor\'s Office', 'DICTAAN, Jaico', NULL, NULL, NULL, NULL, NULL, NULL),
(95, 'DESKTOP COMPUTER', 'ACER VERITON X2670G', 'CPU:\nMONITOR:\nUPS:', 'DESKTOP COMPUTER, ACER VERITON X2670G, SYSTEM UNIT SN: DTVTFSP00504403E003000, MONITOR SN: MMLY7SS02410508F64858M, UPS SN: 310026735B45088600040', NULL, '2021-12-05', '47,583.40', '139-814', '1-07-05-030 (223)', NULL, 'unit', '47,583.40', '1', 'City Mayor\'s Office', 'DICTAAN, Jaico', NULL, NULL, NULL, NULL, NULL, NULL),
(96, 'DESKTOP COMPUTER', 'ACER VERITON X2670G', 'CPU:\nMONITOR:\nUPS:', 'DESKTOP COMPUTER, ACER VERITON X2670G, SYSTEM UNIT SN: DTVTFSP00504403DBA3000, MONITOR SN: MMLY7SS0241050917B858M, UPS SN: 310026735B45088600025', NULL, '2021-12-05', '47,583.40', '139-815', '1-07-05-030 (223)', NULL, 'unit', '47,583.40', '1', 'City Budget Office', 'OVIEDO, Leopoldo Jr. H.', NULL, NULL, NULL, NULL, NULL, NULL),
(97, 'DESKTOP COMPUTER', 'ACER VERITON X2670G', 'CPU:\nMONITOR:\nUPS:', 'DESKTOP COMPUTER, ACER VERITON X2670G, SYSTEM UNIT SN: DTVTFSP0050440405F3000, MONITOR SN: MMLY7SS02410509177858M, UPS SN: 310026735B45088600026', NULL, '2021-12-05', '47,583.40', '139-816', '1-07-05-030 (223)', NULL, 'unit', '47,583.40', '1', 'City Budget Office', 'USON, Angelina Nia Zandra B.', NULL, NULL, NULL, NULL, NULL, NULL),
(98, 'DESKTOP COMPUTER', 'ACER VERITON X2670G', 'CPU:\nMONITOR:\nUPS:', 'DESKTOP COMPUTER, ACER VERITON X2670G, SYSTEM UNIT SN: DTVTFSP005044040603000, MONITOR SN: MMLY7SS0240510B36D858M, UPS SN: 310026735B45088600027', NULL, '2021-12-05', '47,583.40', '139-817', '1-07-05-030 (223)', NULL, 'unit', '47,583.40', '1', 'City Budget Office', 'BALAGOT, Jenatt A.', NULL, NULL, NULL, NULL, NULL, NULL),
(99, 'DESKTOP COMPUTER', 'ACER VERITON X2670G', 'CPU:\nMONITOR:\nUPS:', 'DESKTOP COMPUTER, ACER VERITON X2670G, SYSTEM UNIT SN: DTVTFSP00504403FB53000, MONITOR SN: MMLY7SS0240510B361858M, UPS SN: 310026735B45088600028', NULL, '2021-12-05', '47,583.40', '139-818', '1-07-05-030 (223)', NULL, 'unit', '47,583.40', '1', 'City Budget Office', 'ALMAZAN, Sidney Faye V.', NULL, NULL, NULL, NULL, NULL, NULL),
(100, 'DESKTOP COMPUTER', 'ACER VERITON X2670G', 'CPU:\nMONITOR:\nUPS:', 'DESKTOP COMPUTER, ACER VERITON X2670G, SYSTEM UNIT SN: DTVTFSP00504403FB83000, MONITOR SN: MMLY7SS0240510B369858M, UPS SN: 310026735B45088600077', NULL, '2021-12-05', '47,583.40', '139-819', '1-07-05-030 (223)', NULL, 'unit', '47,583.40', '1', 'City Budget Office', 'ANGNEN, Mario C.', NULL, NULL, NULL, NULL, NULL, NULL),
(101, 'DESKTOP COMPUTER', 'ACER VERITON X2670G', 'CPU:\nMONITOR:\nUPS:', 'DESKTOP COMPUTER, ACER VERITON X2670G, SYSTEM UNIT SN: DTVTFSP0050440406A3000, MONITOR SN: MMLY7SS0240510B370858M, UPS SN: 310026735B45088600078', NULL, '2021-12-05', '47,583.40', '139-820', '1-07-05-030 (223)', NULL, 'unit', '47,583.40', '1', 'City Budget Office', 'NGETEG, Blessie C.', NULL, NULL, NULL, NULL, NULL, NULL),
(102, 'DESKTOP COMPUTER', 'ACER VERITON X2670G', 'CPU:\nMONITOR:\nUPS:', 'DESKTOP COMPUTER, ACER VERITON X2670G, SYSTEM UNIT SN: DTVTFSP00504403FD63000, MONITOR SN: MMLY7SS0240510B370858M, UPS SN: 310026735B45088600079', NULL, '2021-12-05', '47,583.40', '139-821', '1-07-05-030 (223)', NULL, 'unit', '47,583.40', '1', 'City Budget Office', 'NGETEG, Blessie C.', NULL, NULL, NULL, NULL, NULL, NULL),
(103, 'DESKTOP COMPUTER', 'ACER VERITON X2670G', 'CPU:\nMONITOR:\nUPS:', 'DESKTOP COMPUTER, ACER VERITON X2670G, SYSTEM UNIT SN: DTVTFSP00504403FC93000, MONITOR SN: MMLY7SS02410509184858M, UPS SN: 310026735B45088600080', NULL, '2021-12-05', '47,583.40', '139-822', '1-07-05-030 (223)', NULL, 'unit', '47,583.40', '1', 'City Budget Office', 'PALICDON, Mary Grace A.', NULL, NULL, NULL, NULL, NULL, NULL),
(104, 'DESKTOP COMPUTER', 'ACER VERITON X2670G', 'CPU: DTVTFSP00504403FE13000\nMONITOR: MMT90SS00111404C3F2431\nUPS: 310026735B45088600201', NULL, NULL, '2021-12-05', '47,583.40', '139-823', '1-07-05-030 (223)', NULL, 'unit', '47,583.40', '1', 'City Budget Office', 'PALICDON, Mary Grace A.', NULL, NULL, NULL, NULL, NULL, NULL),
(105, 'BOOK', NULL, NULL, 'Sanayang Aklat sa Edukasyong Pantahanan (EPP 4)', NULL, '2005-05-17', '22,773.20', '54-824', '1-07-07-020 (224)', NULL, 'copy', '334.90', '68', 'Department Of Education', 'DELOS SANTOS, Dennis D.', NULL, NULL, NULL, NULL, NULL, NULL),
(106, 'BOOK', NULL, NULL, 'Sanayang Aklat sa Edukasyong Pantahanan (EPP 5)', NULL, '2005-05-17', '30,633.80', '54-825', '1-07-07-020 (224)', NULL, 'copy', '344.20', '89', 'Department Of Education', 'DELOS SANTOS, Dennis D.', NULL, NULL, NULL, NULL, NULL, NULL),
(107, 'BOOK', NULL, NULL, 'Reading Power Skill Book I', NULL, '2005-05-17', '10,270.00', '54-826', '1-07-05-010 (226)', NULL, 'copy', '130.00', '79', 'Department Of Education', 'DELOS SANTOS, Dennis D.', NULL, NULL, NULL, NULL, NULL, NULL),
(108, 'BOOK', NULL, NULL, 'Reading Power Skill Book II', NULL, '2005-05-17', '7,800.00', '54-827', '1-07-07-020 (224)', NULL, 'copy', '130.00', '60', 'Department Of Education', 'DELOS SANTOS, Dennis D.', NULL, NULL, NULL, NULL, NULL, NULL),
(109, 'BOOK', NULL, NULL, 'Reading Power Skill Book III', NULL, '2005-05-17', '9,880.00', '54-828', '1-07-07-020 (224)', NULL, 'copy', '130.00', '76', 'Department Of Education', 'DELOS SANTOS, Dennis D.', NULL, NULL, NULL, NULL, NULL, NULL),
(110, 'BOOK', NULL, NULL, 'Reading Power Skill Book IV', NULL, '2005-05-17', '8,840.00', '54-829', '1-07-07-020 (224)', NULL, 'copy', '130.00', '68', 'Department Of Education', 'DELOS SANTOS, Dennis D.', NULL, NULL, NULL, NULL, NULL, NULL),
(111, 'BOOK', NULL, NULL, 'Reading Power Skill Book V', NULL, '2005-05-17', '11,570.00', '54-830', '1-07-07-020 (224)', NULL, 'copy', '130.00', '89', 'Department Of Education', 'DELOS SANTOS, Dennis D.', NULL, NULL, NULL, NULL, NULL, NULL),
(112, 'BOOK', NULL, NULL, 'Reading Power Skill Book VI', NULL, '2005-05-17', '10,010.00', '54-831', '1-07-07-020 (224)', NULL, 'copy', '130.00', '77', 'Department Of Education', 'DELOS SANTOS, Dennis D.', NULL, NULL, NULL, NULL, NULL, NULL),
(113, 'BOOK', NULL, NULL, 'Map of the Phils. And its 16 political regions', NULL, '2005-05-17', '14,190.00', '54-832', '1-07-07-020 (224)', NULL, 'copy', '1,290.00', '11', 'Department Of Education', 'DELOS SANTOS, Dennis D.', NULL, NULL, NULL, NULL, NULL, NULL),
(114, 'BOOK', NULL, NULL, 'City of Pines - The origins of Baguio', NULL, '2005-05-17', '260.00', '54-833', '1-07-07-020 (224)', NULL, 'copy', '130.00', '2', 'Department Of Education', 'DELOS SANTOS, Dennis D.', NULL, NULL, NULL, NULL, NULL, NULL),
(115, 'TABLE', NULL, NULL, 'Teacher\'s Table with Chair', NULL, '2005-05-05', '5,800.00', '528-834', '1-07-07-010 (222)', NULL, 'pc', '2,900.00', '2', 'Department Of Education', 'DELOS SANTOS, Dennis D.', NULL, NULL, NULL, NULL, NULL, NULL),
(116, 'BOOK', NULL, NULL, 'Basic Speech for You and Me', NULL, '2005-05-13', '15,250.00', '54-835', '1-07-07-020 (224)', NULL, 'pc', '250.00', '61', 'Department Of Education', 'DELOS SANTOS, Dennis D.', NULL, NULL, NULL, NULL, NULL, NULL),
(117, 'BOOK', NULL, NULL, 'Basic Speech for You and Me (Teacher\'s copy)', NULL, '2005-05-13', '2,980.00', '54-836', '1-07-07-020 (224)', NULL, 'pc', '2,980.00', '1', 'Department Of Education', 'DELOS SANTOS, Dennis D.', NULL, NULL, NULL, NULL, NULL, NULL),
(118, 'BOOK', NULL, NULL, 'Excel in Science Worktext', NULL, '2005-05-13', '2,400.00', '54-837', '1-07-07-020 (224)', NULL, 'pc', '40.00', '60', 'Department Of Education', 'DELOS SANTOS, Dennis D.', NULL, NULL, NULL, NULL, NULL, NULL),
(119, 'BOOK', NULL, NULL, 'Excel in Science Practice Text', NULL, '2005-05-13', '2,400.00', '54-838', '1-07-05-010 (226)', NULL, 'pc', '40.00', '60', 'Department Of Education', 'DELOS SANTOS, Dennis D.', NULL, NULL, NULL, NULL, NULL, NULL),
(120, 'BOOK', NULL, NULL, 'Adventure in Science', NULL, '2005-05-13', '2,800.00', '54-839', '1-07-07-020 (224)', NULL, 'pc', '40.00', '70', 'Department Of Education', 'DELOS SANTOS, Dennis D.', NULL, NULL, NULL, NULL, NULL, NULL),
(121, 'TABLE', NULL, NULL, 'Teacher\'s Table', NULL, '2003-05-22', '16,400.00', '528-840', '1-07-07-010 (222)', NULL, 'pc', '3,280.00', '5', 'Department Of Education', 'DELOS SANTOS, Dennis D.', NULL, NULL, NULL, NULL, NULL, NULL),
(122, 'CHAIR', NULL, NULL, 'Teacher\'s Chair', NULL, '2003-05-22', '5,850.00', '114-841', '1-07-07-010 (222)', NULL, 'pc', '1,170.00', '5', 'Department Of Education', 'DELOS SANTOS, Dennis D.', NULL, NULL, NULL, NULL, NULL, NULL),
(123, 'BLACKBOARD', NULL, NULL, '4 x 8; green', NULL, '2003-05-22', '5,320.00', '64-842', '1-07-07-010 (222)', NULL, 'pc', '1,330.00', '4', 'Department Of Education', 'DELOS SANTOS, Dennis D.', NULL, NULL, NULL, NULL, NULL, NULL),
(124, 'BOOK', NULL, NULL, 'Filipino Dictionary', NULL, '2002-02-15', '55,860.00', '54-843', '1-07-07-020 (224)', NULL, 'copy', '3,990.00', '14', 'Department Of Education', 'VIDAL George Jr. B.', NULL, NULL, NULL, NULL, NULL, NULL),
(125, 'BOOK', NULL, NULL, 'Diwang Makabansa 5', NULL, '2002-02-15', '2,500.00', '54-844', '1-07-07-020 (224)', NULL, 'copy', '250.00', '10', 'Department Of Education', 'VIDAL George Jr. B.', NULL, NULL, NULL, NULL, NULL, NULL),
(126, 'CROWBAR', NULL, NULL, 'Crowbar', NULL, '2002-02-15', '530.00', '1156-845', '1-07-05-990 (240)', NULL, 'pc', '265.00', '2', 'Department Of Education', 'VIDAL George Jr. B.', NULL, NULL, NULL, NULL, NULL, NULL),
(127, 'SHOVEL', NULL, NULL, 'Spade Shovel', NULL, '2002-02-15', '1,248.00', '647-846', '1-07-05-990 (240)', NULL, 'pc', '416.00', '3', 'Department Of Education', 'VIDAL George Jr. B.', NULL, NULL, NULL, NULL, NULL, NULL),
(128, 'FORK HOE', NULL, NULL, 'Fork Hoe', NULL, '2002-02-15', '4,350.00', '1157-847', '1-07-05-990 (240)', NULL, 'pc', '1,450.00', '3', 'Department Of Education', 'VIDAL George Jr. B.', NULL, NULL, NULL, NULL, NULL, NULL),
(129, 'GRUB HOE', NULL, NULL, 'Grub Hoe', NULL, '2002-02-15', '3,765.00', '1158-848', '1-07-05-990 (240)', NULL, 'pc', '1,255.00', '3', 'Department Of Education', 'VIDAL George Jr. B.', NULL, NULL, NULL, NULL, NULL, NULL),
(130, 'SPADING FORK', NULL, NULL, 'Spading Fork', NULL, '2001-01-08', '450.00', '1159-849', '1-07-05-990 (240)', NULL, 'pc', '225.00', '2', 'Department Of Education', 'VIDAL George Jr. B.', NULL, NULL, NULL, NULL, NULL, NULL),
(131, 'HAND TOWEL', NULL, NULL, 'Hand Trowel', NULL, '2001-01-08', '635.00', '1160-850', '1-07-05-990 (240)', NULL, 'pc', '635.00', '1', 'Department Of Education', 'VIDAL George Jr. B.', NULL, NULL, NULL, NULL, NULL, NULL),
(132, 'SHOVEL', NULL, NULL, 'Shovel', NULL, '2001-01-08', '1,100.00', '647-851', '1-07-05-990 (240)', NULL, 'pc', '550.00', '2', 'Department Of Education', 'VIDAL George Jr. B.', NULL, NULL, NULL, NULL, NULL, NULL),
(133, 'SHOVEL', NULL, NULL, 'Spade Shovel', NULL, '2001-01-08', '1,248.00', '647-852', '1-07-05-990 (240)', NULL, 'pc', '416.00', '3', 'Department Of Education', 'VIDAL George Jr. B.', NULL, NULL, NULL, NULL, NULL, NULL),
(134, 'GARDEN HOE', NULL, NULL, 'Light Garden Hoe', NULL, '2001-01-08', '1,255.00', '1157-853', '1-07-05-990 (240)', NULL, 'pc', '1,255.00', '1', 'Department Of Education', 'VIDAL George Jr. B.', NULL, NULL, NULL, NULL, NULL, NULL),
(135, 'RAKE', NULL, NULL, 'Rake', NULL, '2001-01-08', '1,565.00', '1161-854', '1-07-05-990 (240)', NULL, 'pc', '1,565.00', '1', 'Department Of Education', 'VIDAL George Jr. B.', NULL, NULL, NULL, NULL, NULL, NULL),
(136, 'PICK MATTOCK', NULL, NULL, 'Pick Mattock', NULL, '2001-01-08', '3,000.00', '1162-855', '1-07-05-990 (240)', NULL, 'pc', '1,500.00', '2', 'Department Of Education', 'VIDAL George Jr. B.', NULL, NULL, NULL, NULL, NULL, NULL),
(137, 'SAW', NULL, NULL, 'Saw', NULL, '2001-01-08', '1,100.00', '449-856', '1-07-05-990 (240)', NULL, 'pc', '1,100.00', '1', 'Department Of Education', 'VIDAL George Jr. B.', NULL, NULL, NULL, NULL, NULL, NULL),
(138, 'CHISEL', NULL, NULL, 'Chisel', NULL, '2001-01-08', '2,880.00', '651-857', '1-07-05-990 (240)', NULL, 'pc', '480.00', '6', 'Department Of Education', 'VIDAL George Jr. B.', NULL, NULL, NULL, NULL, NULL, NULL),
(139, 'DESKTOP COMPUTER', 'PRINTER: HP', 'PRINTER: CN12MINOYB\nMONITOR: A5CSTAA035886', 'Intel Pentium III; with HP deskjet printer ', NULL, '2001-01-08', '35,500.00', '139-858', '1-07-05-030 (223)', NULL, 'set', '35,500.00', '1', 'Department Of Education', 'VIDAL George Jr. B.', NULL, NULL, NULL, NULL, NULL, NULL),
(140, 'WHEELBARROW', NULL, NULL, 'WHEELBARROW', NULL, '2002-01-22', '2,396.00', '606-859', '1-07-05-990 (240)', NULL, 'pc', '1,198.00', '2', 'Department Of Education', 'VIDAL George Jr. B.', NULL, NULL, NULL, NULL, NULL, NULL),
(141, 'LYRE', NULL, NULL, 'LYRE', NULL, '2001-10-12', '9,120.00', '1163-860', NULL, NULL, 'pc', '480.00', '19', 'Department Of Education', 'VIDAL George Jr. B.', NULL, NULL, NULL, NULL, NULL, NULL);
INSERT INTO `generalproperties` (`propertyID`, `article`, `brand`, `serialNo`, `particulars`, `eNGAS`, `acquisitionDate`, `acquisitionCost`, `propertyNo`, `accountNumber`, `estimatedLife`, `unitOfMeasure`, `unitValue`, `quantity`, `officeName`, `accountablePerson`, `scannedDocs`, `yearsOfService`, `monthlyDepreciation`, `accumulatedDepreciation`, `bookValue`, `gpremarks`) VALUES
(142, 'BATON', NULL, NULL, 'BATON', NULL, '2001-10-12', '1,110.00', '1164-861', NULL, NULL, 'pc', '74.00', '15', 'Department Of Education', 'VIDAL George Jr. B.', NULL, NULL, NULL, NULL, NULL, NULL),
(143, 'SNARE DRUM', NULL, NULL, 'SNARE DRUM', NULL, '2001-10-12', '15,365.00', '1165-862', NULL, NULL, 'pc', '2,195.00', '7', 'Department Of Education', 'VIDAL George Jr. B.', NULL, NULL, NULL, NULL, NULL, NULL),
(144, 'CYMBAL', NULL, NULL, 'CYMBAL', NULL, '2001-10-12', '4,800.00', '976-863', NULL, NULL, 'pc', '4,800.00', '1', 'Department Of Education', 'VIDAL George Jr. B.', NULL, NULL, NULL, NULL, NULL, NULL),
(145, 'TABLE', NULL, NULL, 'Teacher\'s Table with Chair', NULL, '2002-07-18', '8,700.00', '528-864', '1-07-07-010 (222)', NULL, 'pc', '2,900.00', '3', 'Department Of Education', 'VIDAL George Jr. B.', NULL, NULL, NULL, NULL, NULL, NULL),
(146, 'TABLE', NULL, NULL, 'Teacher\'s Table with Chair', NULL, '2002-07-29', '5,800.00', '528-865', '1-07-07-010 (222)', NULL, 'pc', '2,900.00', '2', 'Department Of Education', 'VIDAL George Jr. B.', NULL, NULL, NULL, NULL, NULL, NULL),
(147, 'TABLE', NULL, NULL, 'Principal\'s Table', NULL, '2003-09-25', '7,120.00', '522-866', '1-07-07-010 (222)', NULL, 'pc', '7,120.00', '1', 'Department Of Education', 'VIDAL George Jr. B.', NULL, NULL, NULL, NULL, NULL, NULL),
(148, 'CHAIR', NULL, NULL, 'Executive, swivel', NULL, '2003-09-25', '6,200.00', '113-867', '1-07-07-010 (222)', NULL, 'pc', '6,200.00', '1', 'Department Of Education', 'VIDAL George Jr. B.', NULL, NULL, NULL, NULL, NULL, NULL),
(149, 'CHAIR', NULL, NULL, 'Tablet Armchair, wood', NULL, '2003-05-22', '15,100.00', '116-868', '1-07-07-010 (222)', NULL, 'pc', '755.00', '20', 'Department Of Education', 'VIDAL George Jr. B.', NULL, NULL, NULL, NULL, NULL, NULL),
(150, 'BLACKBOARD', NULL, NULL, '4 x 8; green', NULL, '2003-05-22', '5,320.00', '64-869', '1-07-05-020 (221)', NULL, 'pc', '1,330.00', '4', 'Department Of Education', 'VIDAL George Jr. B.', NULL, NULL, NULL, NULL, NULL, NULL),
(151, 'TABLE', NULL, NULL, 'Teacher\'s Table', NULL, '2003-05-22', '13,120.00', '528-870', '1-07-07-010 (222)', NULL, 'pc', '3,280.00', '4', 'Department Of Education', 'VIDAL George Jr. B.', NULL, NULL, NULL, NULL, NULL, NULL),
(152, 'CHAIR', NULL, NULL, 'Teacher\'s Chair', NULL, '2003-05-22', '4,680.00', '114-871', '1-07-07-010 (222)', NULL, 'pc', '1,170.00', '4', 'Department Of Education', 'VIDAL George Jr. B.', NULL, NULL, NULL, NULL, NULL, NULL),
(153, 'CALORIMETER', NULL, NULL, 'electric', NULL, '2002-04-15', '3,120.00', '1166-872', '1-07-05-990 (240)', NULL, 'pc', '3,120.00', '1', 'Department Of Education', 'VIDAL George Jr. B.', NULL, NULL, NULL, NULL, NULL, NULL),
(154, 'CLAMP BURETTE DOUBLE', NULL, NULL, NULL, NULL, '2002-04-15', '1,450.00', '1167-873', '1-07-05-990 (240)', NULL, 'pc', '1,450.00', '1', 'Department Of Education', 'VIDAL George Jr. B.', NULL, NULL, NULL, NULL, NULL, NULL),
(155, 'CORK BORRER', NULL, NULL, NULL, NULL, '2002-04-15', '2,575.00', '1168-874', '1-07-05-990 (240)', NULL, 'set', '2,575.00', '1', 'Department Of Education', 'VIDAL George Jr. B.', NULL, NULL, NULL, NULL, NULL, NULL),
(156, 'ELECTRIC CIRCUIT', NULL, NULL, 'Electric circuit', NULL, '2002-04-15', '7,000.00', '1169-875', '1-07-05-990 (240)', NULL, 'pc', '7,000.00', '1', 'Department Of Education', 'VIDAL George Jr. B.', NULL, NULL, NULL, NULL, NULL, NULL),
(157, 'ELECTRO MAGNET', NULL, NULL, 'U type', NULL, '2002-04-15', '4,680.00', '1170-876', '1-07-05-990 (240)', NULL, 'pc', '4,680.00', '1', 'Department Of Education', 'VIDAL George Jr. B.', NULL, NULL, NULL, NULL, NULL, NULL),
(158, 'LENSES', NULL, NULL, 'Lenses', NULL, '2002-04-15', '1,800.00', '834-877', '1-07-05-990 (240)', NULL, 'set', '1,800.00', '1', 'Department Of Education', 'VIDAL George Jr. B.', NULL, NULL, NULL, NULL, NULL, NULL),
(159, 'CYLINDER', NULL, NULL, 'Specific Heat Speciment Cylinder', NULL, '2002-04-15', '4,500.00', '1171-878', '1-07-05-990 (240)', NULL, 'set', '4,500.00', '1', 'Department Of Education', 'VIDAL George Jr. B.', NULL, NULL, NULL, NULL, NULL, NULL),
(160, 'WHEEL AND SODA', NULL, NULL, 'Wheel & Soda', NULL, '2002-04-15', '5,995.00', '1172-879', '1-07-05-990 (240)', NULL, 'set', '5,995.00', '1', 'Department Of Education', 'VIDAL George Jr. B.', NULL, NULL, NULL, NULL, NULL, NULL),
(161, 'MIRROR', NULL, NULL, 'Concave mirror: 50 dia', NULL, '2002-04-15', '343.20', '1173-880', '1-07-05-990 (240)', NULL, 'set', '343.20', '1', 'Department Of Education', 'VIDAL George Jr. B.', NULL, NULL, NULL, NULL, NULL, NULL),
(162, 'MIRROR', NULL, NULL, 'Convex mirror: 50 dia', NULL, '2002-04-15', '343.20', '1174-881', '1-07-05-990 (240)', NULL, 'set', '343.20', '1', 'Department Of Education', 'VIDAL George Jr. B.', NULL, NULL, NULL, NULL, NULL, NULL),
(163, 'IRON RING', NULL, NULL, 'Iron ring', NULL, '2002-04-15', '678.00', '1175-882', '1-07-05-990 (240)', NULL, 'set', '678.00', '1', 'Department Of Education', 'VIDAL George Jr. B.', NULL, NULL, NULL, NULL, NULL, NULL),
(164, 'IRON BASE', NULL, NULL, 'with stand; rectangular shape', NULL, '2002-04-15', '995.00', '1176-883', '1-07-05-990 (240)', NULL, 'set', '995.00', '1', 'Department Of Education', 'VIDAL George Jr. B.', NULL, NULL, NULL, NULL, NULL, NULL),
(165, 'MAGNET', NULL, NULL, 'bar, 3\" with pairs', NULL, '2002-04-15', '938.00', '1177-884', '1-07-05-990 (240)', NULL, 'set', '938.00', '1', 'Department Of Education', 'VIDAL George Jr. B.', NULL, NULL, NULL, NULL, NULL, NULL),
(166, 'MAGNET', NULL, NULL, 'bar, 3\" with pairs', NULL, '2002-04-15', '988.00', '1178-885', '1-07-05-990 (240)', NULL, 'set', '988.00', '1', 'Department Of Education', 'VIDAL George Jr. B.', NULL, NULL, NULL, NULL, NULL, NULL),
(167, 'MAGNET', NULL, NULL, 'horse shoe, 3\"', NULL, '2002-04-15', '988.00', '1179-886', '1-07-05-990 (240)', NULL, 'set', '988.00', '1', 'Department Of Education', 'VIDAL George Jr. B.', NULL, NULL, NULL, NULL, NULL, NULL),
(168, 'MAGNET', NULL, NULL, 'U shape, 3\"', NULL, '2002-04-15', '988.00', '1180-887', '1-07-05-990 (240)', NULL, 'set', '988.00', '1', 'Department Of Education', 'VIDAL George Jr. B.', NULL, NULL, NULL, NULL, NULL, NULL),
(169, 'SPRING BALANCE', NULL, NULL, NULL, NULL, '2002-04-15', '780.00', '1181-888', '1-07-05-990 (240)', NULL, 'set', '780.00', '1', 'Department Of Education', 'VIDAL George Jr. B.', NULL, NULL, NULL, NULL, NULL, NULL),
(170, 'WEIGHT HOLDER', NULL, NULL, NULL, NULL, '2002-04-15', '550.00', '1182-889', '1-07-05-990 (240)', NULL, 'set', '550.00', '1', 'Department Of Education', 'VIDAL George Jr. B.', NULL, NULL, NULL, NULL, NULL, NULL),
(171, 'BOOK', NULL, NULL, 'Easy way to Reading I', NULL, '2002-04-03', '6,240.00', '54-890', '1-07-07-020 (224)', NULL, 'copy', '120.00', '52', 'Department Of Education', 'VIDAL George Jr. B.', NULL, NULL, NULL, NULL, NULL, NULL),
(172, 'BOOK', NULL, NULL, 'Easy way to Reading I & II', NULL, '2002-04-03', '4,446.00', '54-891', '1-07-07-020 (224)', NULL, 'copy', '85.50', '52', 'Department Of Education', 'VIDAL George Jr. B.', NULL, NULL, NULL, NULL, NULL, NULL),
(173, 'BOOK', NULL, NULL, 'Talk & Read Mastering Comprehension', NULL, '2002-04-03', '16,500.00', '54-892', '1-07-07-020 (224)', NULL, 'copy', '375.00', '44', 'Department Of Education', 'VIDAL George Jr. B.', NULL, NULL, NULL, NULL, NULL, NULL),
(174, 'BOOK', NULL, NULL, 'The New Webster Dictionary', NULL, '2002-04-15', '5,770.00', '54-893', '1-07-07-020 (224)', NULL, 'copy', '2,885.00', '2', 'Department Of Education', 'VIDAL George Jr. B.', NULL, NULL, NULL, NULL, NULL, NULL),
(175, 'BOOK', NULL, NULL, 'The Huitchison Encyclopedia', NULL, '2002-04-15', '7,990.00', '54-894', '1-07-07-020 (224)', NULL, 'copy', '3,995.00', '2', 'Department Of Education', 'VIDAL George Jr. B.', NULL, NULL, NULL, NULL, NULL, NULL),
(176, 'BOOK', NULL, NULL, 'Let\'s Investigate Science', NULL, '2002-04-15', '13,500.00', '54-895', '1-07-07-020 (224)', NULL, 'copy', '4,500.00', '3', 'Department Of Education', 'VIDAL George Jr. B.', NULL, NULL, NULL, NULL, NULL, NULL),
(177, 'BOOK', NULL, NULL, 'Halina\'t Tumula: Grade 1 & 2', NULL, '2002-04-15', '7,017.60', '54-896', '1-07-07-020 (224)', NULL, 'copy', '73.10', '96', 'Department Of Education', 'VIDAL George Jr. B.', NULL, NULL, NULL, NULL, NULL, NULL),
(178, 'BOOK', NULL, NULL, 'Drill Cards Addition 2', NULL, '2002-04-15', '1,875.00', '54-897', '1-07-07-020 (224)', NULL, 'copy', '375.00', '5', 'Department Of Education', 'VIDAL George Jr. B.', NULL, NULL, NULL, NULL, NULL, NULL),
(179, 'BOOK', NULL, NULL, 'Drill Cards Subtraction 2', NULL, '2002-04-15', '1,875.00', '54-898', '1-07-07-020 (224)', NULL, 'copy', '375.00', '5', 'Department Of Education', 'VIDAL George Jr. B.', NULL, NULL, NULL, NULL, NULL, NULL),
(180, 'BOOK', NULL, NULL, 'Drill Cards Division 2', NULL, '2002-04-15', '1,875.00', '54-899', '1-07-07-020 (224)', NULL, 'copy', '375.00', '5', 'Department Of Education', 'VIDAL George Jr. B.', NULL, NULL, NULL, NULL, NULL, NULL),
(181, 'GLOBE', NULL, NULL, 'Globe', NULL, '2002-07-06', '22,000.00', '1183-890', '1-07-05-990 (240)', NULL, 'pc', '5,500.00', '4', 'Department Of Education', 'VIDAL George Jr. B.', NULL, NULL, NULL, NULL, NULL, NULL),
(182, 'BOOK', NULL, NULL, 'Human Torso', NULL, '2002-07-06', '40,000.00', '1184-891', '1-07-07-020 (224)', NULL, 'pc', '40,000.00', '1', 'Department Of Education', 'VIDAL George Jr. B.', NULL, NULL, NULL, NULL, NULL, NULL),
(183, 'BOOK', NULL, NULL, 'Academic American Encyclopedia 21 volumes', NULL, '2002-07-06', '22,086.00', '54-892', '1-07-07-020 (224)', NULL, 'set', '22,086.00', '1', 'Department Of Education', 'VIDAL George Jr. B.', NULL, NULL, NULL, NULL, NULL, NULL),
(184, 'MICROSCOPE', NULL, '9816865', NULL, NULL, '2001-01-08', '8,500.00', '331-893', '1-07-05-140 (236)', NULL, 'unit', '8,500.00', '1', 'Department Of Education', 'VIDAL George Jr. B.', NULL, NULL, NULL, NULL, NULL, NULL),
(185, 'TELEVISION', 'SAMSUNG', '0A2M3NDN602077', 'Smart TV, 55 inches', NULL, '2021-07-07', '27,800.00', '1041-894', '1-07-05-990 (240)', NULL, 'unit', '27,800.00', '1', 'City Mayor\'s Office', 'TAMPOC, Jomar', NULL, NULL, NULL, NULL, NULL, NULL),
(186, 'TELEVISION', 'SAMSUNG', '0A2M3NHR00629', 'Smart TV, 55 inches', NULL, '2021-07-07', '27,800.00', '1041-895', '1-07-05-990 (240)', NULL, 'unit', '27,800.00', '1', 'City Mayor\'s Office', 'TAMPOC, Jomar', NULL, NULL, NULL, NULL, NULL, NULL),
(187, 'TELEVISION', 'SAMSUNG', '0A2M3NDN602147', 'Smart TV, 55 inches', NULL, '2021-07-07', '27,800.00', '1041-896', '1-07-05-990 (240)', NULL, 'unit', '27,800.00', '1', 'City Mayor\'s Office', 'TAMPOC, Jomar', NULL, NULL, NULL, NULL, NULL, NULL),
(188, 'TELEVISION', 'SAMSUNG', '0A2M3NDN602065', 'Smart TV, 55 inches', NULL, '2021-07-07', '27,800.00', '1041-897', '1-07-05-990 (240)', NULL, 'unit', '27,800.00', '1', 'City Mayor\'s Office', 'TAMPOC, Jomar', NULL, NULL, NULL, NULL, NULL, NULL),
(189, 'TELEVISION', 'SAMSUNG', '0A2M3NDN602069', 'Smart TV, 55 inches', NULL, '2021-07-07', '27,800.00', '1041-898', '1-07-05-990 (240)', NULL, 'unit', '27,800.00', '1', 'City Mayor\'s Office', 'TAMPOC, Jomar', NULL, NULL, NULL, NULL, NULL, NULL),
(190, 'TELEVISION', 'SAMSUNG', '0A2M3NDN602076', 'Smart TV, 55 inches', NULL, '2021-07-07', '27,800.00', '1041-899', '1-07-05-990 (240)', NULL, 'unit', '27,800.00', '1', 'City Mayor\'s Office', 'TAMPOC, Jomar', NULL, NULL, NULL, NULL, NULL, NULL),
(191, 'TELEVISION', 'SAMSUNG', '0A2M3NDN602068', 'Smart TV, 55 inches', NULL, '2021-07-07', '27,800.00', '1041-900', '1-07-05-990 (240)', NULL, 'unit', '27,800.00', '1', 'City Mayor\'s Office', 'TAMPOC, Jomar', NULL, NULL, NULL, NULL, NULL, NULL),
(192, 'TELEVISION', 'SAMSUNG', '0A2M3NHR401241', 'Smart TV, 55 inches', NULL, '2021-07-07', '27,800.00', '1041-901', '1-07-05-990 (240)', NULL, 'unit', '27,800.00', '1', 'City Mayor\'s Office', 'TAMPOC, Jomar', NULL, NULL, NULL, NULL, NULL, NULL),
(193, 'TELEVISION', 'SAMSUNG', '0A2M3NHR403403', 'Smart TV, 55 inches', NULL, '2021-07-07', '27,800.00', '1041-902', '1-07-05-990 (240)', NULL, 'unit', '27,800.00', '1', 'City Mayor\'s Office', 'TAMPOC, Jomar', NULL, NULL, NULL, NULL, NULL, NULL),
(194, 'BLINDS', NULL, NULL, 'venetian (52.00 per sq. meter)', NULL, NULL, '  12,896.00 ', NULL, '222', NULL, 'sq. meter', '  52.00 ', '248', 'City Treasurer\'s Office', 'AMBANLOC, Luz', NULL, NULL, NULL, NULL, NULL, 'NO ATTACHMENT'),
(195, 'BOOSTER', NULL, NULL, 'step up, 220V', NULL, NULL, '  480.00 ', NULL, '240', NULL, 'pc', '  480.00 ', '1', 'City Treasurer\'s Office', 'AMBANLOC, Luz', NULL, NULL, NULL, NULL, NULL, 'NO ATTACHMENT'),
(196, 'SHOVEL', NULL, NULL, NULL, NULL, NULL, '  -   ', NULL, '240', NULL, 'pc', '', '1', 'City Treasurer\'s Office', 'AMBANLOC, Luz', NULL, NULL, NULL, NULL, NULL, 'NO ATTACHMENT'),
(197, 'CPU CASING', NULL, NULL, 'Windows 98 w/ power supply only', NULL, NULL, '  -   ', NULL, '223', NULL, 'pc', '', '1', 'City Treasurer\'s Office', 'ONOZA, Alicia L.', NULL, NULL, NULL, NULL, NULL, 'NO ATTACHMENT'),
(198, 'TELEPHONE', NULL, NULL, NULL, NULL, NULL, '  -   ', NULL, '229', NULL, 'set', '', '1', 'City Treasurer\'s Office', 'AMBANLOC, Luz', NULL, NULL, NULL, NULL, NULL, 'NO ATTACHMENT'),
(199, 'CALCULATOR', 'CASIO', NULL, '12 digits J-120LA', NULL, NULL, '  -   ', NULL, '221', NULL, 'pc', '', '1', 'City Treasurer\'s Office', 'RAGMA, Fernando', NULL, NULL, NULL, NULL, NULL, 'NO ATTACHMENT'),
(200, 'RUBBER STAMP', NULL, NULL, NULL, NULL, NULL, '  -   ', NULL, '221', NULL, 'pcs', '', '8', 'City Treasurer\'s Office', 'NO NAME', NULL, NULL, NULL, NULL, NULL, 'NO ATTACHMENT'),
(201, 'RECEIVING MACHINE', NULL, NULL, NULL, NULL, NULL, '  -   ', NULL, '221', NULL, 'unit', '', '1', 'City Mayor\'s Office', NULL, NULL, NULL, NULL, NULL, NULL, 'returned to Mr. Sarol; NO PRS ON FILE'),
(202, 'FAN', NULL, NULL, 'air', NULL, NULL, '  -   ', NULL, '221', NULL, 'unit', '', '2', 'City Mayor\'s Office', NULL, NULL, NULL, NULL, NULL, NULL, 'returned to Mr. Sarol; NO PRS ON FILE'),
(203, 'CHAIR', NULL, NULL, 'for computer', NULL, NULL, '  -   ', NULL, '222', NULL, 'unit', '', '2', 'City Mayor\'s Office', NULL, NULL, NULL, NULL, NULL, NULL, 'returned to Mr. Sarol; NO PRS ON FILE'),
(204, 'CHAIR', NULL, NULL, 'swivel', NULL, NULL, '  -   ', NULL, '222', NULL, 'unit', '', '1', 'City Mayor\'s Office', NULL, NULL, NULL, NULL, NULL, NULL, 'returned to Mr. Sarol; NO PRS ON FILE'),
(205, 'SOFA', NULL, NULL, NULL, NULL, NULL, '  -   ', NULL, '222', NULL, 'unit', '', '1', 'City Mayor\'s Office', NULL, NULL, NULL, NULL, NULL, NULL, 'returned to Mr. Sarol; NO PRS ON FILE'),
(206, 'STAPLER', NULL, NULL, NULL, NULL, NULL, '  -   ', NULL, '221', NULL, 'pcs', '', '23', 'City Treasurer\'s Office', 'VARIOUS EMPLOYEES', NULL, NULL, NULL, NULL, NULL, 'NO ATTACHMENT'),
(207, 'STAPLE REMOVER', NULL, NULL, NULL, NULL, NULL, '  -   ', NULL, '221', NULL, 'pcs', '', '5', 'City Treasurer\'s Office', 'NO NAME', NULL, NULL, NULL, NULL, NULL, 'NO ATTACHMENT'),
(208, 'RUBBER STAMP', NULL, NULL, NULL, NULL, NULL, '  -   ', NULL, '221', NULL, 'pc', '', '1', 'City Treasurer\'s Office', 'JULATON, Dante', NULL, NULL, NULL, NULL, NULL, 'NO ATTACHMENT'),
(209, 'GLASS TOP', NULL, NULL, 'different sizes; 6 pcs as per PRS Coverpage', NULL, NULL, '  -   ', NULL, '222', NULL, 'pcs', '', '13', 'City Treasurer\'s Office', 'NO NAME', NULL, NULL, NULL, NULL, NULL, 'NO ATTACHMENT'),
(210, 'CALCULATOR', 'CASIO', NULL, 'back light display', NULL, NULL, '  -   ', NULL, '221', NULL, 'pc', '', '1', 'City Treasurer\'s Office', 'NO NAME', NULL, NULL, NULL, NULL, NULL, 'NO ATTACHMENT'),
(211, 'CALCULATOR', 'CASIO', NULL, 'HL 122', NULL, '1996-04-15', '  325.00 ', NULL, '221', NULL, 'pc', '  325.00 ', '1', 'City Treasurer\'s Office', 'GARLEJO, Corazon D.', NULL, NULL, NULL, NULL, NULL, NULL),
(212, 'CALCULATOR', 'CASIO', NULL, 'scientific, electronic, LC 150, auto power off Battery LR 54 x 1', NULL, '1998-07-03', '  106.25 ', '4691', '221', NULL, 'pc', '  106.25 ', '1', 'City Treasurer\'s Office', 'DOLORMENTE, Jaime', NULL, NULL, NULL, NULL, NULL, NULL),
(213, 'FLASHLIGHT', NULL, NULL, 'rechargeable, LF 221', NULL, NULL, '  1,625.00 ', NULL, '240', NULL, 'pc', '  1,625.00 ', '1', 'City Treasurer\'s Office', 'GARLEJO, Corazon D.', NULL, NULL, NULL, NULL, NULL, 'NO ATTACHMENT'),
(214, 'CLOCK', 'SEIKO', NULL, 'wall, for bus parking personnel', NULL, '2003-09-17', '  745.00 ', '294', '240', NULL, 'pc', '  745.00 ', '1', 'City Treasurer\'s Office', 'GARLEJO, Corazon D.', NULL, NULL, NULL, NULL, NULL, NULL),
(215, 'THERMOS/ AIRPOT', 'HANABISHI', NULL, NULL, NULL, NULL, '  -   ', NULL, '240', NULL, 'pc', '', '1', 'City Treasurer\'s Office', 'GAMIT, N.', NULL, NULL, NULL, NULL, NULL, 'NO ATTACHMENT'),
(216, 'PUNCHER', NULL, NULL, 'for ticket', NULL, NULL, '  -   ', NULL, '221', NULL, 'pc', '', '1', 'City Treasurer\'s Office', 'NO NAME', NULL, NULL, NULL, NULL, NULL, 'NO ATTACHMENT'),
(217, 'TYPEWRITER', NULL, '7-4900449', NULL, NULL, NULL, '  6,971.25 ', NULL, '221', NULL, 'pc', '  6,971.25 ', '1', 'City Treasurer\'s Office', 'VALENCIA, Glenda B.', NULL, NULL, NULL, NULL, NULL, 'NO ATTACHMENT'),
(218, 'STOOL', NULL, NULL, 'mohair', NULL, NULL, '  595.00 ', NULL, '222', NULL, 'pc', '  595.00 ', '1', 'City Treasurer\'s Office', 'VALENCIA, Glenda B.', NULL, NULL, NULL, NULL, NULL, 'NO ATTACHMENT'),
(219, 'SEATCOVER', NULL, NULL, 'german leather, black (10 pcs)', NULL, '1999-12-20', '  6,000.00 ', '5342', '222', NULL, 'set', '  6,000.00 ', '1', 'City Treasurer\'s Office', 'DOLORMENTE, Jaime', NULL, NULL, NULL, NULL, NULL, NULL),
(220, 'TYPEWRITER', 'TRIUMPH ADLER', '340191273', '26\", Manual', NULL, '1996-07-01', '  4,800.00 ', '3131', '221', NULL, 'unit', '  4,800.00 ', '1', 'Office of the City Planning & Development Officer', 'ABAYAO, Allan B.', NULL, NULL, NULL, NULL, NULL, NULL),
(221, 'DESKTOP COMPUTER - CPU', NULL, NULL, 'intel P4-2.53 GHz, 40GB HDD Seagate', NULL, '2003-09-29', '  34,920.00 ', '141-05', '223', NULL, 'unit', '  34,920.00 ', '1', 'Office of the City Planning & Development Officer', 'DELA CERNA, Nellie', NULL, NULL, NULL, NULL, NULL, NULL),
(222, 'MONITOR', NULL, 'P4CS03B849190', '14\", colored', NULL, '2000-05-15', '  4,500.00 ', '3660', '223', NULL, 'unit', '  4,500.00 ', '1', 'Office of the City Planning & Development Officer', 'CAYAT, Evelyn', NULL, NULL, NULL, NULL, NULL, NULL),
(223, 'SPEAKER', 'JUSTER 3D-108', 'JB07053-011', 'multi-media, stereo w/ subwoofer', NULL, '2002-02-12', '  3,600.00 ', '6894', '229', NULL, 'pcs', '  1,800.00 ', '2', 'Office of the City Planning & Development Officer', 'BAUTISTA, Rolando', NULL, NULL, NULL, NULL, NULL, NULL),
(224, 'CABINET', 'ACME', 'KEY NO. 2313', 'filing, steel, 4 drawers', NULL, '1981-10-05', '  861.30 ', '204', '222', NULL, 'unit', '  861.30 ', '1', 'Office of the City Planning & Development Officer', 'AQUITANIA, Victorino', NULL, NULL, NULL, NULL, NULL, NULL),
(225, 'STOOL', NULL, NULL, 'mohair, gray', NULL, NULL, '  -   ', NULL, '222', NULL, 'pc', '', '3', 'Office of the City Planning & Development Officer', 'JCR, ABA, VEA', NULL, NULL, NULL, NULL, NULL, 'NO ATTACHMENT'),
(226, 'CHAIR', NULL, NULL, 'narra-rattan', NULL, NULL, '  -   ', NULL, '222', NULL, 'pc', '', '1', 'Office of the City Planning & Development Officer', NULL, NULL, NULL, NULL, NULL, NULL, 'NO ATTACHMENT'),
(227, 'CELL PHONE', 'SONY ERICSON P800', '350443-10353672-6', NULL, NULL, '2004-02-20', '  24,000.00 ', '59', '223', NULL, 'unit', '  24,000.00 ', '1', 'Office of the City Planning & Development Officer', 'ORIG, Arturo L.', NULL, NULL, NULL, NULL, NULL, NULL),
(228, 'CALCULATOR', 'CASIO HR20', NULL, NULL, NULL, NULL, '  -   ', NULL, '221', NULL, 'pc', '', '1', 'unidentified', NULL, NULL, NULL, NULL, NULL, NULL, 'NO PRS ON FILE'),
(229, 'FLASHLIGHT', NULL, NULL, NULL, NULL, NULL, '  -   ', NULL, '240', NULL, 'pc', '', '1', 'unidentified', NULL, NULL, NULL, NULL, NULL, NULL, 'NO PRS ON FILE'),
(230, 'CLOCK', NULL, NULL, 'bundy', NULL, NULL, '  -   ', NULL, '240', NULL, 'unit', '', '1', 'unidentified', NULL, NULL, NULL, NULL, NULL, NULL, 'NO PRS ON FILE'),
(231, 'DUPLICATING MACHINE', NULL, NULL, NULL, NULL, NULL, '  -   ', NULL, '221', NULL, 'unit', '', '1', 'unidentified', NULL, NULL, NULL, NULL, NULL, NULL, 'NO PRS ON FILE'),
(232, 'CELL PHONE', 'NOKIA 8890', NULL, 'with earphone, charger and battery', NULL, NULL, '  -   ', NULL, '223', NULL, 'unit', '', '1', 'Office of the CIty Social Welfare & Development Officer', 'MARTIN, Rosario', NULL, NULL, NULL, NULL, NULL, 'NO PRS ON FILE'),
(233, 'CELL PHONE', 'NOKIA', NULL, NULL, NULL, NULL, '  -   ', NULL, '223', '5 yrs', 'unit', '', '1', 'City Administrator\'s Office', 'PIMENTEL, Bryan', NULL, NULL, NULL, NULL, NULL, 'NO PRS ON FILE'),
(234, 'LOCKER', NULL, NULL, 'steel w/ 12 openings, H-72\" x W-36\" x D-18\"', NULL, NULL, '  50,000.00 ', '135', '222', '10 yrs.', 'unit', '  10,000.00 ', '5', 'City Administrator\'s Office', 'VILLAFUERTE, Fidelino D.', NULL, NULL, NULL, NULL, NULL, 'NO ATTACHMENT'),
(235, 'MONITOR', NULL, NULL, NULL, NULL, NULL, '  -   ', NULL, '223', NULL, 'unit', '', '1', 'City Accountant\'s Office', 'BALA, Ronald Felix', NULL, NULL, NULL, NULL, NULL, 'NO PRS ON FILE'),
(236, 'MONITOR', NULL, NULL, NULL, NULL, NULL, '  -   ', NULL, '223', NULL, 'unit', '', '1', 'City Accountant\'s Office', 'MICU, Ramon Manuel B.', NULL, NULL, NULL, NULL, NULL, 'NO PRS ON FILE'),
(237, 'MONITOR', NULL, NULL, NULL, NULL, NULL, '  -   ', NULL, '223', NULL, 'unit', '', '1', 'City Accountant\'s Office', 'ESTIOCO, Clarita', NULL, NULL, NULL, NULL, NULL, 'NO PRS ON FILE'),
(238, 'UPS', NULL, NULL, NULL, NULL, NULL, '  -   ', NULL, '223', NULL, 'unit', '', '1', 'City Accountant\'s Office', 'ESTONILLO, Patrick', NULL, NULL, NULL, NULL, NULL, 'NO PRS ON FILE'),
(239, 'UPS', NULL, NULL, NULL, NULL, NULL, '  -   ', NULL, '223', NULL, 'unit', '', '1', 'City Accountant\'s Office', 'PAR, Mary Antonette', NULL, NULL, NULL, NULL, NULL, 'NO PRS ON FILE'),
(240, 'UPS', NULL, NULL, NULL, NULL, NULL, '  -   ', NULL, '223', NULL, 'unit', '', '1', 'City Accountant\'s Office', 'LUMBA, Cecilia', NULL, NULL, NULL, NULL, NULL, 'NO PRS ON FILE'),
(241, 'UPS', NULL, NULL, NULL, NULL, NULL, '  -   ', NULL, '223', NULL, 'unit', '', '1', 'City Accountant\'s Office', 'BALA, Ronald Felix', NULL, NULL, NULL, NULL, NULL, 'NO PRS ON FILE'),
(242, 'MEMORY STICK', NULL, NULL, 'USB', NULL, NULL, '  -   ', NULL, '223', NULL, 'pc', '', '1', 'City Accountant\'s Office', 'PAR, Mary Antonette', NULL, NULL, NULL, NULL, NULL, 'NO PRS ON FILE'),
(243, 'PRINTER', NULL, NULL, NULL, NULL, NULL, '  -   ', NULL, '223', NULL, 'unit', '', '1', 'City Accountant\'s Office', 'BARTOLOME, Joel', NULL, NULL, NULL, NULL, NULL, 'NO PRS ON FILE'),
(244, 'PRINTER', NULL, NULL, NULL, NULL, NULL, '  -   ', NULL, '223', NULL, 'unit', '', '1', 'City Accountant\'s Office', 'PAR, Mary Antonette', NULL, NULL, NULL, NULL, NULL, 'NO PRS ON FILE'),
(245, 'PRINTER', NULL, NULL, NULL, NULL, NULL, '  -   ', NULL, '223', NULL, 'unit', '', '1', 'City Accountant\'s Office', 'BALA, Ronald Felix', NULL, NULL, NULL, NULL, NULL, 'NO PRS ON FILE'),
(246, 'PRINTER', NULL, NULL, NULL, NULL, NULL, '  -   ', NULL, '223', NULL, 'unit', '', '1', 'City Accountant\'s Office', 'ESTONILLO, Patrick', NULL, NULL, NULL, NULL, NULL, 'NO PRS ON FILE'),
(247, 'COMPUTER', NULL, NULL, 'CPU', NULL, NULL, '  -   ', NULL, '223', NULL, 'unit', '', '1', 'City Accountant\'s Office', 'BASALI, Divina', NULL, NULL, NULL, NULL, NULL, 'NO PRS ON FILE'),
(248, 'KEYBOARD', NULL, NULL, NULL, NULL, NULL, '  -   ', NULL, '223', NULL, 'unit', '', '1', 'City Accountant\'s Office', 'MICU, Ramon Manuel B.', NULL, NULL, NULL, NULL, NULL, 'NO PRS ON FILE'),
(249, 'KEYBOARD', NULL, NULL, NULL, NULL, NULL, '  -   ', NULL, '223', NULL, 'unit', '', '1', 'City Accountant\'s Office', 'BALA, Ronald Felix', NULL, NULL, NULL, NULL, NULL, 'NO PRS ON FILE'),
(250, 'THERMOS/ AIRPOT', NULL, NULL, 'electric', NULL, NULL, '  -   ', NULL, '240', NULL, 'pc', '', '1', 'City Accountant\'s Office', 'LAGMAY, Victoria', NULL, NULL, NULL, NULL, NULL, 'NO PRS ON FILE'),
(251, 'THERMOS/ AIRPOT', NULL, NULL, 'electric', NULL, NULL, '  -   ', NULL, '240', NULL, 'pc', '', '1', 'City Accountant\'s Office', 'ADDAWE, Ma. Almaya C.', NULL, NULL, NULL, NULL, NULL, 'NO PRS ON FILE'),
(252, 'THERMOS/ AIRPOT', NULL, NULL, 'electric', NULL, NULL, '  -   ', NULL, '240', NULL, 'pc', '', '1', 'City Accountant\'s Office', 'CATBAGAN, Leonida F.', NULL, NULL, NULL, NULL, NULL, 'NO PRS ON FILE'),
(253, 'THERMOS/ AIRPOT', NULL, NULL, 'electric', NULL, NULL, '  -   ', NULL, '240', NULL, 'pc', '', '1', 'City Accountant\'s Office', 'ABUBO, Florecita C.', NULL, NULL, NULL, NULL, NULL, 'NO PRS ON FILE'),
(254, 'THERMOS/ AIRPOT', NULL, NULL, 'electric', NULL, NULL, '  -   ', NULL, '240', NULL, 'pc', '', '1', 'City Accountant\'s Office', 'ABUBO, Florecita C.', NULL, NULL, NULL, NULL, NULL, 'NO PRS ON FILE'),
(255, 'FAN', NULL, NULL, 'electric', NULL, NULL, '  -   ', NULL, '221', NULL, 'pc', '', '1', 'City Accountant\'s Office', 'ADDAWE, Ma. Almaya C.', NULL, NULL, NULL, NULL, NULL, 'NO PRS ON FILE'),
(256, 'FAN', NULL, NULL, 'electric', NULL, NULL, '  -   ', NULL, '221', NULL, 'pc', '', '1', 'City Accountant\'s Office', 'BALA, Ronald Felix', NULL, NULL, NULL, NULL, NULL, 'NO PRS ON FILE'),
(257, 'FAN', NULL, NULL, 'electric', NULL, NULL, '  -   ', NULL, '221', NULL, 'pc', '', '1', 'City Accountant\'s Office', 'BARTOLOME, Joel', NULL, NULL, NULL, NULL, NULL, 'NO PRS ON FILE'),
(258, 'CHAIR', NULL, NULL, 'senior executive', NULL, NULL, '  -   ', NULL, '222', NULL, 'pc', '', '1', 'City Accountant\'s Office', 'BALA, Ronald Felix', NULL, NULL, NULL, NULL, NULL, 'NO PRS ON FILE'),
(259, 'CABINET', NULL, NULL, 'steel, filing, wrinkled', NULL, NULL, '  -   ', NULL, '222', NULL, 'unit', '', '1', 'City Legal Office', 'VALDEZ, Juan', NULL, NULL, NULL, NULL, NULL, 'NO PRS ON FILE'),
(260, 'CABINET', NULL, NULL, 'steel', NULL, NULL, '  -   ', NULL, '222', NULL, 'unit', '', '1', 'Health Services Office', 'REYES, Florence G.', NULL, NULL, NULL, NULL, NULL, 'NO PRS ON FILE'),
(261, 'CABINET', NULL, NULL, 'steel', NULL, NULL, '  -   ', NULL, '222', NULL, 'unit', '', '1', 'Health Services Office', 'REYES, Florence G.', NULL, NULL, NULL, NULL, NULL, 'NO PRS ON FILE'),
(262, 'CABINET', NULL, NULL, 'steel', NULL, NULL, '  -   ', NULL, '222', NULL, 'unit', '', '1', 'Health Services Office', 'REYES, Florence G.', NULL, NULL, NULL, NULL, NULL, 'NO PRS ON FILE'),
(263, 'CABINET', NULL, NULL, 'steel', NULL, NULL, '  -   ', NULL, '222', NULL, 'unit', '', '1', 'Health Services Office', 'REYES, Florence G.', NULL, NULL, NULL, NULL, NULL, 'NO PRS ON FILE'),
(264, 'CABINET', NULL, NULL, 'steel', NULL, NULL, '  -   ', NULL, '222', NULL, 'unit', '', '1', 'Health Services Office', 'REYES, Florence G.', NULL, NULL, NULL, NULL, NULL, 'NO PRS ON FILE'),
(265, 'CABINET', NULL, NULL, 'steel', NULL, NULL, '  -   ', NULL, '222', NULL, 'unit', '', '1', 'Health Services Office', 'REYES, Florence G.', NULL, NULL, NULL, NULL, NULL, 'NO PRS ON FILE'),
(266, 'LAMP', NULL, NULL, 'medical', NULL, NULL, '  -   ', NULL, '240', NULL, 'set', '', '1', 'Health Services Office', 'FADLEN, Miriam', NULL, NULL, NULL, NULL, NULL, 'NO PRS ON FILE'),
(267, 'OTOSCOPE', NULL, NULL, 'pocket size', NULL, NULL, '  -   ', NULL, '233', NULL, 'unit', '', '1', 'Health Services Office', 'OLOWAN, Helen', NULL, NULL, NULL, NULL, NULL, 'NO PRS ON FILE'),
(268, 'CHAIR', NULL, NULL, 'executive, red', NULL, NULL, '  -   ', NULL, '222', NULL, 'pc', '', '1', 'Sangguniang Panlungsod', 'FARIAS, Daniel', NULL, NULL, NULL, NULL, NULL, 'NO PRS ON FILE'),
(269, 'CHAIR', NULL, NULL, 'visitor\'s', NULL, NULL, '  -   ', NULL, '222', NULL, 'pc', '', '1', 'Sangguniang Panlungsod', 'FARIAS, Daniel', NULL, NULL, NULL, NULL, NULL, 'NO PRS ON FILE'),
(270, 'CHAIR', NULL, NULL, 'executive, swivel', NULL, NULL, '  -   ', NULL, '222', NULL, 'pc', '', '1', 'Sangguniang Panlungsod', 'OLOWAN, Helen', NULL, NULL, NULL, NULL, NULL, 'NO PRS ON FILE'),
(271, 'CHAIR', NULL, NULL, 'executive, swivel', NULL, NULL, '  -   ', NULL, '222', NULL, 'pc', '', '1', 'Sangguniang Panlungsod', 'PANAGAN, Rufino M.', NULL, NULL, NULL, NULL, NULL, 'NO PRS ON FILE'),
(272, 'CHAIR', NULL, NULL, 'executive, swivel', NULL, NULL, '  -   ', NULL, '222', NULL, 'pc', '', '1', 'Sangguniang Panlungsod', 'BALAJADIA, Erdolfo', NULL, NULL, NULL, NULL, NULL, 'NO PRS ON FILE'),
(273, 'CHAIR', NULL, NULL, 'visitor\'s', NULL, NULL, '  -   ', NULL, '222', NULL, 'pc', '', '6', 'Sangguniang Panlungsod', 'BAYAN', NULL, NULL, NULL, NULL, NULL, 'NO PRS ON FILE'),
(274, 'CHAIR', NULL, NULL, 'clerical, with armrest', NULL, NULL, '  -   ', NULL, '222', NULL, 'pc', '', '1', 'Sangguniang Panlungsod', 'BAYAN', NULL, NULL, NULL, NULL, NULL, 'NO PRS ON FILE'),
(275, 'CHAIR', NULL, NULL, 'jr executive', NULL, NULL, '  -   ', NULL, '222', NULL, 'pc', '', '1', 'Sangguniang Panlungsod', 'PARNACIO, Prudencio M.', NULL, NULL, NULL, NULL, NULL, 'NO PRS ON FILE'),
(276, 'BLINDS', NULL, NULL, 'venetian', NULL, NULL, '  -   ', NULL, '222', NULL, 'set', '', '2', 'City Assessor\'s Office', 'TABADERO, Hernes', NULL, NULL, NULL, NULL, NULL, 'NO PRS ON FILE'),
(277, 'UPS', NULL, NULL, NULL, NULL, NULL, '  -   ', NULL, '223', NULL, 'unit', '', '1', 'City Assessor\'s Office', 'ADMIN DIVISION', NULL, NULL, NULL, NULL, NULL, 'NO PRS ON FILE'),
(278, 'PRINTER', 'HP 3550', NULL, 'HP 3550', NULL, NULL, '  -   ', NULL, '223', NULL, 'unit', '', '1', 'City Assessor\'s Office', 'LANDA, Aurea H.', NULL, NULL, NULL, NULL, NULL, 'NO PRS ON FILE'),
(279, 'DATER', NULL, NULL, 'small', NULL, '1999-03-15', '  78.50 ', NULL, '221', NULL, 'pc', '  78.50 ', '1', 'Municipal Trial Court in Cities', 'APOSTOL, Lesley M.', NULL, NULL, NULL, NULL, NULL, 'NO PRS ON FILE'),
(280, 'DATER', NULL, NULL, 'small', NULL, '1999-03-15', '  78.50 ', NULL, '221', NULL, 'pc', '  78.50 ', '1', 'Municipal Trial Court in Cities', 'BATOON, Beverly', NULL, NULL, NULL, NULL, NULL, 'NO PRS ON FILE'),
(281, 'DATER', NULL, NULL, 'small', NULL, '1999-03-15', '  78.50 ', NULL, '221', NULL, 'pc', '  78.50 ', '1', 'Municipal Trial Court in Cities', 'MAYMAYA, ', NULL, NULL, NULL, NULL, NULL, 'NO PRS ON FILE'),
(282, 'DATER', NULL, NULL, 'small', NULL, '1999-03-15', '  78.50 ', NULL, '221', NULL, 'pc', '  78.50 ', '1', 'Municipal Trial Court in Cities', 'MADRIAGA, Roselyn L.', NULL, NULL, NULL, NULL, NULL, 'NO PRS ON FILE'),
(283, 'DATER', NULL, NULL, 'small', NULL, '1999-03-15', '  78.50 ', NULL, '221', NULL, 'pc', '  78.50 ', '1', 'Municipal Trial Court in Cities', 'PASCUAL, Ma. Elizabeth R.', NULL, NULL, NULL, NULL, NULL, 'NO PRS ON FILE'),
(284, 'DATER', NULL, NULL, 'small', NULL, '1999-03-15', '  78.50 ', NULL, '221', NULL, 'pc', '  78.50 ', '1', 'Municipal Trial Court in Cities', 'PUTIYON, Patrick', NULL, NULL, NULL, NULL, NULL, 'NO PRS ON FILE'),
(285, 'DATER', NULL, NULL, 'small', NULL, '1999-03-15', '  78.50 ', '5019', '221', NULL, 'pc', '  78.50 ', '1', 'Municipal Trial Court in Cities', 'RIVERA, Frelyn C.', NULL, NULL, NULL, NULL, NULL, 'NO PRS ON FILE'),
(286, 'MAGAZINE FILE', NULL, NULL, 'long, blue', NULL, NULL, '  -   ', NULL, '221', NULL, 'pc', '', '1', 'Municipal Trial Court in Cities', 'PASCUAL, Ma. Elizabeth R.', NULL, NULL, NULL, NULL, NULL, 'NO PRS ON FILE'),
(287, 'MAGAZINE FILE', NULL, NULL, 'long, green', NULL, NULL, '  -   ', NULL, '221', NULL, 'pc', '', '1', 'Municipal Trial Court in Cities', 'PASCUAL, Ma. Elizabeth R.', NULL, NULL, NULL, NULL, NULL, 'NO PRS ON FILE'),
(288, 'DATER', NULL, NULL, 'small', NULL, '1999-03-15', '  78.50 ', NULL, '221', NULL, 'pc', '  78.50 ', '1', 'Municipal Trial Court in Cities', 'WAKIT, Antino', NULL, NULL, NULL, NULL, NULL, 'NO PRS ON FILE'),
(289, 'SCRA', NULL, NULL, 'Supreme Court Reports Annonated - vols 345 - 354', NULL, '2002-08-09', '  7,250.00 ', '08', '224', NULL, 'vols', '  725.00 ', '10', 'Municipal Trial Court in Cities', 'YDIA, Armando G.', NULL, NULL, NULL, NULL, NULL, NULL),
(290, 'MONITOR', NULL, 'SN\'STOLOMA 1586WO766', '15\", white, DM556', NULL, NULL, '  -   ', NULL, '223', NULL, 'unit', '', '1', 'Municipal Trial Court in Cities', 'VALBUENA, Aurora T.', NULL, NULL, NULL, NULL, NULL, 'NO PRS ON FILE'),
(291, 'TABLE', NULL, NULL, 'clerical, 24\"x40\", with center drawer and 2 side drawers', NULL, NULL, '  -   ', NULL, '222', NULL, 'pc', '', '1', 'Municipal Trial Court in Cities', 'CORPUZ, Juliet', NULL, NULL, NULL, NULL, NULL, 'NO PRS ON FILE'),
(292, 'CALCULATOR', 'CASIO FX4100', NULL, 'scientific', NULL, NULL, '  -   ', NULL, '221', NULL, 'pc', '', '1', 'City Building & Architecture Office', 'MANAOG, Charina', NULL, NULL, NULL, NULL, NULL, 'NO PRS ON FILE'),
(293, 'COMPUTER', NULL, NULL, 'Intel celeron 650, CPU with MIS, 14\" colored monitor, Philips BZ000106271760, 104 keyboard - 2K08055439, AVR giant 44476, mouse and mousepad', NULL, NULL, '  -   ', NULL, '223', NULL, 'unit', '', '1', 'Municipal Trial Court in Cities', 'VILLARUBIA, Editha', NULL, NULL, NULL, NULL, NULL, 'NO PRS ON FILE'),
(294, 'TONER', NULL, NULL, 'TN221 K black, for Develop Ineo 227', NULL, '2020-12-17', '18,000.00', '01-01', '1-07-05-020 (221)', '1 yr.', 'bottles', '9,000.00', '2', 'City Administrator\'s Office', 'LUMINES, Rosemarie T.', NULL, NULL, NULL, NULL, NULL, NULL),
(295, 'DANCING FIGURES', NULL, NULL, 'different models', NULL, '2020-12-04', '174,988.00', '02-01', '1-07-05-990 (240)', '1 yr.', 'pc', '3,977.00', '44', 'City Building & Architecture Office', 'DEGAY, Johnny A.', NULL, NULL, NULL, NULL, NULL, NULL),
(296, 'FRAME WITH LIGHTS', NULL, NULL, 'metal, 132 sets', NULL, '2020-12-04', '143,000.00', '02-02', '1-07-05-990 (240)', '1 yr.', 'pc', '6,500.00', '22', 'City Building & Architecture Office', 'DEGAY, Johnny A.', NULL, NULL, NULL, NULL, NULL, NULL),
(297, 'INABEL SPIRAL', NULL, NULL, '200mm', NULL, '2020-12-04', '77,000.00', '02-03', '1-07-05-990 (240)', '1 yr.', 'pc', '3,500.00', '22', 'City Building & Architecture Office', 'DEGAY, Johnny A.', NULL, NULL, NULL, NULL, NULL, NULL),
(298, 'KALASAG MODEL', NULL, NULL, NULL, NULL, '2020-12-04', '121,000.00', '02-04', '1-07-05-990 (240)', '1 yr.', 'pc', '5,500.00', '22', 'City Building & Architecture Office', 'DEGAY, Johnny A.', NULL, NULL, NULL, NULL, NULL, NULL),
(299, 'POINSETTIA', NULL, NULL, '300mm, Capiz', NULL, '2020-12-04', '24,200.00', '02-05', '1-07-05-990 (240)', '1 yr.', 'pc', '550.00', '44', 'City Building & Architecture Office', 'DEGAY, Johnny A.', NULL, NULL, NULL, NULL, NULL, NULL),
(300, 'POINSETTIA', NULL, NULL, '400mm, Capiz', NULL, '2020-12-04', '18,150.00', '02-06', '1-07-05-990 (240)', '1 yr.', 'pc', '825.00', '22', 'City Building & Architecture Office', 'DEGAY, Johnny A.', NULL, NULL, NULL, NULL, NULL, NULL),
(301, 'DEVELOPER PV110', NULL, NULL, NULL, NULL, '2020-12-04', '1,370.00', '03-01', '1-07-05-120 (221)', '1 yr.', 'pc', '1,370.00', '1', 'City Assessor\'s Office', 'AGUILAR, Editha D.', NULL, NULL, NULL, NULL, NULL, NULL),
(302, 'IMAGING UNIT', NULL, NULL, NULL, NULL, '2020-12-04', '20,500.00', '03-01', '1-07-05-120 (221)', '1 yr.', 'pc', '20,500.00', '1', 'City Assessor\'s Office', 'AGUILAR, Editha D.', NULL, NULL, NULL, NULL, NULL, NULL),
(303, 'TRANSFER ROLLER ASSEMBLY', NULL, NULL, NULL, NULL, '2020-12-04', '2,167.00', '03-03', '1-07-05-120 (221)', '1 yr.', 'pc', '2,167.00', '1', 'City Assessor\'s Office', 'AGUILAR, Editha D.', NULL, NULL, NULL, NULL, NULL, NULL),
(304, 'CABLE TIE', NULL, NULL, NULL, NULL, '2020-12-04', '3,250.00', '04-01', '1-07-05-990 (240)', '1 yr.', 'packs', '65.00', '50', 'City Building & Architecture Office', 'DEGAY, Johnny A.', NULL, NULL, NULL, NULL, NULL, 'With WMR # 990 dated 2/23/2024'),
(305, 'CABLE TIE', NULL, NULL, NULL, NULL, '2020-12-04', '3,250.00', '04-02', '1-07-05-990 (240)', '1 yr.', 'packs', '65.00', '50', 'City Building & Architecture Office', 'DEGAY, Johnny A.', NULL, NULL, NULL, NULL, NULL, 'With WMR # 990 dated 2/22/2024'),
(306, 'CIRCUIT BREAKER', NULL, NULL, NULL, NULL, '2020-12-04', '1,440.00', '04-03', '1-07-05-990 (240)', '1 yr.', 'pcs', '288.00', '5', 'City Building & Architecture Office', 'DEGAY, Johnny A.', NULL, NULL, NULL, NULL, NULL, 'With WMR # 990 dated 2/21/2025'),
(307, 'CIRCUIT BREAKER', NULL, NULL, NULL, NULL, '2020-12-04', '288.00', '04-04', '1-07-05-990 (240)', '1 yr.', 'pc', '288.00', '1', 'City Building & Architecture Office', 'DEGAY, Johnny A.', NULL, NULL, NULL, NULL, NULL, 'With WMR # 990 dated 2/19/2025'),
(308, 'ELECTRICAL TAPE', NULL, NULL, NULL, NULL, '2020-12-04', '1,050.00', '04-05', '1-07-05-990 (240)', '1 yr.', 'rolls', '35.00', '30', 'City Building & Architecture Office', 'DEGAY, Johnny A.', NULL, NULL, NULL, NULL, NULL, 'With WMR # 990 dated 2/18/2026'),
(309, 'FLAT CHORD', NULL, NULL, '#16', NULL, '2020-12-04', '7,500.00', '04-06', '1-07-05-990 (240)', '1 yr.', 'rolls', '3,750.00', '2', 'City Building & Architecture Office', 'DEGAY, Johnny A.', NULL, NULL, NULL, NULL, NULL, 'With WMR # 990 dated 2/17/2026'),
(310, 'LED CHRISTMAS LIGHT', NULL, NULL, NULL, NULL, '2020-12-04', '80,000.00', '04-07', '1-07-05-990 (240)', '1 yr.', 'sets', '400.00', '200', 'City Building & Architecture Office', 'DEGAY, Johnny A.', NULL, NULL, NULL, NULL, NULL, 'With WMR # 990 dated 2/16/2027'),
(311, 'LED CHRISTMAS LIGHT', NULL, NULL, NULL, NULL, '2020-12-04', '98,000.00', '04-08', '1-07-05-990 (240)', '1 yr.', 'sets', '980.00', '100', 'City Building & Architecture Office', 'DEGAY, Johnny A.', NULL, NULL, NULL, NULL, NULL, 'With WMR # 990 dated 2/15/2027'),
(312, 'LED CHRISTMAS LIGHT', NULL, NULL, NULL, NULL, '2020-12-04', '99,600.00', '04-09', '1-07-05-990 (240)', '1 yr.', 'rolls', '24,900.00', '4', 'City Building & Architecture Office', 'DEGAY, Johnny A.', NULL, NULL, NULL, NULL, NULL, 'With WMR # 990 dated 2/14/2027'),
(313, 'LED CHRISTMAS LIGHT', NULL, NULL, NULL, NULL, '2020-12-04', '2,800.00', '04-10', '1-07-05-990 (240)', '1 yr.', 'pcs', '100.00', '28', 'City Building & Architecture Office', 'DEGAY, Johnny A.', NULL, NULL, NULL, NULL, NULL, 'With WMR # 990 dated 2/11/2027'),
(314, 'LED CHRISTMAS LIGHT', NULL, NULL, NULL, NULL, '2020-12-04', '6,500.00', '04-11', '1-07-05-990 (240)', '1 yr.', 'pcs', '100.00', '65', 'City Building & Architecture Office', 'DEGAY, Johnny A.', NULL, NULL, NULL, NULL, NULL, NULL),
(315, 'LED CHRISTMAS LIGHT', NULL, NULL, NULL, NULL, '2020-12-04', '269,100.00', '04-12', '1-07-05-990 (240)', '1 yr.', 'rolls', '14,950.00', '18', 'City Building & Architecture Office', 'DEGAY, Johnny A.', NULL, NULL, NULL, NULL, NULL, NULL),
(316, 'LED CHRISTMAS LIGHT', NULL, NULL, NULL, NULL, '2020-12-04', '74,000.00', '04-13', '1-07-05-990 (240)', '1 yr.', 'sets', '1,480.00', '50', 'City Building & Architecture Office', 'DEGAY, Johnny A.', NULL, NULL, NULL, NULL, NULL, NULL),
(317, 'PANEL BOARD', NULL, NULL, NULL, NULL, '2020-12-04', '555.00', '04-14', '1-07-05-990 (240)', '1 yr.', 'unit', '555.00', '1', 'City Building & Architecture Office', 'DEGAY, Johnny A.', NULL, NULL, NULL, NULL, NULL, NULL),
(318, 'THIN WIRE', NULL, NULL, NULL, NULL, '2020-12-04', '11,700.00', '04-15', '1-07-05-990 (240)', '1 yr.', 'boxes', '1,950.00', '6', 'City Building & Architecture Office', 'DEGAY, Johnny A.', NULL, NULL, NULL, NULL, NULL, NULL),
(319, 'SEAT COVER', NULL, NULL, 'black and beige; German leather: 1st-3rd row; for Mitsubishi Expander with plate no. RM B6A', NULL, '2021-01-08', '11,399.75', '05-01', '1-07-06-010 (241)', '2 yrs.', 'set', '11,399.75', '1', 'City Administrator\'s Office', 'RAMIREZ, Louie Carlo T.', NULL, NULL, NULL, NULL, NULL, NULL),
(320, 'WATER DISPENSER', 'FUJIDENZO', 'MD1031B20110289', NULL, NULL, '2021-01-08', '6,300.00', '06-01', '1-07-05-990 (240)', '5 yrs.', 'unit', '6,300.00', '1', 'Office Of The City Auditor', 'GALLARDO, Arturo Jr.', NULL, NULL, NULL, NULL, NULL, NULL),
(321, 'CHRISTMAS DECORATIONS AND DANCING MODELS', NULL, NULL, NULL, NULL, '2020-11-27', '111,500.00', '07-01', '1-07-05-990 (240)', '1 yr.', 'lot', '111,500.00', '1', 'City Building & Architecture Office', 'DEGAY, Johnny A.', NULL, NULL, NULL, NULL, NULL, NULL),
(322, 'TIRE', NULL, NULL, '2.75 x 17; for motorcycle', NULL, '2020-12-08', '950.00', '08-01', '1-07-06-010 (241)', '1 yr.', 'pc', '950.00', '1', 'General Services Office', NULL, NULL, NULL, NULL, NULL, NULL, NULL),
(323, 'TIRE TUBE', NULL, NULL, '2.75 x 17; for motorcycle', NULL, '2020-12-08', '155.00', '08-02', '1-07-06-010 (241)', '1 yr.', 'pc', '155.00', '1', 'General Services Office', NULL, NULL, NULL, NULL, NULL, NULL, NULL),
(324, 'FLOOR MAP', NULL, NULL, 'rotating, washable mop', NULL, '2021-01-07', '2,600.00', '09-01', '1-07-05-990 (240)', '2 yrs.', 'pcs', '650.00', '4', 'Health Services Office', 'HERNANDEZ, Kitz Blacy Ann J.', NULL, NULL, NULL, NULL, NULL, NULL),
(325, 'FLASH DRIVE', 'SANDISK', NULL, '16GB', NULL, '2021-01-05', '16,245.00', '10-01', '1-07-05-990 (240)', '3 yrs.', 'pc', '285.00', '57', 'General Services Office', 'ESTANGKI, Sarrah Jean B.', NULL, NULL, NULL, NULL, NULL, NULL),
(326, 'DATA FILE BOX', NULL, NULL, NULL, NULL, '2020-11-27', '720.00', '11-01', '1-07-05-020 (221)', '5 yrs.', 'pc', '120.00', '6', 'City Library', 'DOLIPAS, Joana C.', NULL, NULL, NULL, NULL, NULL, NULL),
(327, 'RULER', NULL, NULL, 'stainless, 12 inches', NULL, '2020-11-27', '470.00', '11-02', '1-07-05-020 (221)', '3 yrs.', 'pc', '47.00', '10', 'City Library', 'DOLIPAS, Joana C.', NULL, NULL, NULL, NULL, NULL, NULL),
(328, 'STAPLE REMOVER', NULL, NULL, 'plier type', NULL, '2020-11-27', '300.00', '11-03', '1-07-05-020 (221)', '2 yrs.', 'pc', '25.00', '12', 'City Library', 'DOLIPAS, Joana C.', NULL, NULL, NULL, NULL, NULL, NULL),
(329, 'TAPE DISPENSER', NULL, NULL, '24mm, UK', NULL, '2020-11-27', '540.00', '11-04', '1-07-05-020 (221)', '3 yrs.', 'pc', '90.00', '6', 'City Library', 'DOLIPAS, Joana C.', NULL, NULL, NULL, NULL, NULL, NULL),
(330, 'MAGAZINE BOX', NULL, NULL, NULL, NULL, '2021-01-08', '780.00', '12-01', '1-07-05-990 (240)', '5 yrs.', 'pcs', '130.00', '6', 'City Library', 'DOLIPAS, Joana C.', NULL, NULL, NULL, NULL, NULL, NULL),
(331, 'METAL PLAQUE', NULL, NULL, '2mm stainless steel silver', NULL, '2020-12-28', '5,500.00', '13-01', '1-07-05-990 (240)', '5 yrs.', 'set', '5,500.00', '1', 'City Environment & Parks Management Office', 'LACHICA, John Bernard', NULL, NULL, NULL, NULL, NULL, NULL),
(332, 'LETTERS', NULL, NULL, 'stainless steel, 10mm high, fabricated', NULL, '2020-12-28', '11,500.00', '13-02', '1-07-05-990 (240)', '5 yrs.', 'set', '11,500.00', '1', 'City Environment & Parks Management Office', 'LACHICA, John Bernard', NULL, NULL, NULL, NULL, NULL, NULL),
(333, 'DATING AND STAMPING MACHINE', 'SHINY 300', NULL, NULL, NULL, '2020-12-28', '320.00', '14-01', '1-07-05-020 (221)', NULL, 'pc', '320.00', '1', 'City Administrator\'s Office', 'SADCOPEN, George', NULL, NULL, NULL, NULL, NULL, NULL),
(334, 'PUNCHER', NULL, NULL, NULL, NULL, '2020-12-28', '390.00', '14-02', '1-07-05-020 (221)', NULL, 'pc', '130.00', '3', 'City Administrator\'s Office', 'SADCOPEN, George', NULL, NULL, NULL, NULL, NULL, NULL),
(335, 'RULER', NULL, NULL, NULL, NULL, '2020-12-28', '540.00', '14-03', '1-07-05-020 (221)', NULL, 'pc', '45.00', '12', 'City Administrator\'s Office', 'SADCOPEN, George', NULL, NULL, NULL, NULL, NULL, NULL),
(336, 'INK', NULL, NULL, 'cyan, for TN 221 Ineo+227', NULL, '2020-12-29', '18,000.00', '15-01', '1-07-05-120 (221)', '1 yr.', 'pc', '18,000.00', '1', 'General Services Office', 'LACANILAO, Ma. Jacqueline', NULL, NULL, NULL, NULL, NULL, NULL),
(337, 'INK', NULL, NULL, 'magenta, for TN 221 Ineo+227', NULL, '2020-12-29', '18,000.00', '15-02', '1-07-05-120 (221)', '1 yr.', 'pc', '18,000.00', '1', 'General Services Office', 'LACANILAO, Ma. Jacqueline', NULL, NULL, NULL, NULL, NULL, NULL),
(338, 'INK', NULL, NULL, 'yellow, for TN 221 Ineo+227', NULL, '2020-12-29', '18,000.00', '15-03', '1-07-05-120 (221)', '1 yr.', 'pc', '18,000.00', '1', 'General Services Office', 'LACANILAO, Ma. Jacqueline', NULL, NULL, NULL, NULL, NULL, NULL),
(339, 'INK', NULL, NULL, 'black, for TN 221 Ineo+227', NULL, '2020-12-29', '18,000.00', '15-04', '1-07-05-120 (221)', '1 yr.', 'pc', '9,000.00', '2', 'General Services Office', 'LACANILAO, Ma. Jacqueline', NULL, NULL, NULL, NULL, NULL, NULL),
(340, 'RULER', NULL, NULL, 'stainless steel, 12 inches', NULL, '2020-10-26', '900.00', '16-01', '1-07-05-020 (221)', '3 yrs.', 'pc', '45.00', '20', 'Sangguniang Panglunsod', 'MADIASAN, Judith', NULL, NULL, NULL, NULL, NULL, NULL),
(341, 'CALCULATOR', NULL, NULL, NULL, NULL, '2020-10-26', '4,200.00', '17-01', '1-07-05-020 (221)', '3 yrs.', 'pc', '840.00', '5', 'Sangguniang Panglunsod', 'MADIASAN, Judith', NULL, NULL, NULL, NULL, NULL, NULL),
(342, 'CUTTER', NULL, NULL, NULL, NULL, '2020-10-26', '1,400.00', '17-02', '1-07-05-020 (221)', '3 yrs.', 'pc', '40.00', '35', 'Sangguniang Panglunsod', 'MADIASAN, Judith', NULL, NULL, NULL, NULL, NULL, NULL),
(343, 'DATA FILE BOX', NULL, NULL, NULL, NULL, '2020-10-26', '5,750.00', '17-03', '1-07-05-020 (221)', '3 yrs.', 'pc', '115.00', '50', 'Sangguniang Panglunsod', 'MADIASAN, Judith', NULL, NULL, NULL, NULL, NULL, NULL),
(344, 'DATA STORAGE', NULL, NULL, NULL, NULL, '2020-10-26', '16,380.00', '17-04', '1-07-05-020 (221)', '3 yrs.', 'pc', '420.00', '39', 'Sangguniang Panglunsod', 'MADIASAN, Judith', NULL, NULL, NULL, NULL, NULL, NULL),
(345, 'DATE STAMP', NULL, NULL, NULL, NULL, '2020-10-26', '3,600.00', '17-05', '1-07-05-020 (221)', '3 yrs.', 'pc', '360.00', '10', 'Sangguniang Panglunsod', 'MADIASAN, Judith', NULL, NULL, NULL, NULL, NULL, NULL),
(346, 'TAPE DISPENSER', NULL, NULL, NULL, NULL, '2020-11-24', '2,070.00', '18-01', '1-07-05-020 (221)', '3 yrs.', 'pc', '90.00', '23', 'Sangguniang Panglunsod', 'MADIASAN, Judith', NULL, NULL, NULL, NULL, NULL, NULL),
(347, 'STAPLER REMOVER', NULL, NULL, NULL, NULL, '2020-12-29', '32,400.00', '19-01', '1-07-05-020 (221)', '2 yrs.', 'box', '900.00', '36', 'Sangguniang Panglunsod', 'MADIASAN, Judith', NULL, NULL, NULL, NULL, NULL, NULL),
(348, 'PUNCHER', NULL, NULL, NULL, NULL, '2020-12-29', '2,080.00', '19-02', '1-07-05-020 (221)', '5 yrs.', 'pc', '130.00', '16', 'Sangguniang Panglunsod', 'MADIASAN, Judith', NULL, NULL, NULL, NULL, NULL, NULL),
(349, 'FLOOR MAT', NULL, NULL, 'rubber, 18 x 12', NULL, '2021-01-08', '516.00', '20-01', '1-07-05-990 (240)', '3 yrs.', 'pc', '129.00', '4', 'Office of the City Planning & Development Officer', 'LAGMAY, Victoria', NULL, NULL, NULL, NULL, NULL, NULL),
(350, 'FILE TRAY', NULL, NULL, 'Stainless, 3 layers, black', NULL, '2020-08-24', '2,250.00', '21-01', '1-07-05-020 (221)', '3 yrs.', 'pc', '450.00', '5', 'Office of the Local Civil Registrar', 'BULACAN, Cristobal T.', NULL, NULL, NULL, NULL, NULL, NULL),
(351, 'THERMOGUN', NULL, NULL, 'Human body temperature mode', NULL, '2021-01-07', '3,000.00', '22-01', '1-07-05-990 (240)', '1 yr.', 'pc', '1,500.00', '2', 'City Building & Architecture Office', 'OVIEDO, Eunice A.', NULL, NULL, NULL, NULL, NULL, NULL),
(352, 'TRAFFIC BARRIER', NULL, NULL, 'BRB2 with refelective sticker', NULL, '2022-11-28', '186,760.00', '23-01', '1-07-05-990 (240)', '2 yrs.', 'pc', '3,220.00', '58', 'City Engineer\'s Office', 'BORILLO, Januario S.', NULL, NULL, NULL, NULL, NULL, NULL),
(353, 'TRAFFIC BARRIER', NULL, NULL, 'BRB2 with refelective sticker', NULL, '2022-11-28', '457,240.00', '23-02', '1-07-05-990 (240)', '2 yrs.', 'pc', '3,220.00', '142', 'City Engineer\'s Office', 'BORILLO, Januario S.', NULL, NULL, NULL, NULL, NULL, NULL),
(354, 'TRAFFIC CONE', NULL, NULL, 'Full rubber, 36 inches', NULL, '2022-11-28', '111,000.00', '23-03', '1-07-05-990 (240)', '2 yrs.', 'pc', '740.00', '150', 'City Engineer\'s Office', 'BORILLO, Januario S.', NULL, NULL, NULL, NULL, NULL, NULL),
(355, 'T-TOP BOLLARD', NULL, NULL, 'plastic body, black rubber base', NULL, '2022-11-28', '195,000.00', '23-04', '1-07-05-990 (240)', '2 yrs.', 'pc', '780.00', '250', 'City Engineer\'s Office', 'BORILLO, Januario S.', NULL, NULL, NULL, NULL, NULL, NULL),
(356, 'TIRE', 'MAXXIS', '0320 (2 pcs)\n0120 (2 pcs)', '195 R15, 8 ply\nfor NAZ 4392', NULL, '2020-12-23', '19,860.00', '24-01', '1-07-06-010 (241)', '1 yr.', 'pc', '4,965.00', '4', 'Health Services Office', NULL, NULL, NULL, NULL, NULL, NULL, NULL),
(357, 'DATE STAMP', NULL, NULL, NULL, NULL, '2020-11-23', '839.25', '25-01', '1-07-05-020 (221)', '5 yrs.', 'pcs', '279.75', '3', 'Office of the Local Civil Registrar', 'BULACAN, Cristobal T.', NULL, NULL, NULL, NULL, NULL, NULL),
(358, 'SCISSORS', NULL, NULL, NULL, NULL, '2020-11-23', '592.50', '25-02', '1-07-05-020 (221)', '3 yrs.', 'pairs', '39.50', '15', 'Office of the Local Civil Registrar', 'BULACAN, Cristobal T.', NULL, NULL, NULL, NULL, NULL, NULL),
(359, 'STAPLE REMOVER', NULL, NULL, NULL, NULL, '2020-11-23', '562.50', '25-03', '1-07-05-020 (221)', '2 yrs.', 'pcs', '37.50', '15', 'Office of the Local Civil Registrar', 'BULACAN, Cristobal T.', NULL, NULL, NULL, NULL, NULL, NULL),
(360, 'TAPE DISPENSER', NULL, NULL, NULL, NULL, '2020-11-23', '495.00', '25-04', '1-07-05-020 (221)', '3 yrs.', 'pcs', '99.00', '5', 'Office of the Local Civil Registrar', 'BULACAN, Cristobal T.', NULL, NULL, NULL, NULL, NULL, NULL),
(361, 'DATE STAMP', NULL, NULL, 'Self inking stamp', NULL, '2021-01-05', '839.25', '26-01', '1-07-05-020 (221)', '5 yrs.', 'pc', '279.75', '3', 'Office of the Local Civil Registrar', 'BULACAN, Cristobal T.', NULL, NULL, NULL, NULL, NULL, NULL),
(362, 'INK', 'HP', NULL, 'Black, 10ml', NULL, '2021-01-05', '1,200.00', '27-01', '1-07-05-020 (221)', '1 yr.', 'cart', '600.00', '2', 'City Mayor\'s Office', 'PADUA, Victor V.', NULL, NULL, NULL, NULL, NULL, NULL),
(363, 'INK', 'HP', NULL, 'Black, hp 932', NULL, '2021-01-05', '3,600.00', '27-02', '1-07-05-020 (221)', '1 yr.', 'cart', '1,800.00', '2', 'City Mayor\'s Office', 'PADUA, Victor V.', NULL, NULL, NULL, NULL, NULL, NULL),
(364, 'INK', NULL, NULL, NULL, NULL, '2021-01-05', '1,800.00', '27-03', '1-07-05-020 (221)', '1 yr.', 'cart', '1,800.00', '1', 'City Mayor\'s Office', 'PADUA, Victor V.', NULL, NULL, NULL, NULL, NULL, NULL);
INSERT INTO `generalproperties` (`propertyID`, `article`, `brand`, `serialNo`, `particulars`, `eNGAS`, `acquisitionDate`, `acquisitionCost`, `propertyNo`, `accountNumber`, `estimatedLife`, `unitOfMeasure`, `unitValue`, `quantity`, `officeName`, `accountablePerson`, `scannedDocs`, `yearsOfService`, `monthlyDepreciation`, `accumulatedDepreciation`, `bookValue`, `gpremarks`) VALUES
(365, 'INK', NULL, NULL, NULL, NULL, '2021-01-05', '1,800.00', '27-04', '1-07-05-020 (221)', '1 yr.', 'cart', '1,800.00', '1', 'City Mayor\'s Office', 'PADUA, Victor V.', NULL, NULL, NULL, NULL, NULL, NULL),
(366, 'INK', NULL, NULL, NULL, NULL, '2021-01-05', '1,800.00', '27-05', '1-07-05-020 (221)', '1 yr.', 'cart', '1,800.00', '1', 'City Mayor\'s Office', 'PADUA, Victor V.', NULL, NULL, NULL, NULL, NULL, NULL),
(367, 'INK', NULL, NULL, NULL, NULL, '2021-01-05', '1,700.00', '27-06', '1-07-05-020 (221)', '1 yr.', 'cart', '1,700.00', '1', 'City Mayor\'s Office', 'PADUA, Victor V.', NULL, NULL, NULL, NULL, NULL, NULL),
(368, 'INK', NULL, NULL, NULL, NULL, '2021-01-05', '1,200.00', '27-07', '1-07-05-020 (221)', '1 yr.', 'cart', '600.00', '2', 'City Mayor\'s Office', 'PADUA, Victor V.', NULL, NULL, NULL, NULL, NULL, NULL),
(369, 'ROTARY HAMMER', 'BOSCH', '23001038', NULL, NULL, '2021-01-08', '4,895.00', '28-01', '1-07-05-010 (226)', '5 yrs.', 'set', '4,895.00', '1', 'City Engineer\'s Office', 'PUGONG, Agosto', NULL, NULL, NULL, NULL, NULL, NULL),
(370, 'OXY/ECETYLENE WELDING AND CUTTING OUTFIT', NULL, NULL, NULL, NULL, '2021-01-08', '6,500.00', '29-01', '1-07-05-010 (226)', '5 yrs.', 'set', '6,500.00', '1', 'City Engineer\'s Office', 'PUGONG, Agosto', NULL, NULL, NULL, NULL, NULL, NULL),
(371, 'WELDING MACHINE', 'YAMOTO BIGBODY', NULL, NULL, NULL, '2021-01-08', '8,750.00', '30-01', '1-07-05-010 (226)', '5 yrs.', 'pc', '8,750.00', '1', 'City Engineer\'s Office', 'PUGONG, Agosto', NULL, NULL, NULL, NULL, NULL, NULL),
(372, 'CUT OFF MACHINE', 'BOSCH GC0220', '29002404', NULL, NULL, '2021-01-08', '69,995.00', '31-01', '1-07-05-010 (226)', '5 yrs.', 'pc', '69,995.00', '1', 'City Engineer\'s Office', 'PUGONG, Agosto', NULL, NULL, NULL, NULL, NULL, NULL),
(373, 'HYDRAULIC FLOOR / CROCODILE JACK', NULL, NULL, '2 tons', NULL, '2021-01-08', '2,000.00', '32-01', '1-07-05-010 (226)', '5 yrs.', 'set', '2,000.00', '1', 'City Engineer\'s Office', 'SIITEN, Esteban', NULL, NULL, NULL, NULL, NULL, NULL),
(374, 'BRUSH', NULL, NULL, 'Hand scrub with handle', NULL, '2021-01-08', '270.00', '33-01', '1-07-05-990 (240)', '1 yr.', 'pc', '45.00', '6', 'City Treasurer\'s Office', 'TOLENTINO, Ralph John', NULL, NULL, NULL, NULL, NULL, NULL),
(375, 'BRUSH', NULL, NULL, 'push with handle', NULL, '2021-01-08', '570.00', '33-02', '1-07-05-990 (240)', '1 yr.', 'pc', '95.00', '6', 'City Treasurer\'s Office', 'TOLENTINO, Ralph John', NULL, NULL, NULL, NULL, NULL, NULL),
(376, 'DUST PAN', NULL, NULL, NULL, NULL, '2021-01-08', '392.00', '33-03', '1-07-05-990 (240)', '1 yr.', 'pc', '49.00', '8', 'City Treasurer\'s Office', 'TOLENTINO, Ralph John', NULL, NULL, NULL, NULL, NULL, NULL),
(377, 'WASTE BASKET', NULL, NULL, NULL, NULL, '2021-01-08', '225.00', '33-04', '1-07-05-990 (240)', '1 yr.', 'pc', '45.00', '5', 'City Treasurer\'s Office', 'TOLENTINO, Ralph John', NULL, NULL, NULL, NULL, NULL, NULL),
(378, 'BATTERY', 'MOTOLITE ENDURO', 'ME3001229624', '3SM', NULL, '2021-01-13', '6,200.00', '34-01', '1-07-06-010 (241)', '2 yrs.', 'unit', '6,200.00', '1', 'City Veterinary Office', 'BERNAL, Crisostomo', NULL, NULL, NULL, NULL, NULL, NULL),
(379, 'BATTERY', 'MEGAFORCE', '404407', '3SM for SFH 254', NULL, '2021-01-11', '0.00', '35-01A', '1-07-06-010 (241)', '2 yrs.', 'pc', '0.00', '2', 'General Services Office', 'BAYAN, Brandon Carlo', NULL, NULL, NULL, NULL, NULL, NULL),
(380, 'BATTERY', 'MEGAFORCE', '404429', '3SM for SFH 254', NULL, '2021-01-11', '0.00', '35-01B', '1-07-06-010 (241)', '2 yrs.', 'pc', '0.00', '2', 'General Services Office', 'BAYAN, Brandon Carlo', NULL, NULL, NULL, NULL, NULL, NULL),
(381, 'CALCULATOR', NULL, NULL, NULL, NULL, '2021-01-14', '1,950.00', '36-01', '1-07-05-020 (221)', '3 yrs.', 'pc', '650.00', '3', 'City Mayor\'s Office', 'PADUA, Victor V.', NULL, NULL, NULL, NULL, NULL, NULL),
(382, 'DATA FILE BOX', NULL, NULL, NULL, NULL, '2021-01-14', '315.00', '36-02', '1-07-05-020 (221)', '5 yrs.', 'pc', '105.00', '3', 'City Mayor\'s Office', 'PADUA, Victor V.', NULL, NULL, NULL, NULL, NULL, NULL),
(383, 'PUNCHER', NULL, NULL, NULL, NULL, '2021-01-14', '390.00', '36-03', '1-07-05-020 (221)', '5 yrs.', 'pc', '130.00', '3', 'City Mayor\'s Office', 'PADUA, Victor V.', NULL, NULL, NULL, NULL, NULL, NULL),
(384, 'STAPLE REMOVER', NULL, NULL, NULL, NULL, '2021-01-14', '75.00', '36-04', '1-07-05-020 (221)', '2 yrs.', 'pc', '25.00', '3', 'City Mayor\'s Office', 'PADUA, Victor V.', NULL, NULL, NULL, NULL, NULL, NULL),
(385, 'RUBBER STAMP', NULL, NULL, '4 lines', NULL, '2021-01-14', '1,000.00', '36-05', '1-07-05-020 (221)', '2 yrs.', 'pc', '1,000.00', '1', 'City Mayor\'s Office', 'PADUA, Victor V.', NULL, NULL, NULL, NULL, NULL, NULL),
(386, 'PUNCHER', NULL, NULL, NULL, NULL, '2020-12-18', '800.00', '37-01', '1-07-05-020 (221)', '5 yrs.', 'pc', '160.00', '5', 'City Assessor\'s Office', 'MONSALUD, Rommel', NULL, NULL, NULL, NULL, NULL, NULL),
(387, 'PUNCHER', NULL, NULL, NULL, NULL, '2020-12-28', '330.00', '38-01', '1-07-05-020 (221)', '5 yrs.', 'pc', '165.00', '2', 'Office of the City Auditor', 'GALLARDO, Arturo Jr.', NULL, NULL, NULL, NULL, NULL, NULL),
(388, 'ANGLE GRINDER', 'BOSCH GWS750', '29019914', NULL, NULL, '2021-01-15', '3,750.00', '39-01', '1-07-05-990 (240)', '5 yrs.', 'unit', '3,750.00', '1', 'City Engineer\'s Office', 'LUSNONG, Julie', NULL, NULL, NULL, NULL, NULL, NULL),
(389, 'VACUUM CLEANER', 'FASA FVC 20XT', NULL, NULL, NULL, '2021-01-15', '3,650.00', '40-01', '1-07-05-990 (240)', '5 yrs.', 'unit', '3,650.00', '1', 'General Services Office', 'MATA, Joel Teofilo', NULL, NULL, NULL, NULL, NULL, NULL),
(390, 'VACUUM CLEANER', 'FASA FVC 20XT', NULL, NULL, NULL, '2021-01-15', '3,650.00', '40-01', '1-07-05-990 (240)', '5 yrs.', 'unit', '3,650.00', '1', 'General Services Office', 'MATA, Joel Teofilo', NULL, NULL, NULL, NULL, NULL, NULL),
(391, 'WASTE TONER CONTAINER', NULL, NULL, NULL, NULL, '2021-01-14', '4,800.00', '41-01', '1-07-05-990 (240)', '1 yr.', 'pc', '2,400.00', '2', 'City Assessor\'s Office', 'MONSALUD, Rommel', NULL, NULL, NULL, NULL, NULL, NULL),
(392, 'WASTE TONER CONTAINER', NULL, NULL, NULL, NULL, '2021-01-14', '4,800.00', '41-02', '1-07-05-990 (240)', '1 yr.', 'pc', '2,400.00', '2', 'City Assessor\'s Office', 'MONSALUD, Rommel', NULL, NULL, NULL, NULL, NULL, NULL),
(393, 'DRUM CARTRIDGE', NULL, NULL, NULL, NULL, '2020-12-16', '27,000.00', '42-01', '1-07-05-990 (240)', '1 yr.', NULL, '13,500.00', '2', 'City Assessor\'s Office', 'MONSALUD, Rommel', NULL, NULL, NULL, NULL, NULL, NULL),
(394, 'DRUM CARTRIDGE', NULL, NULL, NULL, NULL, '2020-12-16', '12,000.00', '42-02', '1-07-05-990 (240)', '1 yr.', 'cart', '12,000.00', '1', 'City Assessor\'s Office', 'MONSALUD, Rommel', NULL, NULL, NULL, NULL, NULL, NULL),
(395, 'TONER', NULL, NULL, NULL, NULL, '2020-12-16', '5,000.00', '42-03', '1-07-05-990 (240)', '1 yr.', 'cart', '5,000.00', '1', 'City Assessor\'s Office', 'MONSALUD, Rommel', NULL, NULL, NULL, NULL, NULL, NULL),
(396, 'TONER', NULL, NULL, NULL, NULL, '2020-12-16', '16,000.00', '42-04', '1-07-05-990 (240)', '1 yr.', 'cart', '8,000.00', '2', 'City Assessor\'s Office', 'MONSALUD, Rommel', NULL, NULL, NULL, NULL, NULL, NULL),
(397, 'TONER', NULL, NULL, NULL, NULL, '2020-12-16', '5,000.00', '43-01', '1-07-05-990 (240)', '1 yr.', 'pc', '5,000.00', '1', 'City Assessor\'s Office', 'MONSALUD, Rommel', NULL, NULL, NULL, NULL, NULL, NULL),
(398, 'TONER', NULL, NULL, NULL, NULL, '2020-12-16', '12,000.00', '43-02', '1-07-05-990 (240)', '1 yr.', 'cart', '12,000.00', '1', 'City Assessor\'s Office', 'MONSALUD, Rommel', NULL, NULL, NULL, NULL, NULL, NULL),
(399, 'TONER', NULL, NULL, NULL, NULL, '2020-12-16', '16,000.00', '43-03', '1-07-05-990 (240)', '1 yr.', 'cart', '8,000.00', '2', 'City Assessor\'s Office', 'MONSALUD, Rommel', NULL, NULL, NULL, NULL, NULL, NULL),
(400, 'CAULKING GUN', NULL, NULL, NULL, NULL, '2020-10-02', '180.00', '44-01', '1-07-05-990 (240)', '1 yr.', 'pc', '180.00', '1', 'Office of the City Planning & Development Officer', 'LAGMAY, Ma. Victoria', NULL, NULL, NULL, NULL, NULL, NULL),
(401, 'SELF-INKING STAMP', NULL, NULL, NULL, NULL, '2020-10-02', '550.00', '45-01', '1-07-05-990 (240)', '5 yrs.', 'pc', '550.00', '1', 'Office of the City Planning & Development Officer', 'LAGMAY, Ma. Victoria', NULL, NULL, NULL, NULL, NULL, NULL),
(402, 'WATER DISPENSER', NULL, NULL, NULL, NULL, '2020-10-05', '1,600.00', '46-01', '1-07-05-990 (240)', '5 yrs.', 'unit', '1,600.00', '1', 'Office of the City Planning & Development Officer', 'LAGMAY, Ma. Victoria', NULL, NULL, NULL, NULL, NULL, NULL),
(403, 'ID SLOT PUNCHER', NULL, NULL, NULL, NULL, '2020-09-23', '500.00', '47-01', '1-07-05-990 (240)', '5 yrs.', 'pc', '500.00', '1', 'City Administrator\'s Office', 'LUMINES, Rosemarie', NULL, NULL, NULL, NULL, NULL, NULL),
(404, 'DUST PAN', NULL, NULL, NULL, NULL, '2021-01-13', '1,470.00', '48-01', '1-07-05-990 (240)', '2 yrs.', 'pc', '49.00', '30', 'Health Services Office', NULL, NULL, NULL, NULL, NULL, NULL, NULL),
(405, 'PAPER SHREDDER', NULL, 'F0400 21100470', NULL, NULL, '2021-01-14', '13,995.00', '49-01', '1-07-05-020 (221)', '5 yrs.', 'unit', '13,995.00', '1', 'Sangguniang Panglunsod', 'LAWANA, Michael', NULL, NULL, NULL, NULL, NULL, NULL),
(406, 'PAPER SHREDDER', NULL, 'F0400 21100577', NULL, NULL, '2021-01-14', '13,995.00', '50-01', '1-07-05-020 (221)', '5 yrs.', 'unit', '13,995.00', '1', 'Sangguniang Panglunsod', 'SERRAN, Ponciano', NULL, NULL, NULL, NULL, NULL, NULL),
(407, 'PAPER SHREDDER', NULL, 'F0400 211004578', NULL, NULL, '2021-01-14', '13,995.00', '51-01', '1-07-05-020 (221)', '5 yrs.', 'unit', '13,995.00', '1', 'Sangguniang Panglunsod', 'TORIO, Dominick', NULL, NULL, NULL, NULL, NULL, NULL),
(408, 'CAR ALARM SYSTEM', NULL, NULL, NULL, NULL, '2021-01-06', '2,500.00', '52-01', '1-07-06-010 (241)', '5 yrs.', 'unit', '2,500.00', '1', 'Sangguniang Panglunsod', 'CASTRO, Fidel A.', NULL, NULL, NULL, NULL, NULL, NULL),
(409, 'SPINE BOARD WITH STRAP', NULL, NULL, NULL, NULL, '2021-01-13', '21,000.00', '53-01', '1-07-05-990 (240)', '5 yrs.', 'pc', '3,500.00', '6', 'City Mayor\'s Office', 'TEOXON, Christopher', NULL, NULL, NULL, NULL, NULL, NULL),
(410, 'BATTERY', 'MOTOLITE GOLD', 'MG2000184839', 'VJ 4526', NULL, '2020-11-17', '8,600.00', '54-01', '1-07-06-010 (241)', '2 yrs.', 'unit', '8,600.00', '1', 'Bureau of Fire Prevention & Safety', 'LOQUID, Doming', NULL, NULL, NULL, NULL, NULL, NULL),
(411, 'ELECTRIC FAN', 'IM MEGA SAVER', NULL, NULL, NULL, '2021-01-08', '920.00', '55-01', '1-07-06-010 (241)', '5 yrs.', 'unit', '920.00', '1', 'Sangguniang Panglunsod', 'BAGBAGEN, Fred', NULL, NULL, NULL, NULL, NULL, NULL),
(412, 'ELECTRIC FAN', 'IM MEGA SAVER', NULL, NULL, NULL, '2021-01-08', '920.00', '56-01', '1-07-06-010 (241)', '5 yrs.', 'unit', '920.00', '1', 'Sangguniang Panglunsod', 'LAWANA, Michael', NULL, NULL, NULL, NULL, NULL, NULL),
(413, 'ELECTRIC FAN', 'IM MEGA SAVER', NULL, NULL, NULL, '2021-01-08', '920.00', '57-01', '1-07-06-010 (241)', '5 yrs.', 'unit', '920.00', '1', 'Sangguniang Panglunsod', 'ORCALES, LEVY Lloyd', NULL, NULL, NULL, NULL, NULL, NULL),
(414, 'ELECTRIC FAN', 'IM MEGA SAVER', NULL, NULL, NULL, '2021-01-08', '920.00', '58-01', '1-07-06-010 (241)', '5 yrs.', 'unit', '920.00', '1', 'Sangguniang Panglunsod', 'TABANDA, Betty Lourdes', NULL, NULL, NULL, NULL, NULL, NULL),
(415, 'TIMER', 'LEGRAND', NULL, '24-hour', NULL, '2020-12-03', '2,000.00', '59-01', '1-07-05-990 (240)', '1 yr.', 'pc', '2,000.00', '1', 'City Building & Architecture Office', 'CIANO, Renato S.', NULL, NULL, NULL, NULL, NULL, NULL),
(416, 'HARD DISK DRIVE', 'SEAGATE', 'ZNIJ9B7H', '1TB SATA 7200RPM', NULL, '2020-12-14', '3,400.00', '60-01', '1-07-05-030 (223)', '1 yr.', 'pc', '3,400.00', '1', 'City Assessor\'s Office', 'AGUILAR, Edith', NULL, NULL, NULL, NULL, NULL, NULL),
(417, 'HARD DISK DRIVE', 'SEAGATE', 'ZNIJ99SP', '1TB SATA 7200RPM', NULL, '2020-12-14', '3,400.00', '61-01', '1-07-05-030 (223)', '1 yr.', 'pc', '3,400.00', '1', 'City Assessor\'s Office', 'MONSALUD, Rommel', NULL, NULL, NULL, NULL, NULL, NULL),
(418, 'DUST PAN', NULL, NULL, NULL, NULL, '2021-01-13', '1,470.00', '62-01', '1-07-05-990 (240)', '2 yrs.', 'pc', '49.00', '30', 'Health Services Office', 'HERNANDEZ, Kitz Blacy', NULL, NULL, NULL, NULL, NULL, NULL),
(419, 'PUSH CART', 'VIKING BW30003', NULL, NULL, NULL, '2021-01-19', '7,800.00', '63-01', '1-07-05-990 (240)', '5 yrs.', 'pc', '7,800.00', '1', 'General Services Office', 'MARRERO, Patrick T.', NULL, NULL, NULL, NULL, NULL, NULL),
(420, 'MAGNETIC CONTRACTOR', NULL, NULL, NULL, NULL, '2020-12-03', '1,950.00', '64-01', '1-07-05-990 (240)', '5 yrs.', 'pc', '1,950.00', '1', 'City Building & Architecture Office', 'CIANO, Renato S.', NULL, NULL, NULL, NULL, NULL, NULL),
(421, 'DATING AND STAMPING MACHINE', 'SHINY 200', NULL, NULL, NULL, '2021-01-25', '700.00', '65-01', '1-07-05-990 (240)', '5 yrs.', 'pc', '350.00', '2', 'Office of the City Auditor', 'GALLARDO, Arturo Jr.', NULL, NULL, NULL, NULL, NULL, NULL),
(422, 'TIRE', 'GOODYEAR', 'B14L\nB14R (2 pcs)\nL02R', '195/65 RIM 15, 8ply', NULL, '2020-12-23', '19,700.00', '66-01', '1-07-06-010 (241)', '1 yr.', 'pc', '4,925.00', '4', 'City Police Office', 'FODAD, Lydia', NULL, NULL, NULL, NULL, NULL, NULL),
(423, 'TIRE', 'GT RADIAL', 'LD8X 3119 (3 pcs)\nLD8X 1619 (1 pc)', '195 R14C, 8ply', NULL, '2021-01-11', '17,128.00', '67-01', '1-07-06-010 (241)', '1 yr.', 'pc', '4,282.00', '4', 'Department of Education', 'LITILIT, Esther K.', NULL, NULL, NULL, NULL, NULL, NULL),
(424, 'TONER', NULL, NULL, 'TN 221 Cyan', NULL, '2021-01-20', '36,000.00', '68-01', '1-07-05-020 (221)', '1 yr.', 'bottle', '18,000.00', '2', 'City Mayor\'s Office', 'PADUA, Victor V.', NULL, NULL, NULL, NULL, NULL, NULL),
(425, 'TONER', NULL, NULL, 'TN 221 Yellow', NULL, '2021-01-20', '18,000.00', '68-02', '1-07-05-020 (221)', '1 yr.', 'bottle', '18,000.00', '1', 'City Mayor\'s Office', 'PADUA, Victor V.', NULL, NULL, NULL, NULL, NULL, NULL),
(426, 'MEGAPHONE', NULL, NULL, NULL, NULL, '2021-01-05', '3,310.00', '69-01', '1-07-05-990 (240)', '2 yrs.', 'pc', '3,310.00', '1', 'City Engineer\'s Office', 'CAMIRING, Thea', NULL, NULL, NULL, NULL, NULL, NULL),
(427, 'TRANSFER BELT', NULL, NULL, 'A161 R7 13-00', NULL, '2020-12-22', '18,805.00', '70-01', '1-07-05-990 (240)', '1 yr.', 'pc', '18,805.00', '1', 'City Environment & Parks Management Office', 'BASALI, Divina', NULL, NULL, NULL, NULL, NULL, NULL),
(428, 'TRANSFER ROLLER', NULL, NULL, 'A161 R7 14-22', NULL, '2022-12-22', '2,543.00', '70-01', '1-07-05-990 (240)', '1 yr.', 'pc', '2,543.00', '1', 'City Environment & Parks Management Office', 'BASALI, Divina', NULL, NULL, NULL, NULL, NULL, NULL),
(429, 'RADIO', 'ICOM  IC V80', '60250895-5', 'two-way frequency', NULL, '2021-01-21', '9,285.00', '71-01', '1-07-05-070 (229)', '5 yrs.', 'unit', '9,285.00', '1', 'Office of the City Human Resource Officer', 'ALNGANGEO, Mark Anthony', NULL, NULL, NULL, NULL, NULL, NULL),
(430, 'RADIO', 'ICOM  IC V80', '60250888-9', 'two-way frequency', NULL, '2021-01-21', '9,285.00', '72-01', '1-07-05-070 (229)', '5 yrs.', 'unit', '9,285.00', '1', 'Office of the City Human Resource Officer', 'ALNGANGEO, Mark Anthony', NULL, NULL, NULL, NULL, NULL, NULL),
(431, 'DUST PAN', NULL, NULL, NULL, NULL, '2021-01-08', '98.00', '73-01', '1-07-05-990 (240)', '2 yrs.', 'pc', '49.00', '2', 'City Mayor\'s Office', 'PADUA, Victor V.', NULL, NULL, NULL, NULL, NULL, NULL),
(432, 'GLASS CLEANER', NULL, NULL, NULL, NULL, '2020-12-18', '360.00', '74-01', '1-07-05-990 (240)', '1 yr.', 'pc', '180.00', '2', 'City Library', 'RILLERA, Caezar', NULL, NULL, NULL, NULL, NULL, NULL),
(433, 'WASTE BASKET', NULL, NULL, NULL, NULL, '2020-12-18', '288.00', '74-02', '1-07-05-990 (240)', '1 yr.', 'pc', '24.00', '12', 'City Library', 'RILLERA, Caezar', NULL, NULL, NULL, NULL, NULL, NULL),
(434, 'FEATHER DUSTER', NULL, NULL, NULL, NULL, '2020-12-18', '1,440.00', '74-03', '1-07-05-990 (240)', '1 yr.', 'pc', '80.00', '18', 'City Library', 'RILLERA, Caezar', NULL, NULL, NULL, NULL, NULL, NULL),
(435, 'DUST PAN', NULL, NULL, NULL, NULL, '2021-01-20', '245.00', '75-01', '1-07-05-990 (240)', '2 yrs.', 'pc', '49.00', '5', 'City Building & Architecture Office', 'APACIBLE, Allan', NULL, NULL, NULL, NULL, NULL, NULL),
(436, 'TOWER FAN', 'HANABISHI', '1910 HTOWF 1400SS 1005', NULL, NULL, '2021-01-27', '4,250.00', '76-01', '1-07-05-020 (221)', '5 yrs.', 'pc', '4,250.00', '1', 'City Accountant\'s Office', 'BALA, Ronald Felix', NULL, NULL, NULL, NULL, NULL, NULL),
(437, 'TOWER FAN', 'HANABISHI', '1910 HTOWF 1400SS 0894', NULL, NULL, '2021-01-27', '4,250.00', '77-01', '1-07-05-020 (221)', '5 yrs.', 'pc', '4,250.00', '1', 'City Accountant\'s Office', 'BALA, Ronald Felix', NULL, NULL, NULL, NULL, NULL, NULL),
(438, 'SOLAR BATTERY', 'MOTOLITE', 'PVS222105665', '6SM', NULL, '2021-01-12', '7,400.00', '78-01', '1-07-05-990 (240)', '2 yrs.', 'unit', '7,400.00', '1', 'City Environment & Parks Management Office', 'PAKAPO, Norma Nicoli', NULL, NULL, NULL, NULL, NULL, NULL),
(439, 'SOLAR BATTERY', 'MOTOLITE', 'PVS222105663', '6SM', NULL, '2021-01-12', '7,400.00', '79-01', '1-07-05-990 (240)', '2 yrs.', 'unit', '7,400.00', '1', 'City Environment & Parks Management Office', 'PAKAPO, Norma Nicoli', NULL, NULL, NULL, NULL, NULL, NULL),
(440, 'CUTTING MAT', NULL, NULL, '3mm THICK, Green', NULL, '2021-01-22', '281.85', '80-01', '1-07-05-990 (240)', '1 yr.', 'pc', '281.85', '1', 'City Legal Office', 'DONGUIZ, Felix Alexander', NULL, NULL, NULL, NULL, NULL, NULL),
(441, 'DATA FILE BOX', NULL, NULL, 'MADE OF CARDBOARD', NULL, '2021-01-22', '2,550.00', '80-02', '1-07-05-990 (240)', '1 yr.', 'pc', '85.00', '30', 'City Legal Office', 'DONGUIZ, Felix Alexander', NULL, NULL, NULL, NULL, NULL, NULL),
(442, 'RULER', NULL, NULL, 'STAINLESS STEEL -12 INCHES', NULL, '2021-01-22', '64.80', '80-03', '1-07-05-990 (240)', '3 yrs.', 'pcs', '32.40', '2', 'City Legal Office', 'DONGUIZ, Felix Alexander', NULL, NULL, NULL, NULL, NULL, NULL),
(443, 'STABLE', NULL, NULL, 'CLAW TYPE STEEL JAWS', NULL, '2021-01-22', '212.50', '80-04', '1-07-05-990 (240)', '2 yrs.', 'pc', '12.50', '17', 'City Legal Office', 'DONGUIZ, Felix Alexander', NULL, NULL, NULL, NULL, NULL, NULL),
(444, 'DUST PAN', NULL, NULL, 'NON RIGID PLASTIC', NULL, '2021-01-22', '931.00', '81-01', '1-07-05-990 (240)', '2 yrs.', 'pcs', '49.00', '19', 'City Social Welfare Development Office', 'PALADIO, Marcel', NULL, NULL, NULL, NULL, NULL, NULL),
(445, 'WASTEBASKET', NULL, NULL, 'NON RIGID PLASTIC, SQUARE', NULL, '2021-01-22', '675.00', '81-02', '1-07-05-990 (240)', '1 yr.', 'pc', '45.00', '15', 'City Social Welfare Development Office', 'PALADIO, Marcel', NULL, NULL, NULL, NULL, NULL, NULL),
(446, 'NUMBERING MACHINE', NULL, NULL, 'AUTOMATIC, 12 DIGITS DIAMANT', NULL, '2021-01-22', '1,750.00', '82-01', '1-07-05-990 (240)', '5 yrs.', 'pcs', '1,750.00', '1', 'City Mayor\'s Office', 'PADUA, Victor V.', NULL, NULL, NULL, NULL, NULL, NULL),
(447, 'TIRES', NULL, 'DUT YACH LD8X 2019(3)', '225/70 RI5 8PLY - GAJAH TUGSAL MAX MILLER', NULL, '2021-01-22', '22,300.00', '83-01', '1-07-05-990 (240)', '2 yrs.', 'pcs', '5,575.00', '4', 'Bureau of Fire Prevention & Safety', 'VELASCO, Jegar', NULL, NULL, NULL, NULL, NULL, NULL),
(448, 'INK PUMP UNIT', NULL, 'DUT YACH LD8X 1919 (1)', NULL, NULL, '2021-01-22', '4,671.00', '84-01', '1-07-05-990 (240)', '1 yr.', 'pc', '4,671.00', '1', 'General Services Office', 'ACASIO, Mary Grace S.', NULL, NULL, NULL, NULL, NULL, NULL),
(449, 'INKING NOZZLE CARTRIDGE', NULL, NULL, NULL, NULL, '2021-01-22', '581.00', '84-02', '1-07-05-990 (240)', '1 yr.', 'pc', '581.00', '1', 'General Services Office', 'ACASIO, Mary Grace S.', NULL, NULL, NULL, NULL, NULL, NULL),
(450, 'INKING NOZZLE DRUM', NULL, NULL, NULL, NULL, '2021-01-22', '742.00', '84-03', '1-07-05-990 (240)', '1 yr.', 'pc', '742.00', '1', 'General Services Office', 'ACASIO, Mary Grace S.', NULL, NULL, NULL, NULL, NULL, NULL),
(451, 'DUST PAN', NULL, NULL, 'NON-RIGID PLASTIC', NULL, '2021-01-22', '98.00', '85-01', '1-07-05-990 (240)', '2 yrs.', 'pc', '49.00', '2', 'City Administrator\'s Office', 'RAMIREZ, Louie Carlo', NULL, NULL, NULL, NULL, NULL, NULL),
(452, 'AVR', 'PRO LINK', NULL, 'W/ SURGE PROTECTOR', NULL, '2021-01-22', '3,400.00', '86-01', '1-07-05-990 (240)', '5 yrs.', 'unit', '3,400.00', '1', 'City Administrator\'s Office', 'DOLIGAS, Rex', NULL, NULL, NULL, NULL, NULL, NULL),
(453, 'DESKTOP SWITCH TP', NULL, '529701191900467', 'LINK 8 PORT 10/100MBPS', NULL, '2021-01-25', '0.00', '87-01', '1-07-05-990 (240)', '5 yrs.', 'unit', '0.00', '1', 'City Veterinary Office', 'CHACHAPIIA, Vincent Aaron', NULL, NULL, NULL, NULL, NULL, NULL),
(454, 'BATTERY', 'MV-2491', '220807007380', 'AMARON PRO DING 65', NULL, '2020-09-11', '7,500.00', '88-01', '1-07-05-990 (240)', '2 yrs.', 'unit', '7,500.00', '1', 'Sangguniang Panglunsod', 'BULURAN, Fevie Jay', NULL, NULL, NULL, NULL, NULL, NULL),
(455, 'FLASHDRIVE,', 'SANDISK', NULL, 'FLASHDRIVE, 32 GB', NULL, '2021-01-20', '3,297.90', '89-01', '1-07-05-990 (240)', '3 yrs.', 'pcs', '329.79', '10', 'City Administrator\'s Office', 'VALBUENA, Eugene Dominic', NULL, NULL, NULL, NULL, NULL, NULL),
(456, 'KEYBOX', 'SENTRY SAFE', NULL, 'SMALL', NULL, '2021-01-20', '1,849.75', '90-01', '1-07-05-990 (240)', '5 yrs.', 'pc', '1,849.75', '1', 'Sangguniang Panglunsod', 'MARVIL, Marlon', NULL, NULL, NULL, NULL, NULL, NULL),
(457, 'STABLE REMOVER-', NULL, NULL, 'CLAW TYPE, STEEL JAWS', NULL, '2021-01-14', '2,500.00', '91-01', '1-07-05-990 (240)', '2 yrs.', 'pcs', '250.00', '10', 'City Environment & Parks Management Office', 'BASALI, Divina', NULL, NULL, NULL, NULL, NULL, NULL),
(458, 'BRUSH', NULL, NULL, 'BRUSH 3 INCHES', NULL, '2000-01-12', '200.00', '92-01', '1-07-05-990 (240)', '1 yr.', 'pc', '50.00', '4', 'City Environment & Parks Management Office', 'GAS-IB, Jones', NULL, NULL, NULL, NULL, NULL, NULL),
(459, 'RUBBER MATTING -', NULL, NULL, 'RUBBER MATTING - 4MM THK', NULL, '2000-01-12', '7,000.00', '92-02', '1-07-05-990 (240)', '5 yrs.', 'pc', '700.00', '10', 'City Environment & Parks Management Office', 'GAS-IB, Jones', NULL, NULL, NULL, NULL, NULL, NULL),
(460, 'TONER', 'HP LASERJET', NULL, 'TONER HP CF 279 A BLACK,', NULL, '2021-01-29', '11,960.00', '93-01', '1-07-05-990 (240)', '1 yr.', 'pcs', '2,990.00', '4', 'Office of the City Auditor', 'GALLANO, Arturo', NULL, NULL, NULL, NULL, NULL, NULL),
(461, 'THERMAL SCANNER', 'OMRON MC', NULL, 'THERMAL SCANNER - 720', NULL, '2021-01-22', '117,600.00', '94-01', '1-07-05-990 (240)', '5 yrs.', 'pcs', '4,200.00', '28', 'Health Services Office', 'HERNANDEZ, Kitz Blacy Ann', NULL, NULL, NULL, NULL, NULL, NULL),
(462, 'DEVELOPER', NULL, NULL, 'DEVELOPER DV 110', NULL, '2021-01-26', '2,740.00', '95-01', '1-07-05-990 (240)', '1 yr.', 'pc', '1,370.00', '2', 'City Assessor\'s Office', 'MONSALUB, Rommel', NULL, NULL, NULL, NULL, NULL, NULL),
(463, 'MAGING UNIT', NULL, NULL, 'IMAGING UNIT', NULL, '2021-01-26', '4,334.00', '95-02', '1-07-05-990 (240)', '1 yr.', 'pc', '2,167.00', '2', 'City Assessor\'s Office', 'MONSALUB, Rommel', NULL, NULL, NULL, NULL, NULL, NULL),
(464, 'TRANSFER ROLLER ASSEMBLY', NULL, NULL, 'TRASNFER ROLLER ASSEMBLY', NULL, '2021-01-26', '41,000.00', '95-03', '1-07-05-990 (240)', '1 yr.', 'pc', '20,500.00', '2', 'City Assessor\'s Office', 'MONSALUB, Rommel', NULL, NULL, NULL, NULL, NULL, NULL),
(465, 'FUSING UNIT', NULL, NULL, 'FUSING UNIT FOR MEO 226', NULL, '2021-01-26', '13,006.00', '96-01', '1-07-05-990 (240)', '1 yr.', 'pc', '13,006.00', '1', 'City Mayor\'s Office', 'PADUA, Victoria', NULL, NULL, NULL, NULL, NULL, NULL),
(466, 'BEGINNER GUITAR', NULL, NULL, 'BEGINNER GUITAR - SENIOR SIZE', NULL, '2021-01-22', '8,100.00', '97-01', '1-07-05-990 (240)', '2 yrs.', 'pc', '900.00', '9', 'City Social Welfare Development Office', 'TUGAN, Florecita', NULL, NULL, NULL, NULL, NULL, NULL),
(467, 'GUITAR TUNER', 'DIGITAL', NULL, 'GUITAR TUNER - PLASTIC', NULL, '2021-01-22', '300.00', '97-02', '1-07-05-990 (240)', '2 yrs.', 'pc', '300.00', '1', 'City Social Welfare Development Office', 'TUGAN, Florecita', NULL, NULL, NULL, NULL, NULL, NULL),
(468, 'GUITAR STRING', NULL, NULL, 'GUITAR STRING - STEEL, 6 STRING PER SET', NULL, '2021-01-22', '750.00', '97-03', '1-07-05-990 (240)', '2 yrs.', 'set', '150.00', '5', 'City Social Welfare Development Office', 'TUGAN, Florecita', NULL, NULL, NULL, NULL, NULL, NULL),
(469, 'INK', NULL, NULL, 'BLACK INK', NULL, '2021-01-28', '19,800.00', '98-01', '1-07-05-990 (240)', '1 yr.', 'pcs', '495.00', '40', 'Health Services Office', 'DOMIGSI, Marvin', NULL, NULL, NULL, NULL, NULL, NULL),
(470, 'INK', NULL, NULL, 'CYAN LINK', NULL, '2021-01-28', '13,600.00', '98-02', '1-07-05-990 (240)', '1 yr.', 'pcs', '340.00', '40', 'Health Services Office', 'DOMIGSI, Marvin', NULL, NULL, NULL, NULL, NULL, NULL),
(471, 'INK', NULL, NULL, 'MAGENTA INK', NULL, '2021-01-28', '328,000.00', '98-03', '1-07-05-990 (240)', '1 yr.', 'pcs', '8,200.00', '40', 'Health Services Office', 'DOMIGSI, Marvin', NULL, NULL, NULL, NULL, NULL, NULL),
(472, 'INK', NULL, NULL, 'YELLOW INK', NULL, '2021-01-28', '448,000.00', '98-04', '1-07-05-990 (240)', '1 yr.', 'pcs', '11,200.00', '40', 'Health Services Office', 'DOMIGSI, Marvin', NULL, NULL, NULL, NULL, NULL, NULL),
(473, 'WATER BOOSTER PUMP', 'ACQUA', NULL, 'WATER BOOSTER PUMP - 2HP', NULL, '2021-01-05', '8,200.00', '99-01', '1-07-05-990 (240)', '5 yrs.', 'unit', '8,200.00', '1', 'City Veterinary Office', 'PAGUI-EN, Alejandro', NULL, NULL, NULL, NULL, NULL, NULL),
(474, 'FILLING CABINET', 'SOHO', NULL, 'FILLING CABINET - STEEL - HORIZONTAL', NULL, '2021-01-28', '11,200.00', '100-01', '1-07-05-990 (240)', '5 yrs.', 'unit', '11,200.00', '1', 'City Veterinary Office', 'PAGUI-EN, Alejandro', NULL, NULL, NULL, NULL, NULL, NULL),
(475, 'FILLING CABINET', 'SOHO', NULL, 'FILLING CABINET - HORIZONTAL', NULL, '2021-01-28', '11,200.00', '101-01', '1-07-07-010 (222)', '5 yrs.', 'unit', '11,200.00', '1', 'City Veterinary Office', 'AGNAWA, Thelma', NULL, NULL, NULL, NULL, NULL, NULL),
(476, 'FILLING CABINET', 'SOHO', NULL, 'FILLING CABINET - HORIZONTAL', NULL, '2021-01-28', '11,200.00', '102-01', '1-07-07-010 (222)', '5 yrs.', 'unit', '11,200.00', '1', 'City Veterinary Office', 'AGNAWA, Thelma', NULL, NULL, NULL, NULL, NULL, NULL),
(477, 'DIGITAL VOICE RECORDER', 'SONY', '1034785', 'DIGITAL VOICE RECORDER - SONY ICD-UX57OF', NULL, '2021-01-28', '7,299.00', '103-01', '1-07-05-030 (223)', '5 yrs.', 'unit', '7,299.00', '1', 'General Services Office', 'RILLON, Noelle grace', NULL, NULL, NULL, NULL, NULL, NULL),
(478, 'DIGITAL VOICE RECORDER', 'SONY', '1034787', 'DIGITAL VOICE RECORDER - SONY ICD-UX57OF', NULL, '2021-01-28', '7,299.00', '104-01', '1-07-05-030 (223)', '5 yrs.', 'unit', '7,299.00', '1', 'General Services Office', 'BALDOS, Arnulfo', NULL, NULL, NULL, NULL, NULL, NULL),
(479, 'DIGITAL VOICE RECORDER', 'SONY', '1034783', 'DIGITAL VOICE RECORDER - SONY ICD-UX57OF', NULL, '2021-01-28', '7,299.00', '105-01', '1-07-05-030 (223)', '5 yrs.', 'unit', '7,299.00', '1', 'General Services Office', 'JOSE, Larcy', NULL, NULL, NULL, NULL, NULL, NULL),
(480, 'DIGITAL VOICE RECORDER', 'SONY', '1034784', 'DIGITAL VOICE RECORDER - SONY ICD-UX57OF', NULL, '2021-01-28', '7,299.00', '106-01', '1-07-05-030 (223)', '5 yrs.', 'unit', '7,299.00', '1', 'General Services Office', 'MATA, Joel Teofilo', NULL, NULL, NULL, NULL, NULL, NULL),
(481, 'VISOTORS CHAIR', NULL, NULL, 'VISOTORS CHAIR - MESH, 4 LEGGED, BLACK', NULL, '2021-01-29', '28,356.00', '107-01', '1-07-07-010 (222)', '5 yrs.', 'units', '2,363.00', '12', 'City Legal Office', 'DAYAG, Richard', NULL, NULL, NULL, NULL, NULL, NULL),
(482, 'USB', 'PHILIRS', NULL, 'USB - 32 GB', NULL, '2021-01-02', '16,100.00', '108-01', '1-07-05-990 (240)', '3 yrs.', 'pcs', '350.00', '46', 'Office of the City Planning & Development Officer', 'LAGHAX, Ma. Victoria', NULL, NULL, NULL, NULL, NULL, NULL),
(483, 'CALCULATOR', 'CASIO MS -125', NULL, 'CALCULATOR - 12 DIGITS,', NULL, '2021-01-21', '1,440.00', '109-01', '1-07-05-990 (240)', '5 yrs.', 'units', '360.00', '4', 'City Mayor\'s Office', 'PADUA, Victor V.', NULL, NULL, NULL, NULL, NULL, NULL),
(484, 'CUTTER', 'HEAVY DUTY', NULL, 'CUTTER', NULL, '2021-01-21', '80.00', '109-02', '1-07-05-990 (240)', '5 yrs.', 'pc', '40.00', '2', 'City Mayor\'s Office', 'PADUA, Victor V.', NULL, NULL, NULL, NULL, NULL, NULL),
(485, 'DATA FILE BOX', NULL, NULL, 'DATA FILE BOX', NULL, '2021-01-21', '1,050.00', '109-03', '1-07-05-990 (240)', '3 yrs.', 'pc', '105.00', '10', 'City Mayor\'s Office', 'PADUA, Victor V.', NULL, NULL, NULL, NULL, NULL, NULL),
(486, 'DATA STAMP', NULL, NULL, 'DATA STAMP - SELF INKING STAMP', NULL, '2021-01-21', '1,625.00', '109-04', '1-07-05-990 (240)', '2 yrs.', 'pc', '325.00', '5', 'City Mayor\'s Office', 'PADUA, Victor V.', NULL, NULL, NULL, NULL, NULL, NULL),
(493, 'FUEL FILTER', NULL, NULL, NULL, NULL, NULL, '', NULL, '1-07-06-010 (241)', NULL, 'pc', '', NULL, 'Bureau of Fire Prevention & Safety', 'VELASCO, Jegar M. ', NULL, NULL, NULL, NULL, NULL, 'FOR WASTE'),
(494, 'OIL FILTER', NULL, NULL, NULL, NULL, NULL, '', NULL, '1-07-06-010 (241)', NULL, 'pc', '', NULL, 'Bureau of Fire Prevention & Safety', 'VELASCO, Jegar M. ', NULL, NULL, NULL, NULL, NULL, 'FOR WASTE'),
(495, 'POWER SUPPLY', NULL, NULL, '30amp, from CCTV', NULL, NULL, '', NULL, '1-07-05-990 (240)', NULL, 'pc', '', NULL, 'Bureau of Fire Prevention & Safety', 'VELASCO, Jegar M. ', NULL, NULL, NULL, NULL, NULL, 'FOR WASTE'),
(496, 'OVERHEAD FOG LAMP', 'FROM MITSUBISHI STRADA', NULL, 'set of four lights', NULL, '2015-05-05', '4,000.00', NULL, '1-07-05-990 (240)', NULL, 'set', '4,000.00', NULL, 'City Administrator\'s Office', 'RAMIREZ, Louie Carlo T. ', NULL, NULL, NULL, NULL, NULL, NULL),
(497, 'CELLPHONE', 'XPERIA F3216 XA ULTRA', '356060071978823', NULL, '223-005-IT2000', '2017-01-17', '19,000.00', '105-208', '1-07-05-070 (229)', NULL, 'unit', '19,000.00', NULL, 'Sangguniang Panglunsod', 'YARANON, Maria Mylen Victoria G.', NULL, NULL, NULL, NULL, NULL, NULL),
(498, 'ALUMINUM ROLLERLID', 'i5-2400', NULL, NULL, NULL, '2012-10-03', '35,625.00', '911-1801', '1-07-06-010 (241)', NULL, 'set', '35,625.00', NULL, 'City Administrator\'s Office', 'RAMIREZ, Louie Carlo T. ', NULL, NULL, NULL, NULL, NULL, NULL),
(499, 'PUNCHER', NULL, NULL, NULL, NULL, NULL, '0.00', NULL, '1-07-05-020 (221)', NULL, 'pc', '', NULL, 'General Services Office', 'FLORIDA, Reyphil A.', NULL, NULL, NULL, NULL, NULL, NULL),
(500, 'FUSER ASSEMBLY', NULL, NULL, 'for fujixerox', NULL, NULL, '0.00', NULL, '1-07-05-990 (240)', NULL, 'pc', '', NULL, 'City Mayor\'s Office - CDRRMC', 'TRINIDAD, Stephanie P.', NULL, NULL, NULL, NULL, NULL, NULL),
(501, 'FEED ROLER', 'T2', NULL, NULL, NULL, NULL, '2,400.00', NULL, '1-07-05-990 (240)', NULL, 'pc', '800.00', NULL, 'City Administrator\'s Office', 'SALAYAO, Glory Anne L.', NULL, NULL, NULL, NULL, NULL, NULL),
(502, 'WHEEL LOADER ', 'VOLVO', NULL, 'o ring', NULL, NULL, '0.00', NULL, '1-07-05-990 (240)', NULL, 'pcs', '', NULL, 'City Engineer\'s Office', 'RUBINO, Anabelle E.', NULL, NULL, NULL, NULL, NULL, NULL),
(503, 'IP CAMERA', 'DARK FIGHTER', 'D54194194304', NULL, NULL, NULL, '8,900.00', '1148-12', '1-07-05-030 (223)', NULL, 'unit', '8,900.00', NULL, 'City Budget Office', 'PADUA, Victor V.', NULL, NULL, NULL, NULL, NULL, NULL),
(504, 'PRINTER', 'HP DESKJET', 'CN23S33K9K', 'advantage 2060', '223-001-003', '2011-08-10', '0.00', '139-376', '1-07-05-120 (221)', NULL, 'unit', '', NULL, 'Sangguniang Panglunsod', 'ABAD, Rosemarie S.', NULL, NULL, NULL, NULL, NULL, NULL),
(505, 'TABLET LCD', 'SAMSUNG GALAXY TAB A7, B2B, SAMSUNG S6', '35391911846014; 357081106118516; 357081106118516; 357081196', NULL, NULL, NULL, '13,800.00', NULL, '1-07-05-030 (223)', NULL, 'pcs', '3,450.00', NULL, 'Office Of The City Planning & Development Officer', 'BRILLANTES, Bernadette N.', NULL, NULL, NULL, NULL, NULL, NULL),
(506, 'OIL FILTER', NULL, NULL, 'from Hilux FX with plate no. 140103', NULL, NULL, '', NULL, '1-07-06-010 (241)', NULL, 'pc', '', NULL, 'Bureau of Fire Prevention & Safety', 'VELASCO, Jegar M. ', NULL, NULL, NULL, NULL, NULL, 'FOR WASTE'),
(507, 'FUEL FILTER', NULL, NULL, 'from Hilux FX with plate no. 140104', NULL, NULL, '', NULL, '1-07-06-010 (241)', NULL, 'pc', '', NULL, 'Bureau of Fire Prevention & Safety', 'VELASCO, Jegar M. ', NULL, NULL, NULL, NULL, NULL, 'FOR WASTE'),
(508, 'FUEL FILTER', NULL, NULL, NULL, NULL, NULL, '', NULL, '1-07-06-010 (241)', NULL, NULL, '', NULL, NULL, NULL, NULL, NULL, NULL, NULL, NULL, NULL),
(509, 'OIL FILTER', NULL, NULL, NULL, NULL, NULL, '', NULL, '1-07-06-010 (241)', NULL, NULL, '', NULL, NULL, NULL, NULL, NULL, NULL, NULL, NULL, NULL),
(510, 'WINDOW REGULATOR', 'ASSY LH', NULL, NULL, NULL, NULL, '0.00', NULL, '1-07-05-990 (240)', NULL, 'pc', '', NULL, 'City Engineer\'s Office', 'RUBINO, Anabelle E.', NULL, NULL, NULL, NULL, NULL, NULL),
(511, 'WINDOW REGULATOR', 'ASSY RH', NULL, NULL, NULL, NULL, '0.00', NULL, '1-07-05-990 (240)', NULL, 'pc', '', NULL, 'City Engineer\'s Office', 'RUBINO, Anabelle E.', NULL, NULL, NULL, NULL, NULL, NULL),
(512, 'ACCELERATOR PEDAL ', 'ASSY', NULL, NULL, NULL, NULL, '0.00', NULL, '1-07-05-990 (240)', NULL, 'pc', '', NULL, 'City Engineer\'s Office', 'RUBINO, Anabelle E.', NULL, NULL, NULL, NULL, NULL, NULL),
(513, 'TYRE 265/65', NULL, NULL, NULL, NULL, NULL, '0.00', NULL, '1-07-05-990 (240)', NULL, 'pc', '', NULL, 'City Administrator\'s Office', 'BERNARDEZ, Vanessa Venis L.', NULL, NULL, NULL, NULL, NULL, NULL),
(514, 'TYRE 265/65', NULL, NULL, NULL, NULL, NULL, '0.00', NULL, '1-07-05-990 (240)', NULL, 'pc', '', NULL, 'City Administrator\'s Office', 'BERNARDEZ, Vanessa Venis L.', NULL, NULL, NULL, NULL, NULL, NULL),
(515, 'TYRE 265/65', NULL, NULL, NULL, NULL, NULL, '0.00', NULL, '1-07-05-990 (240)', NULL, 'pc', '', NULL, 'City Administrator\'s Office', 'BERNARDEZ, Vanessa Venis L.', NULL, NULL, NULL, NULL, NULL, NULL),
(516, 'TYRE 265/65', NULL, NULL, NULL, NULL, NULL, '0.00', NULL, '1-07-05-990 (240)', NULL, 'pc', '', NULL, 'City Administrator\'s Office', 'BERNARDEZ, Vanessa Venis L.', NULL, NULL, NULL, NULL, NULL, NULL),
(517, NULL, 'Toyota Hi Ace', 'Motolite Gold', NULL, NULL, NULL, '0.00', NULL, '1-07-06-010 (241)', NULL, NULL, '', NULL, NULL, NULL, NULL, NULL, NULL, NULL, NULL, NULL),
(518, 'BATTERY', '-', '713127343/ 4371341', NULL, NULL, NULL, '', NULL, '1-07-06-010 (241)', NULL, NULL, '', NULL, NULL, NULL, NULL, NULL, NULL, NULL, NULL, NULL),
(519, 'TIRES', 'TOYOTA HILUX', 'Thunderer', NULL, NULL, NULL, '', NULL, '1-07-06-010 (241)', NULL, NULL, '', NULL, NULL, NULL, NULL, NULL, NULL, NULL, NULL, NULL),
(520, NULL, NULL, 'DOT KAAE 0422(3)', NULL, NULL, NULL, '', NULL, '-', NULL, NULL, '', NULL, NULL, NULL, NULL, NULL, NULL, NULL, NULL, NULL),
(521, NULL, NULL, 'DOT KAAE 4121', NULL, NULL, NULL, '', NULL, '-', NULL, NULL, '', NULL, NULL, NULL, NULL, NULL, NULL, NULL, NULL, NULL),
(522, 'FUEL FILTER', 'MITSUBISHI ADVENTURE', NULL, NULL, NULL, NULL, '0.00', NULL, '1-07-05-990 (240)', NULL, 'pc', '', NULL, 'City Mayor\'s Office - Main', 'PADUA, Victor V.', NULL, NULL, NULL, NULL, NULL, NULL),
(523, 'WIPER BLADE', NULL, NULL, '18\"', NULL, NULL, '0.00', NULL, '1-07-05-990 (240)', NULL, 'pc', '', NULL, 'City Mayor\'s Office - Main', 'PADUA, Victor V.', NULL, NULL, NULL, NULL, NULL, NULL),
(524, 'WIPER BLADE', NULL, NULL, '26\"', NULL, NULL, '0.00', NULL, '1-07-05-990 (240)', NULL, 'pc', '', NULL, 'City Mayor\'s Office - Main', 'PADUA, Victor V.', NULL, NULL, NULL, NULL, NULL, NULL),
(525, 'INK', 'HP', NULL, 'Ink-HP CN692AA (HP704) Black expired', NULL, NULL, '', NULL, '1-07-05-020 (221)', NULL, NULL, '', NULL, NULL, NULL, NULL, NULL, NULL, NULL, NULL, NULL),
(526, 'INK', 'HP', '-', 'Ink-HP CN692AA (HP704) Tricolor unused', NULL, NULL, '', NULL, '1-07-05-020 (221)', NULL, NULL, '', NULL, NULL, NULL, NULL, NULL, NULL, NULL, NULL, NULL),
(527, 'OIL FILTER', NULL, NULL, 'from ambulance with plate number 038607', NULL, NULL, '', NULL, '1-07-05-990 (240)', NULL, 'pc', '', NULL, 'Bureau of Fire Prevention & Safety', 'VELASCO, Jegar M. ', NULL, NULL, NULL, NULL, NULL, 'FOR WASTE'),
(528, 'FUEL FILTER', NULL, NULL, 'from ambulance with plate number 038607', NULL, NULL, '', NULL, '1-07-05-990 (240)', NULL, 'pc', '', NULL, 'Bureau of Fire Prevention & Safety', 'VELASCO, Jegar M. ', NULL, NULL, NULL, NULL, NULL, 'FOR WASTE'),
(529, '', NULL, NULL, NULL, NULL, NULL, '0.00', NULL, NULL, NULL, NULL, '', NULL, NULL, NULL, NULL, NULL, NULL, NULL, NULL, NULL),
(530, 'PRINTER', NULL, NULL, NULL, NULL, NULL, '11,000.00', NULL, '1-07-05-120 (221)', NULL, 'set', '1,100.00', NULL, 'Public Attorney\'s Office', 'QUIROS, Zanny Ryan L.', NULL, NULL, NULL, NULL, NULL, NULL),
(531, 'GEAR POSITION SENSOR', NULL, NULL, NULL, NULL, NULL, '0.00', NULL, '1-07-05-990 (240)', NULL, 'pc', '', NULL, 'City Police Office', 'BAYAMBAN, Analou S.', NULL, NULL, NULL, NULL, NULL, NULL),
(532, 'WIRELESS ROUTER', 'TP-LINK', '22096W2000453', '8x detacable antenna', NULL, NULL, '17,000.00', NULL, '1-07-05-030 (223)', NULL, 'unit', '17,000.00', NULL, 'City Veterinary Office', 'AGNAWA, Thelma Joy D.', NULL, NULL, NULL, NULL, NULL, 'with MITD certification'),
(533, 'INK', 'HP 704', 'CN692AA', 'black', NULL, NULL, '0.00', NULL, '1-07-05-120 (221)', NULL, 'cartridge', '', NULL, 'Sangguniang Panglunsod', 'MADIASAN, Judith C.', NULL, NULL, NULL, NULL, NULL, NULL),
(534, 'INK', 'HP 704', 'CN692AA', 'black', NULL, NULL, '0.00', NULL, '1-07-05-120 (221)', NULL, 'cartridge', '', NULL, 'Sangguniang Panglunsod', 'MADIASAN, Judith C.', NULL, NULL, NULL, NULL, NULL, NULL),
(535, 'STAPLER', 'STANDARD', '3544', 'joy, swingline', NULL, NULL, '0.00', NULL, '1-07-05-020 (221)', NULL, 'pcs', '', NULL, 'Sangguniang Panglunsod', 'MADIASAN, Judith C.', NULL, NULL, NULL, NULL, NULL, NULL),
(536, 'LED BULB', NULL, NULL, NULL, NULL, NULL, '0.00', NULL, '1-07-05-990 (240)', NULL, 'pc', '', NULL, 'Sangguniang Panglunsod', 'ABAD, Rosemarie S.', NULL, NULL, NULL, NULL, NULL, NULL),
(537, 'DOORKNOB', NULL, NULL, 'keyed entry', NULL, NULL, '0.00', NULL, '1-07-05-990 (240)', NULL, 'set', '', NULL, 'Sangguniang Panglunsod', 'ABAD, Rosemarie S.', NULL, NULL, NULL, NULL, NULL, NULL),
(538, 'BATTERY', 'MOTOLITE', 'MES213722303', 'Enduro', NULL, NULL, '0.00', NULL, '1-07-05-990 (240)', NULL, 'pc', '', NULL, 'City Mayor\'s Office - CDRRMC', 'SAGE, Richard P.', NULL, NULL, NULL, NULL, NULL, NULL),
(539, 'WIPER ARM ASSEMBLY', NULL, NULL, NULL, NULL, NULL, '0.00', NULL, '1-07-05-990 (240)', NULL, 'set', '', NULL, 'City Mayor\'s Office - CDRRMC', 'SAGE, Richard P.', NULL, NULL, NULL, NULL, NULL, NULL),
(540, 'CLUTCH DISC', NULL, NULL, NULL, NULL, NULL, '0.00', NULL, '1-07-05-990 (240)', NULL, 'unit', '', NULL, 'City Veterinary Office', 'AGNAWA, Thelma Joy D.', NULL, NULL, NULL, NULL, NULL, NULL),
(541, 'PILOT BEARING', NULL, NULL, NULL, NULL, NULL, '0.00', NULL, '1-07-05-990 (240)', NULL, 'unit', '', NULL, 'City Veterinary Office', 'AGNAWA, Thelma Joy D.', NULL, NULL, NULL, NULL, NULL, NULL),
(542, 'PRESSURE PLATE', NULL, NULL, NULL, NULL, NULL, '0.00', NULL, '1-07-05-990 (240)', NULL, 'unit', '', NULL, 'City Veterinary Office', 'AGNAWA, Thelma Joy D.', NULL, NULL, NULL, NULL, NULL, NULL),
(543, 'RELEASE BEARING', NULL, NULL, NULL, NULL, NULL, '0.00', NULL, '1-07-05-990 (240)', NULL, 'unit', '', NULL, 'City Veterinary Office', 'AGNAWA, Thelma Joy D.', NULL, NULL, NULL, NULL, NULL, NULL),
(544, 'BATHROOM FAUCET', NULL, NULL, NULL, NULL, NULL, '0.00', NULL, '1-07-05-990 (240)', NULL, 'pc', '', NULL, 'Sangguniang Panglunsod', 'ABAD, Rosemarie S.', NULL, NULL, NULL, NULL, NULL, NULL),
(545, 'CHAIR', 'SANYOBOX LOTUS', NULL, 'with backrest, w/o armrest, off white', NULL, '2018-11-22', '10,000.00', '15-01', '1-07-07-010 (222)', NULL, 'units', '250.00', NULL, 'City Treasurer\'s Office', 'GAVIOLA, Rowena', NULL, NULL, NULL, NULL, NULL, NULL),
(546, 'CHAIR', 'SANYOBOX LOTUS', NULL, 'with backrest, w/o armrest, off white', NULL, '2018-11-22', '5,500.00', '14-01', '1-07-07-010 (222)', NULL, 'units', '250.00', NULL, 'City Treasurer\'s Office', 'PILIEN, Kimberly P.', NULL, NULL, NULL, NULL, NULL, NULL),
(547, 'DRUM CARTRIDGE', 'FUJIXEROX S2220', NULL, NULL, NULL, NULL, '0.00', NULL, '1-07-05-120 (221)', NULL, 'unit', '', NULL, NULL, NULL, NULL, NULL, NULL, NULL, NULL, NULL),
(548, 'DRUM CARTRIDGE', 'FUJIXEROX C2255', NULL, NULL, NULL, NULL, '0.00', NULL, '1-07-05-120 (221)', NULL, 'unit', '', NULL, NULL, NULL, NULL, NULL, NULL, NULL, NULL, NULL),
(549, 'TONER CARTRIDGE', 'FUJIXEROX C2255', NULL, NULL, NULL, NULL, '0.00', NULL, '1-07-05-120 (221)', NULL, 'unit', '', NULL, NULL, NULL, NULL, NULL, NULL, NULL, NULL, NULL),
(550, 'TONER CARTRIDGE', 'FUJIXEROX C2255', NULL, NULL, NULL, NULL, '0.00', NULL, '1-07-05-120 (221)', NULL, 'unit', '', NULL, NULL, NULL, NULL, NULL, NULL, NULL, NULL, NULL),
(551, 'INK ', 'L805 674', NULL, 'complete set of colors', NULL, NULL, '0.00', NULL, '1-07-05-120 (221)', NULL, 'pcs', '', NULL, 'Department of Education', 'CADUNGOG, Vima G.', NULL, NULL, NULL, NULL, NULL, NULL),
(552, 'HELMET', 'ZEUS', NULL, 'color white, from motorcycle', '231-005-001-FFE0273a', '2013-08-07', '0.00', '265-1046', '1-07-05-090 (231)', NULL, 'pc', '', NULL, 'City Prosecutor\'s Office', 'ARCIAGA, Ronaldo', NULL, NULL, NULL, NULL, NULL, NULL),
(553, 'MOTORCYCLE HELMET', 'ZEUS', NULL, 'color red orange', '231-005-001-FFE0273b', '2013-08-07', '0.00', '265-1047', '1-07-05-090 (231)', NULL, 'pc', '', NULL, 'City Prosecutor\'s Office', 'VALDEZ, Edgar', NULL, NULL, NULL, NULL, NULL, NULL),
(554, 'CHAIR', NULL, NULL, 'senior executive chair', NULL, '2019-09-11', '0.00', '113-998', '1-07-07-010 (222)', NULL, 'pc', '', NULL, 'City Prosecutor\'s Office', 'ALUDOS, Lily C.', NULL, NULL, NULL, NULL, NULL, NULL),
(555, 'FILING CABINET', 'JANREY', '88', 'guage 20, gray', '222-005-001-FF0638d', '2009-02-25', '0.00', '68-5101 (i)', '1-07-07-010 (222)', NULL, 'unit', '', NULL, 'Sangguniang Panglunsod', 'MARVIL, Marlon G.', NULL, NULL, NULL, NULL, NULL, NULL),
(556, 'FILING CABINET', 'HERMACO', 'A003', 'steel, gray', '222-005-001-FF5555', '2003-06-08', '0.00', '68-716', '1-07-07-010 (222)', NULL, 'unit', '', NULL, 'Sangguniang Panglunsod', 'MARVIL, Marlon G.', NULL, NULL, NULL, NULL, NULL, NULL),
(557, 'FILING CABINET', 'HERMACO', 'A995', NULL, NULL, NULL, '0.00', NULL, '1-07-05-020 (221)', NULL, 'unit', '', NULL, 'Sangguniang Panglunsod', 'ABAD, Rosemarie S.', NULL, NULL, NULL, NULL, NULL, NULL),
(558, 'ACRYLIC BARRIER', NULL, NULL, NULL, NULL, '2022-03-24', '8,667.00', '602-01', '1-07-05-990 (240)', NULL, 'pc', '8,667.00', NULL, 'Sangguniang Panglunsod', 'LAWANA, Michael L.', NULL, NULL, NULL, NULL, NULL, NULL),
(559, 'ACRYLIC BARRIER', NULL, NULL, NULL, NULL, '2022-03-24', '4,868.00', '598-01', '1-07-05-990 (240)', NULL, 'pc', '4,868.00', NULL, 'Sangguniang Panglunsod', 'YANGOT, Leandro Jr. B.', NULL, NULL, NULL, NULL, NULL, NULL),
(560, 'ACRYLIC BARRIER', NULL, NULL, NULL, NULL, '2022-03-24', '5,050.00', '595-01', '1-07-05-990 (240)', NULL, 'pc', '5,050.00', NULL, 'Sangguniang Panglunsod', 'YANGOT, Leandro Jr. B.', NULL, NULL, NULL, NULL, NULL, NULL),
(561, 'ACRYLIC BARRIER', NULL, NULL, NULL, NULL, '2022-03-24', '6,347.00', '581-01', '1-07-05-990 (240)', NULL, 'pc', '6,347.00', NULL, 'Sangguniang Panglunsod', 'FIANZA, Peter C.', NULL, NULL, NULL, NULL, NULL, NULL),
(562, 'ACRYLIC BARRIER', NULL, NULL, NULL, NULL, '2022-03-24', '6,552.00', '588-01', '1-07-05-990 (240)', NULL, 'pc', '6,552.00', NULL, 'Sangguniang Panglunsod', 'FIANZA, Peter C.', NULL, NULL, NULL, NULL, NULL, NULL),
(563, 'ACRYLIC BARRIER', NULL, NULL, NULL, NULL, '2022-03-24', '9,009.00', '600-01', '1-07-05-990 (240)', NULL, 'pc', '9,009.00', NULL, 'Sangguniang Panglunsod', 'FIANZA, Peter C.', NULL, NULL, NULL, NULL, NULL, NULL),
(564, 'ACRYLIC BARRIER', NULL, NULL, NULL, NULL, '2022-03-24', '4,300.00', '551-01', '1-07-05-990 (240)', NULL, 'pc', '4,300.00', NULL, 'Sangguniang Panglunsod', 'BOMOGAO, Benny O.', NULL, NULL, NULL, NULL, NULL, NULL),
(565, 'ACRYLIC BARRIER', NULL, NULL, NULL, NULL, '2022-03-24', '5,596.00', '569-01', '1-07-05-990 (240)', NULL, 'pc', '5,596.00', NULL, 'Sangguniang Panglunsod', 'BOMOGAO, Benny O.', NULL, NULL, NULL, NULL, NULL, NULL),
(566, 'ACRYLIC BARRIER', NULL, NULL, NULL, NULL, '2022-03-24', '4,064.00', '555-01', '1-07-05-990 (240)', NULL, 'pc', '4,064.00', NULL, 'Sangguniang Panglunsod', 'CAYABAS, Vladimir D.', NULL, NULL, NULL, NULL, NULL, NULL),
(567, 'ACRYLIC BARRIER', NULL, NULL, NULL, NULL, '2022-03-24', '3,579.00', '557-01', '1-07-05-990 (240)', NULL, 'pc', '3,579.00', NULL, 'Sangguniang Panglunsod', 'CAYABAS, Vladimir D.', NULL, NULL, NULL, NULL, NULL, NULL),
(568, 'ACRYLIC BARRIER', NULL, NULL, NULL, NULL, '2022-03-24', '6,552.00', '589-01', '1-07-05-990 (240)', NULL, 'pc', '6,552.00', NULL, 'Sangguniang Panglunsod', 'BAGBAGEN, Fred L.', NULL, NULL, NULL, NULL, NULL, NULL),
(569, 'ACRYLIC BARRIER', NULL, NULL, NULL, NULL, '2022-03-24', '4,868.00', '597-01', '1-07-05-990 (240)', NULL, 'pc', '4,868.00', NULL, 'Sangguniang Panglunsod', 'BAGBAGEN, Fred L.', NULL, NULL, NULL, NULL, NULL, NULL),
(570, 'ACRYLIC BARRIER', NULL, NULL, NULL, NULL, '2022-03-24', '4,914.00', '563-01', '1-07-05-990 (240)', NULL, 'pc', '4,914.00', NULL, 'Sangguniang Panglunsod', 'BAGBAGEN, Fred L.', NULL, NULL, NULL, NULL, NULL, NULL),
(571, 'ACRYLIC BARRIER', NULL, NULL, NULL, NULL, '2022-03-24', '5,528.00', '553-01', '1-07-05-990 (240)', NULL, 'pc', '5,528.00', NULL, 'Sangguniang Panglunsod', 'DATUIN, Elmer o.', NULL, NULL, NULL, NULL, NULL, NULL),
(572, 'ACRYLIC BARRIER', NULL, NULL, NULL, NULL, '2022-03-24', '5,323.00', '578-01', '1-07-05-990 (240)', NULL, 'pc', '5,323.00', NULL, 'Sangguniang Panglunsod', 'ALLAD-IW, Arthur L.', NULL, NULL, NULL, NULL, NULL, NULL),
(573, 'ACRYLIC BARRIER', NULL, NULL, NULL, NULL, '2022-03-24', '3,585.00', '549-01', '1-07-05-990 (240)', NULL, 'pc', '3,585.00', NULL, 'Sangguniang Panglunsod', 'MOLINTAS, Jose M.', NULL, NULL, NULL, NULL, NULL, NULL),
(574, 'ACRYLIC BARRIER', NULL, NULL, NULL, NULL, '2022-03-24', '1,728.00', '550-01', '1-07-05-990 (240)', NULL, 'pc', '1,728.00', NULL, 'Sangguniang Panglunsod', 'MOLINTAS, Jose M.', NULL, NULL, NULL, NULL, NULL, NULL),
(575, 'ACRYLIC BARRIER', NULL, NULL, NULL, NULL, '2022-03-24', '3,276.00', '560-01', '1-07-05-990 (240)', NULL, 'pc', '3,276.00', NULL, 'Sangguniang Panglunsod', 'MOLINTAS, Jose M.', NULL, NULL, NULL, NULL, NULL, NULL),
(576, 'ACRYLIC BARRIER', NULL, NULL, NULL, NULL, '2022-03-24', '3,276.00', '570-01', '1-07-05-990 (240)', NULL, 'pc', '3,276.00', NULL, 'Sangguniang Panglunsod', 'MOLINTAS, Jose M.', NULL, NULL, NULL, NULL, NULL, NULL),
(577, 'ACRYLIC BARRIER', NULL, NULL, NULL, NULL, '2022-03-24', '3,822.00', '574-01', '1-07-05-990 (240)', NULL, 'pc', '3,822.00', NULL, 'Sangguniang Panglunsod', 'MOLINTAS, Jose M.', NULL, NULL, NULL, NULL, NULL, NULL),
(578, 'ACRYLIC BARRIER', NULL, NULL, NULL, NULL, '2022-03-24', '3,276.00', '606-01', '1-07-05-990 (240)', NULL, 'pc', '3,276.00', NULL, 'Sangguniang Panglunsod', 'MOLINTAS, Jose M.', NULL, NULL, NULL, NULL, NULL, NULL),
(579, 'ACRYLIC BARRIER', NULL, NULL, NULL, NULL, '2022-03-24', '4,095.00', '573-01', '1-07-05-990 (240)', NULL, 'pc', '4,095.00', NULL, 'Sangguniang Panglunsod', 'YARANON, Maria Mylen Victoria G.', NULL, NULL, NULL, NULL, NULL, NULL),
(580, 'TRAY FEEDERASSY', 'DC2007', NULL, 'docuprinter/coier', NULL, NULL, '9,800.00', NULL, '1-07-05-120 (221)', NULL, 'pc', '9,800.00', NULL, 'City Engineer\'s Office', 'RUBINO, Anabelle E.', NULL, NULL, NULL, NULL, NULL, NULL),
(581, '', NULL, NULL, NULL, NULL, NULL, '0.00', NULL, NULL, NULL, NULL, '', NULL, NULL, NULL, NULL, NULL, NULL, NULL, NULL, NULL),
(582, '', NULL, NULL, NULL, NULL, NULL, '0.00', NULL, NULL, NULL, NULL, '', NULL, NULL, NULL, NULL, NULL, NULL, NULL, NULL, NULL),
(583, 'CLUTCH SLAVE ASSEMBLY', NULL, NULL, 'from ISUZU NPR Fire truck 2013', NULL, NULL, '', NULL, '1-07-05-990 (240)', NULL, 'pc', '', NULL, 'Bureau of Fire Prevention & Safety', 'VELASCO, Jegar M. ', NULL, NULL, NULL, NULL, NULL, 'FOR WASTE'),
(584, 'RUBBER BOOTS', NULL, NULL, 'from ISUZU NPR Fire truck 2013', NULL, NULL, '', NULL, '1-07-05-990 (240)', NULL, 'pc', '', NULL, 'Bureau of Fire Prevention & Safety', 'VELASCO, Jegar M. ', NULL, NULL, NULL, NULL, NULL, 'FOR WASTE'),
(585, 'POWER SUPPLY', NULL, NULL, '30amp, from CCTV', NULL, NULL, '', NULL, '1-07-05-030 (223)', NULL, 'pc', '', NULL, 'Bureau of Fire Prevention & Safety', 'VELASCO, Jegar M. ', NULL, NULL, NULL, NULL, NULL, 'FOR WASTE'),
(586, 'POWER SUPPLY', NULL, NULL, NULL, NULL, NULL, '0.00', NULL, '1-07-05-990 (240)', NULL, 'pc', '', NULL, 'Bureau of Fire Prevention & Safety', 'VELASCO, Jegar M. ', NULL, NULL, NULL, NULL, NULL, NULL),
(587, 'MOUSE', NULL, NULL, NULL, NULL, NULL, '0.00', NULL, '1-07-05-030 (223)', NULL, 'pc', '', NULL, 'Bureau of Fire Prevention & Safety', 'VELASCO, Jegar M. ', NULL, NULL, NULL, NULL, NULL, NULL),
(588, 'TIRES', NULL, NULL, NULL, NULL, NULL, '0.00', NULL, '1-07-05-990 (240)', NULL, 'pcs', '', NULL, 'City Engineer\'s Office', 'RUBINO, Anabelle E.', NULL, NULL, NULL, NULL, NULL, NULL),
(589, 'CLAMP ', NULL, NULL, NULL, NULL, NULL, '0.00', NULL, '1-07-05-990 (240)', NULL, 'pcs', '', NULL, 'Sangguniang Panglunsod', 'ABAD, Rosemarie S.', NULL, NULL, NULL, NULL, NULL, NULL),
(590, 'PAD KIT', NULL, NULL, NULL, NULL, NULL, '0.00', NULL, '1-07-05-990 (240)', NULL, 'set', '', NULL, 'Sangguniang Panglunsod', 'ABAD, Rosemarie S.', NULL, NULL, NULL, NULL, NULL, NULL),
(591, 'SUB-ASSEMBLY STEERING RACK', NULL, NULL, NULL, NULL, NULL, '0.00', NULL, '1-07-05-990 (240)', NULL, 'set', '', NULL, 'Sangguniang Panglunsod', 'ABAD, Rosemarie S.', NULL, NULL, NULL, NULL, NULL, NULL),
(592, 'SUB-ASSEMBLY TIEROD', NULL, NULL, NULL, NULL, NULL, '0.00', NULL, '1-07-05-990 (240)', NULL, 'set', '', NULL, 'Sangguniang Panglunsod', 'ABAD, Rosemarie S.', NULL, NULL, NULL, NULL, NULL, NULL);
INSERT INTO `generalproperties` (`propertyID`, `article`, `brand`, `serialNo`, `particulars`, `eNGAS`, `acquisitionDate`, `acquisitionCost`, `propertyNo`, `accountNumber`, `estimatedLife`, `unitOfMeasure`, `unitValue`, `quantity`, `officeName`, `accountablePerson`, `scannedDocs`, `yearsOfService`, `monthlyDepreciation`, `accumulatedDepreciation`, `bookValue`, `gpremarks`) VALUES
(593, 'TEST PRS', 'TEST PRS', '1500964', 'Test for PRS to see if what are being saved in the database', '', '2019-06-16', '62,345.00', '1000-100', '1-07-05-020 (221)', NULL, 'set', '62,345.00', '', 'City Accounting Office', 'ANCHETA, Racquel C.', NULL, NULL, NULL, NULL, NULL, ''),
(594, 'TEST PRS', 'TEST PRS', '1500964', 'Test for PRS to see if what are being saved in the database', '', '2019-06-16', '62,345.00', '1000-100', '1-07-05-020 (221)', NULL, 'set', '62,345.00', '', 'City Accounting Office', 'ANCHETA, Racquel C.', NULL, NULL, NULL, NULL, NULL, ''),
(595, 'TEST PRS', 'TEST PRS', '1500964', 'Test for PRS to see if what are being saved in the database', '', '2019-06-16', '62,345.00', '1000-100', '1-07-05-020 (221)', NULL, 'set', '62,345.00', '', 'City Accounting Office', 'ANCHETA, Racquel C.', NULL, NULL, NULL, NULL, NULL, ''),
(596, '', '', '', '', '', '0000-00-00', '0.00', '', '', NULL, '', '', '', '', '', NULL, NULL, NULL, NULL, NULL, ''),
(597, 'TEST 3', 'TEST 3', '1500966', 'Test 3 for PRS', '', '2012-05-01', '12,783.97', '1000', '1-07-05-080 (230)', NULL, '', '12,783.97', '', 'City Building & Architecture Office', 'TESTING, Test', NULL, NULL, NULL, NULL, NULL, ''),
(598, '', '', '', '', '', '0000-00-00', '0.00', '', '', NULL, '', '', '', '', '', NULL, '', '', '', '', ''),
(599, 'TEST 03-04-2024', '', '', '', '', '0000-00-00', '0.00', '', '', NULL, '', '', '', '', '', './ARE SCANNED DOCUMENTS/ARE_ ().pdf', '', '', '', '', ''),
(600, 'TEST FOR EMPTY ARENO AND PROPERTYNO', '', '', '', '', '0000-00-00', '0.00', '', '', NULL, '', '', '', '', '', './ARE SCANNED DOCUMENTS/ARE_0.pdf', '', '', '', '', ''),
(601, 'SAMPLE', 'SAMPLE', '', '', '', '0000-00-00', '0.00', '', '', NULL, '', '', '', '', '', './ARE SCANNED DOCUMENTS/ARE_ (0).pdf', '', '', '', '', ''),
(602, 'SAMPLE 1', 'SAMPLE 2', '', '', '', '0000-00-00', '0.00', '111-110', '', NULL, '', '', '', '', '', NULL, '', '', '', '', ''),
(603, 'SAMPLE 3', 'SAMPLE 3', '', '', '', '0000-00-00', '0.00', '2345', '', NULL, '', '', '', '', '', './ARE SCANNED DOCUMENTS/ARE_6234 (2345).pdf', '', '', '', '', ''),
(604, 'SAMPLE FOR THE DYNAMIC FIELD', '', '', '', '', '0000-00-00', '0.00', '', '', NULL, '', '', '', '', '', NULL, '', '', '', '', ''),
(605, '', '', '', '', '', '0000-00-00', '0', '', '', NULL, '', '', '', '', '', NULL, '', '', '', '', ''),
(606, 'I', 'D', '111', 'S', '', '0000-00-00', '1', '333', '', NULL, '', '1', '1', 'C', 'DOMANOG, Whaylen', NULL, '', '', '', '', ''),
(607, 'D', '', '5672', '', '', '0000-00-00', '0', '6y272', '', NULL, '', '', '', '', 'DOMANOG, Sybil', NULL, '', '', '', '', ''),
(608, 'T', 'T', '110', 't', '', '0000-00-00', '0', '221', '1', NULL, '', '', '', 'B', 'BASTIAN, Irish', NULL, '', '', '', '', ''),
(609, 'TRY', 'TRY', 'Array', '', '', '0000-00-00', '0.00', 'Array', '', NULL, '', '', '', '', 'Array', NULL, '', '', '', '', ''),
(610, 'SAFD', '', 'Array', '', '', '0000-00-00', '0.00', 'Array', '', NULL, '', '', '', '', 'Array', NULL, '', '', '', '', ''),
(611, 'TODAY', '', 'Array', '', '', '0000-00-00', '0.00', 'Array', '', NULL, '', '', '', 'Baguio City Police Office', 'Array', NULL, '', '', '', '', ''),
(612, 'LOGS', 'LOGS TRIAL', 'Array', 'Trial for logs to see if it is saved in the Activity Logs', '', '0000-00-00', '0.00', 'Array', '', NULL, '', '', '', '', 'Array', NULL, '', '', '', '', ''),
(613, 'TIRAL 2', 'TRIAL 2 FOR LOGS', 'Array', 'Trial 2 for Logs', '', '0000-00-00', '0.00', 'Array', '', NULL, '', '', '', '', 'Array', NULL, '', '', '', '', ''),
(614, 'LOG 3', 'LOG 3', 'Array', '', '', '0000-00-00', '0.00', 'Array', '', NULL, '', 'NaN', '', '', 'Array', NULL, '', '', '', '', ''),
(615, 'DYNAMIC FIELDS TESTING', 'DYNAMIC FIELDS', 'Array', 'Testing for Dynamic fields', '', '2024-03-03', '62,344.00', 'Array', '1-07-05-020 (221)', NULL, 'unit', '62,344.00', '1', 'Baguio City Police Office', 'Array', NULL, '', '', '', '', ''),
(616, '', '', 'Array', '', '', '0000-00-00', '', 'Array', '', NULL, '', '', '', '', 'Array', NULL, '', '', '', '', '');

-- --------------------------------------------------------

--
-- Table structure for table `highschool`
--

CREATE TABLE `highschool` (
  `highSchoolID` int(20) NOT NULL,
  `highSchoolName` varchar(255) NOT NULL
) ENGINE=InnoDB DEFAULT CHARSET=utf8mb4 COLLATE=utf8mb4_general_ci;

--
-- Dumping data for table `highschool`
--

INSERT INTO `highschool` (`highSchoolID`, `highSchoolName`) VALUES
(1, 'Baguio City National High School'),
(2, 'Baguio City National Science High School'),
(3, 'Bakakeng National High School'),
(4, 'Baguio City National High School - Fort del Pilar Annex'),
(5, 'Baguio City National High School - Hillside Annex'),
(6, 'Dominican-Mirador National High School'),
(7, 'Doa Aurora National High School'),
(8, 'Guisad Valley National High School'),
(9, 'Happy Hallow National High School'),
(10, 'Irisan National High School'),
(11, 'Joaquin Smith National High School'),
(12, 'Lindawan National High School'),
(13, 'Magsaysay National High School'),
(14, 'Mil-an National High School'),
(15, 'Philippine Science High School - CAR'),
(16, 'Pines City National High School'),
(17, 'Pinget National High School'),
(18, 'Pinsao National High School'),
(19, 'Quezon Hill National High School'),
(20, 'Rizal National High School'),
(21, 'Roxas National High School'),
(22, 'San Vicente National High School'),
(23, 'Sto. Tomas National High School');

-- --------------------------------------------------------

--
-- Table structure for table `ics_properties`
--

CREATE TABLE `ics_properties` (
  `ICSid` int(255) NOT NULL,
  `propertyID` int(255) NOT NULL,
  `ARE_ICS_id` int(11) NOT NULL,
  `ICSno` varchar(255) DEFAULT NULL
) ENGINE=InnoDB DEFAULT CHARSET=utf8mb4 COLLATE=utf8mb4_general_ci;

--
-- Dumping data for table `ics_properties`
--

INSERT INTO `ics_properties` (`ICSid`, `propertyID`, `ARE_ICS_id`, `ICSno`) VALUES
(1, 294, 294, '1031-20-12-01'),
(2, 295, 295, '1011A-20-12-02'),
(3, 296, 296, '1011A-20-12-02'),
(4, 297, 297, '1011A-20-12-02'),
(5, 298, 298, '1011A-20-12-02'),
(6, 299, 299, '1011A-20-12-02'),
(7, 300, 300, '1011A-20-12-02'),
(8, 301, 301, '1101-20-12-03'),
(9, 302, 302, '1101-20-12-03'),
(10, 303, 303, '1101-20-12-03'),
(11, 304, 304, '1011A-20-12-04'),
(12, 305, 305, '1011A-20-12-04'),
(13, 306, 306, '1011A-20-12-04'),
(14, 307, 307, '1011A-20-12-04'),
(15, 308, 308, '1011A-20-12-04'),
(16, 309, 309, '1011A-20-12-04'),
(17, 310, 310, '1011A-20-12-04'),
(18, 311, 311, '1011A-20-12-04'),
(19, 312, 312, '1011A-20-12-04'),
(20, 313, 313, '1011A-20-12-04'),
(21, 314, 314, '1011A-20-12-04'),
(22, 315, 315, '1011A-20-12-04'),
(23, 316, 316, '1011A-20-12-04'),
(24, 317, 317, '1011A-20-12-04'),
(25, 318, 318, '1011A-20-12-04'),
(26, 319, 319, '1031-21-01-05'),
(27, 320, 320, '1111-21-01-06'),
(28, 321, 321, '1011A-20-11-07'),
(29, 322, 322, '1061-20-12-08'),
(30, 323, 323, '1061-20-12-08'),
(31, 324, 324, '4411-21-01-09'),
(32, 325, 325, '1061-21-01-10'),
(33, 326, 326, '1122-20-11-11'),
(34, 327, 327, '1122-20-11-11'),
(35, 328, 328, '1122-20-11-11'),
(36, 329, 329, '1122-20-11-11'),
(37, 330, 330, '1122-20-11-12'),
(38, 331, 331, '8731-20-12-13'),
(39, 332, 332, '8731-20-12-13'),
(40, 333, 333, '1031-21-01-14'),
(41, 334, 334, '1031-21-01-14'),
(42, 335, 335, '1031-21-01-14'),
(43, 336, 336, '1061-20-12-15'),
(44, 337, 337, '1061-20-12-15'),
(45, 338, 338, '1061-20-12-15'),
(46, 339, 339, '1061-20-12-15'),
(47, 340, 340, '1021-20-10-16'),
(48, 341, 341, '1021-20-11-17'),
(49, 342, 342, '1021-20-11-17'),
(50, 343, 343, '1021-20-11-17'),
(51, 344, 344, '1021-20-11-17'),
(52, 345, 345, '1021-20-11-17'),
(53, 346, 346, '1021-20-11-18'),
(54, 347, 347, '1021-20-11-19'),
(55, 348, 348, '1021-20-11-19'),
(56, 349, 349, '1041-21-01-20'),
(57, 350, 350, '1051-20-08-21'),
(58, 351, 351, '8751-21-01-22'),
(59, 352, 352, '8751-20-11-23'),
(60, 353, 353, '8751-20-11-23'),
(61, 354, 354, '8751-20-11-23'),
(62, 355, 355, '8751-20-11-23'),
(63, 356, 356, '4411-20-12-24'),
(64, 357, 357, '1051-20-11-25'),
(65, 358, 358, '1051-20-11-25'),
(66, 359, 359, '1051-20-11-25'),
(67, 360, 360, '1051-20-11-25'),
(68, 361, 361, '1051-20-01-26'),
(69, 362, 362, '1011-21-01-27'),
(70, 363, 363, '1011-21-01-27'),
(71, 364, 364, '1011-21-01-27'),
(72, 365, 365, '1011-21-01-27'),
(73, 366, 366, '1011-21-01-27'),
(74, 367, 367, '1011-21-01-27'),
(75, 368, 368, '1011-21-01-27'),
(76, 369, 369, '8751-21-01-28'),
(77, 370, 370, '8751-21-01-29'),
(78, 371, 371, '8751-21-01-30'),
(79, 372, 372, '8751-21-01-31'),
(80, 373, 373, '8751-21-01-32'),
(81, 374, 374, '1091-21-01-33'),
(82, 375, 375, '1091-21-01-33'),
(83, 376, 376, '1091-21-01-33'),
(84, 377, 377, '1091-21-01-33'),
(85, 378, 378, '8721-21-01-34'),
(86, 379, 379, '1061-21-01-35'),
(87, 380, 380, '1061-21-01-35'),
(88, 381, 381, '1011-21-01-36'),
(89, 382, 382, '1011-21-01-36'),
(90, 383, 383, '1011-21-01-36'),
(91, 384, 384, '1011-21-01-36'),
(92, 385, 385, '1011-21-01-36'),
(93, 386, 386, '1101-20-12-37'),
(94, 387, 387, '1111-20-12-38'),
(95, 388, 388, '8751-21-01-39'),
(96, 389, 389, '1061-21-01-40'),
(97, 390, 390, '1061-21-01-40'),
(98, 391, 391, '1101-21-01-41'),
(99, 392, 392, '1101-21-01-41'),
(100, 393, 393, '1101-21-01-42'),
(101, 394, 394, '1101-21-01-42'),
(102, 395, 395, '1101-21-01-42'),
(103, 396, 396, '1101-21-01-42'),
(104, 397, 397, '1101-21-01-43'),
(105, 398, 398, '1101-21-01-43'),
(106, 399, 399, '1101-21-01-43'),
(107, 400, 400, '1041-20-10-44'),
(108, 401, 401, '1041-20-10-45'),
(109, 402, 402, '1041-20-10-46'),
(110, 403, 403, '1031-20-09-47'),
(111, 404, 404, '4411-21-01-48'),
(112, 405, 405, '1021-21-01-49'),
(113, 406, 406, '1021-21-01-50'),
(114, 407, 407, '1021-21-01-51'),
(115, 408, 408, '1021-21-01-52'),
(116, 409, 409, '1011-21-01-53'),
(117, 410, 410, '1091-20-11-54'),
(118, 411, 411, '1021-21-01-55'),
(119, 412, 412, '1021-21-01-56'),
(120, 413, 413, '1021-21-01-57'),
(121, 414, 414, '1021-21-01-58'),
(122, 415, 415, '1011A-20-12-59'),
(123, 416, 416, '1101-20-12-60'),
(124, 417, 417, '1101-20-12-61'),
(125, 418, 418, '4411-21-01-62'),
(126, 419, 419, '1061-21-01-63'),
(127, 420, 420, '1011A-20-12-64'),
(128, 421, 421, '1111-21-01-65'),
(129, 422, 422, '1181-20-12-66'),
(130, 423, 423, '3311-21-01-67'),
(131, 424, 424, '1011-21-01-68'),
(132, 425, 425, '1011-21-01-68'),
(133, 426, 426, '8751-21-01-69'),
(134, 427, 427, '8731-20-12-70'),
(135, 428, 428, '8731-20-12-70'),
(136, 429, 429, '1011B-21-01-71'),
(137, 430, 430, '1011B-21-01-72'),
(138, 431, 431, '1011-21-01-73'),
(139, 432, 432, '1122-20-12-74'),
(140, 433, 433, '1122-20-12-74'),
(141, 434, 434, '1122-20-12-74'),
(142, 435, 435, '1011A-21-01-75'),
(143, 436, 436, '1081-21-01-76'),
(144, 437, 437, '1081-21-01-77'),
(145, 438, 438, '8731-21-01-78'),
(146, 439, 439, '8731-21-01-79'),
(147, 440, 440, '1131-21-01-80'),
(148, 441, 441, '1132-21-01-80'),
(149, 442, 442, '1132-21-01-80'),
(150, 443, 443, '1132-21-01-80'),
(151, 444, 444, '7611-20-12-81'),
(152, 445, 445, '7611-20-12-81'),
(153, 446, 446, '1011-21-01-82'),
(154, 447, 447, '1191-21-01-83'),
(155, 448, 448, '1061-21-01-84'),
(156, 449, 449, '1061-21-01-84'),
(157, 450, 450, '1061-21-01-84'),
(158, 451, 451, '1031-21-01-85'),
(159, 452, 452, '1061-20-08-86'),
(160, 453, 453, '8721-21-01-87'),
(161, 454, 454, '1021-20-09-88'),
(162, 455, 455, '1031-21-01-89'),
(163, 456, 456, '1021-21-01-90'),
(164, 457, 457, '8731-21-01-91'),
(165, 458, 458, '8731-20-12-92'),
(166, 459, 459, '8731-20-12-92'),
(167, 460, 460, '1111-21-01-93'),
(168, 461, 461, '4411-21-01-94'),
(169, 462, 462, '1101-21-01-95'),
(170, 463, 463, '1101-21-01-95'),
(171, 464, 464, '1101-21-01-95'),
(172, 465, 465, '1011-21-01-96'),
(173, 466, 466, '7611-21-01-97'),
(174, 467, 467, '7611-21-01-97'),
(175, 468, 468, '7611-21-01-97'),
(176, 469, 469, '4411-21-01-98'),
(177, 470, 470, '4411-21-01-98'),
(178, 471, 471, '4411-21-01-98'),
(179, 472, 472, '4411-21-01-98'),
(180, 473, 473, '8721-21-01-99'),
(181, 474, 474, '8721-21-01-100'),
(182, 475, 475, '8721-21-01-101'),
(183, 476, 476, '8721-21-01-102'),
(184, 477, 477, '1061-21-01-103'),
(185, 478, 478, '1061-21-01-104'),
(186, 479, 479, '1061-21-01-105'),
(187, 480, 480, '1061-21-01-106'),
(188, 481, 481, '1131-21-01-107'),
(189, 482, 482, '1041-21-02-108'),
(190, 483, 483, '1011-21-01-109'),
(191, 484, 484, '1011-21-01-109'),
(192, 485, 485, '1011-21-01-109'),
(193, 486, 486, '1011-21-01-109'),
(198, 493, 493, 'SAB 5078'),
(199, 494, 494, 'SAB 5078'),
(200, 495, 495, NULL),
(201, 496, 496, '1031-15-05-24T'),
(202, 497, 497, '1021-17-01-140'),
(203, 498, 498, '1031-12-10-1341T'),
(204, 499, 499, NULL),
(205, 500, 500, NULL),
(206, 501, 501, NULL),
(207, 502, 502, NULL),
(208, 503, 503, '1071-19-11-01'),
(209, 504, 504, '1021-11-08-411T'),
(210, 505, 505, NULL),
(211, 506, 506, NULL),
(212, 507, 507, NULL),
(213, 508, 508, NULL),
(214, 509, 509, NULL),
(215, 510, 510, 'SKT 604'),
(216, 511, 511, 'SKT 604'),
(217, 512, 512, 'SKT 604'),
(218, 513, 513, 'SAA 301'),
(219, 514, 514, 'SAA 301'),
(220, 515, 515, 'SAA 301'),
(221, 516, 516, 'SAA 301'),
(222, 517, 517, NULL),
(223, 518, 518, NULL),
(224, 519, 519, 'SAB 8838'),
(225, 520, 520, NULL),
(226, 521, 521, NULL),
(227, 522, 522, 'SFS 835'),
(228, 523, 523, 'SAA 6317'),
(229, 524, 524, 'SAA 6317'),
(230, 525, 525, NULL),
(231, 526, 526, NULL),
(232, 527, 527, NULL),
(233, 528, 528, NULL),
(234, 529, 529, NULL),
(235, 530, 530, NULL),
(236, 531, 531, NULL),
(237, 532, 532, '8721-21-09-854'),
(238, 533, 533, NULL),
(239, 534, 534, NULL),
(240, 535, 535, NULL),
(241, 536, 536, NULL),
(242, 537, 537, NULL),
(243, 538, 538, 'SHW 385'),
(244, 539, 539, 'SHW 385'),
(245, 540, 540, 'SLH 158'),
(246, 541, 541, 'SLH 158'),
(247, 542, 542, 'SLH 158'),
(248, 543, 543, 'SLH 158'),
(249, 544, 544, NULL),
(250, 545, 545, '1091-18-11-15'),
(251, 546, 546, '1091-18-11-14'),
(252, 547, 547, NULL),
(253, 548, 548, NULL),
(254, 549, 549, NULL),
(255, 550, 550, NULL),
(256, 551, 551, NULL),
(257, 552, 552, '1141-13-08-795T'),
(258, 553, 553, '1141-13-08-796'),
(259, 554, 554, '1141-19-09-836'),
(260, 555, 555, '1021-09-024078T'),
(261, 556, 556, '1021-03-08-711T'),
(262, 557, 557, NULL),
(263, 558, 558, '1021-22-03-602'),
(264, 559, 559, '1021-22-03-598'),
(265, 560, 560, '1021-22-03-595'),
(266, 561, 561, '1021-22-03-581'),
(267, 562, 562, '1021-22-03-588'),
(268, 563, 563, '1021-22-03-600'),
(269, 564, 564, '1021-22-03-551'),
(270, 565, 565, '1021-22-03-569'),
(271, 566, 566, '1021-22-03-555'),
(272, 567, 567, '1021-22-03-557'),
(273, 568, 568, '1021-22-03-589'),
(274, 569, 569, '1021-22-03-597'),
(275, 570, 570, '1021-22-03-563'),
(276, 571, 571, '1021-22-03-553'),
(277, 572, 572, '1021-22-03-578'),
(278, 573, 573, '1021-22-03-549'),
(279, 574, 574, '1021-22-03-550'),
(280, 575, 575, '1021-22-03-560'),
(281, 576, 576, '1021-22-03-570'),
(282, 577, 577, '1021-22-03-574'),
(283, 578, 578, '1021-22-03-606'),
(284, 579, 579, '1021-22-03-573'),
(285, 580, 580, NULL),
(286, 581, 581, NULL),
(287, 582, 582, NULL),
(288, 583, 583, 'SKZ 827'),
(289, 584, 584, 'SKZ 827'),
(290, 585, 585, NULL),
(291, 586, 586, '1191-17-07-1235'),
(292, 587, 587, NULL),
(293, 588, 588, NULL),
(294, 589, 589, 'P7-Z402'),
(295, 590, 590, 'P7-Z402'),
(296, 591, 591, 'P7-Z402'),
(297, 592, 592, 'P7-Z402');

-- --------------------------------------------------------

--
-- Table structure for table `mode_of_disposal`
--

CREATE TABLE `mode_of_disposal` (
  `modeID` int(11) NOT NULL,
  `prsID` int(20) DEFAULT NULL,
  `wmrID` int(20) DEFAULT NULL,
  `modeOfDisposal` varchar(255) DEFAULT NULL,
  `dateOfSale` date DEFAULT NULL,
  `dateOfAuction` date DEFAULT NULL,
  `ORdate` date DEFAULT NULL,
  `ORnumber` varchar(255) DEFAULT NULL,
  `amount` varchar(255) DEFAULT NULL,
  `modeNotes` text DEFAULT NULL,
  `transferDate` date DEFAULT NULL,
  `recipient` varchar(255) DEFAULT NULL,
  `partDestroyed` text DEFAULT NULL,
  `modeRemarks` text DEFAULT NULL
) ENGINE=InnoDB DEFAULT CHARSET=utf8mb4 COLLATE=utf8mb4_general_ci;

-- --------------------------------------------------------

--
-- Table structure for table `nationaloffices`
--

CREATE TABLE `nationaloffices` (
  `officeID` int(20) NOT NULL,
  `officeName` text NOT NULL,
  `acronym` varchar(255) DEFAULT NULL,
  `officeCodeNumber` varchar(255) NOT NULL
) ENGINE=InnoDB DEFAULT CHARSET=utf8mb4 COLLATE=utf8mb4_general_ci;

--
-- Dumping data for table `nationaloffices`
--

INSERT INTO `nationaloffices` (`officeID`, `officeName`, `acronym`, `officeCodeNumber`) VALUES
(1, 'Baguio City Police Office', 'BCPO', '1181'),
(2, 'Bureau of Fire Prevention & Safety', 'BFPS', '1191'),
(3, 'City Jail Management & Penology', 'CJMP', '1171'),
(4, 'City Jail Management & Penology - Female Dormitory', 'CJMP - Female Dormitory', '1171'),
(5, 'City Jail Management & Penology - Male Dormitory', 'BJMP - Male Dormitory', '1171'),
(6, 'City Prosecutor\'s Office', 'CPO', '1141'),
(7, 'Department of Education', 'DepEd', '3311'),
(8, 'Municipal Trial Court In Cities', 'MTCC', '1158'),
(9, 'Office of the City Auditor', 'COA', '1111'),
(10, 'Parole & Probation Administration', 'PPA', '9999F'),
(11, 'Regional Trial Court', 'RTC', '1151'),
(12, 'Registry of Deeds', 'RoD', '1161');

-- --------------------------------------------------------

--
-- Table structure for table `prs_properties`
--

CREATE TABLE `prs_properties` (
  `prsID` int(255) NOT NULL,
  `propertyID` int(255) NOT NULL,
  `PRS_WMR_id` int(11) NOT NULL,
  `prsNo` varchar(255) NOT NULL
) ENGINE=InnoDB DEFAULT CHARSET=utf8mb4 COLLATE=utf8mb4_general_ci;

--
-- Dumping data for table `prs_properties`
--

INSERT INTO `prs_properties` (`prsID`, `propertyID`, `PRS_WMR_id`, `prsNo`) VALUES
(1, 194, 1, '001-06'),
(2, 195, 2, '001-06'),
(3, 196, 3, '001-06'),
(4, 197, 4, '001-06'),
(5, 198, 5, '001-06'),
(6, 199, 6, '001-06'),
(7, 200, 7, '001-06'),
(8, 201, 8, '002-06'),
(9, 202, 9, '002-06'),
(10, 203, 10, '002-06'),
(11, 204, 11, '002-06'),
(12, 205, 12, '002-06'),
(13, 206, 13, '003-06'),
(14, 207, 14, '003-06'),
(15, 208, 15, '003-06'),
(16, 209, 16, '003-06'),
(17, 210, 17, '003-06'),
(18, 211, 18, '003-06'),
(19, 212, 19, '003-06'),
(20, 213, 20, '003-06'),
(21, 214, 21, '003-06'),
(22, 215, 22, '003-06'),
(23, 216, 23, '003-06'),
(24, 217, 24, '003-06'),
(25, 218, 25, '003-06'),
(26, 219, 26, '003-06'),
(27, 220, 27, '004-06'),
(28, 221, 28, '004-06'),
(29, 222, 29, '004-06'),
(30, 223, 30, '004-06'),
(31, 224, 31, '004-06'),
(32, 225, 32, '004-06'),
(33, 226, 33, '004-06'),
(34, 227, 34, '004-06'),
(35, 228, 35, '005-06'),
(36, 229, 36, '005-06'),
(37, 230, 37, '005-06'),
(38, 231, 38, '005-06'),
(39, 232, 39, '001-07'),
(40, 233, 40, '002-07'),
(41, 234, 41, '003-07'),
(42, 235, 42, '004-07'),
(43, 236, 43, '004-07'),
(44, 237, 44, '004-07'),
(45, 238, 45, '004-07'),
(46, 239, 46, '004-07'),
(47, 240, 47, '004-07'),
(48, 241, 48, '004-07'),
(49, 242, 49, '004-07'),
(50, 243, 50, '005-07'),
(51, 244, 51, '005-07'),
(52, 245, 52, '005-07'),
(53, 246, 53, '005-07'),
(54, 247, 54, '005-07'),
(55, 248, 55, '005-07'),
(56, 249, 56, '005-07'),
(57, 250, 57, '006-07'),
(58, 251, 58, '006-07'),
(59, 252, 59, '006-07'),
(60, 253, 60, '006-07'),
(61, 254, 61, '006-07'),
(62, 255, 62, '006-07'),
(63, 256, 63, '006-07'),
(64, 257, 64, '006-07'),
(65, 258, 65, '006-07'),
(66, 259, 66, '007-07'),
(67, 260, 67, '008-07'),
(68, 261, 68, '008-07'),
(69, 262, 69, '008-07'),
(70, 263, 70, '008-07'),
(71, 264, 71, '008-07'),
(72, 265, 72, '008-07'),
(73, 266, 73, '009-07'),
(74, 267, 74, '009-07'),
(75, 268, 75, '010-07'),
(76, 269, 76, '010-07'),
(77, 270, 77, '010-07'),
(78, 271, 78, '010-07'),
(79, 272, 79, '010-07'),
(80, 273, 80, '010-07'),
(81, 274, 81, '010-07'),
(82, 275, 82, '010-07'),
(83, 276, 83, '011-07'),
(84, 277, 84, '011-07'),
(85, 278, 85, '011-07'),
(86, 279, 86, '012-07'),
(87, 280, 87, '012-07'),
(88, 281, 88, '012-07'),
(89, 282, 89, '012-07'),
(90, 283, 90, '012-07'),
(91, 284, 91, '012-07'),
(92, 285, 92, '012-07'),
(93, 286, 93, '012-07'),
(94, 287, 94, '012-07'),
(95, 288, 95, '013-07'),
(96, 289, 96, '014-07'),
(97, 290, 97, '015-07'),
(98, 291, 98, '016-07'),
(99, 292, 99, '017-07'),
(100, 293, 100, '018-07'),
(101, 595, 207, '01-001'),
(102, 596, 208, ''),
(103, 597, 209, '1000-003');

-- --------------------------------------------------------

--
-- Table structure for table `prs_wmr_gen_properties`
--

CREATE TABLE `prs_wmr_gen_properties` (
  `PRS_WMR_id` int(255) NOT NULL,
  `propertyID` int(25) NOT NULL,
  `dateReturned` date DEFAULT NULL,
  `itemNo` varchar(255) DEFAULT NULL,
  `prsWmrRemarks` longtext DEFAULT NULL,
  `withAttachment` varchar(255) DEFAULT NULL,
  `withCoverPage` varchar(255) DEFAULT NULL,
  `iirup` varchar(255) DEFAULT NULL,
  `iirupDate` date DEFAULT NULL
) ENGINE=InnoDB DEFAULT CHARSET=utf8mb4 COLLATE=utf8mb4_general_ci;

--
-- Dumping data for table `prs_wmr_gen_properties`
--

INSERT INTO `prs_wmr_gen_properties` (`PRS_WMR_id`, `propertyID`, `dateReturned`, `itemNo`, `prsWmrRemarks`, `withAttachment`, `withCoverPage`, `iirup`, `iirupDate`) VALUES
(1, 194, '2006-11-08', '1', NULL, 'search/ reconstruct', 'original', NULL, NULL),
(2, 195, '2006-11-08', '2', NULL, 'search/ reconstruct', 'original', NULL, NULL),
(3, 196, '2006-11-08', '3', NULL, 'search/ reconstruct', 'original', NULL, NULL),
(4, 197, '2006-11-08', '4', NULL, 'search/ reconstruct', 'original', NULL, NULL),
(5, 198, '2006-11-08', '5', NULL, 'search/ reconstruct', 'original', NULL, NULL),
(6, 199, '2006-11-08', '6', NULL, 'search/ reconstruct', 'original', NULL, NULL),
(7, 200, '2006-11-08', '7', NULL, 'search/ reconstruct', 'original', NULL, NULL),
(8, 201, '2006-11-21', '1', NULL, NULL, NULL, NULL, NULL),
(9, 202, '2006-11-21', '2', NULL, NULL, NULL, NULL, NULL),
(10, 203, '2006-11-21', '3', NULL, NULL, NULL, NULL, NULL),
(11, 204, '2006-11-21', '4', NULL, NULL, NULL, NULL, NULL),
(12, 205, '2006-11-21', '5', NULL, NULL, NULL, NULL, NULL),
(13, 206, '2006-11-21', '1', NULL, 'search/ reconstruct', 'original', NULL, NULL),
(14, 207, '2006-11-21', '2', NULL, 'search/ reconstruct', 'original', NULL, NULL),
(15, 208, '2006-11-21', '3', NULL, 'search/ reconstruct', 'original', NULL, NULL),
(16, 209, '2006-11-21', '4', NULL, 'search/ reconstruct', 'original', NULL, NULL),
(17, 210, '2006-11-21', '5', NULL, 'search/ reconstruct', 'original', NULL, NULL),
(18, 211, '2006-11-21', '6', NULL, 'OK', 'original', NULL, NULL),
(19, 212, '2006-11-21', '7', NULL, 'OK', 'original', NULL, NULL),
(20, 213, '2006-11-21', '8', NULL, 'search/ reconstruct', 'original', NULL, NULL),
(21, 214, '2006-11-21', '9', NULL, 'OK', 'original', NULL, NULL),
(22, 215, '2006-11-21', '10', NULL, 'search/ reconstruct', 'original', NULL, NULL),
(23, 216, '2006-11-21', '11', NULL, 'search/ reconstruct', 'original', NULL, NULL),
(24, 217, '2006-11-21', '12', NULL, 'search/ reconstruct', 'original', NULL, NULL),
(25, 218, '2006-11-21', '13', NULL, 'search/ reconstruct', 'original', NULL, NULL),
(26, 219, '2006-11-21', '14', NULL, 'OK', 'original', NULL, NULL),
(27, 220, '2006-12-04', '1', NULL, 'OK', 'original', NULL, NULL),
(28, 221, '2006-12-04', '2', NULL, 'OK', 'original', NULL, NULL),
(29, 222, '2006-12-04', '3', NULL, 'Ok', 'original', NULL, NULL),
(30, 223, '2006-12-04', '4', NULL, 'Ok', 'original', NULL, NULL),
(31, 224, '2006-12-04', '5', NULL, 'Ok', 'original', NULL, NULL),
(32, 225, '2006-12-04', '6', NULL, 'search/ reconstruct', 'original', NULL, NULL),
(33, 226, '2006-12-04', '7', NULL, 'search/ reconstruct', 'original', NULL, NULL),
(34, 227, '2006-12-04', '8', NULL, 'Ok', 'original', NULL, NULL),
(35, 228, '2006-12-12', '1', NULL, NULL, NULL, NULL, NULL),
(36, 229, '2006-12-12', '2', NULL, NULL, NULL, NULL, NULL),
(37, 230, '2006-12-12', '3', NULL, NULL, NULL, NULL, NULL),
(38, 231, '2006-12-12', '4', NULL, NULL, NULL, NULL, NULL),
(39, 232, '2007-01-09', '1', NULL, NULL, NULL, NULL, NULL),
(40, 233, '2007-02-09', '1', NULL, NULL, NULL, NULL, NULL),
(41, 234, '2007-02-12', '1', NULL, 'search/ reconstruct', 'original', NULL, NULL),
(42, 235, '2007-02-16', '1', NULL, NULL, NULL, NULL, NULL),
(43, 236, '2007-02-16', '2', NULL, NULL, NULL, NULL, NULL),
(44, 237, '2007-02-16', '3', NULL, NULL, NULL, NULL, NULL),
(45, 238, '2007-02-16', '4', NULL, NULL, NULL, NULL, NULL),
(46, 239, '2007-02-16', '5', NULL, NULL, NULL, NULL, NULL),
(47, 240, '2007-02-16', '6', NULL, NULL, NULL, NULL, NULL),
(48, 241, '2007-02-16', '7', NULL, NULL, NULL, NULL, NULL),
(49, 242, '2007-02-16', '8', NULL, NULL, NULL, NULL, NULL),
(50, 243, '2007-02-16', '1', NULL, NULL, NULL, NULL, NULL),
(51, 244, '2007-02-16', '2', NULL, NULL, NULL, NULL, NULL),
(52, 245, '2007-02-16', '3', NULL, NULL, NULL, NULL, NULL),
(53, 246, '2007-02-16', '4', NULL, NULL, NULL, NULL, NULL),
(54, 247, '2007-02-16', '5', NULL, NULL, NULL, NULL, NULL),
(55, 248, '2007-02-16', '6', NULL, NULL, NULL, NULL, NULL),
(56, 249, '2007-02-16', '7', NULL, NULL, NULL, NULL, NULL),
(57, 250, '2007-02-16', '1', NULL, NULL, NULL, NULL, NULL),
(58, 251, '2007-02-16', '2', NULL, NULL, NULL, NULL, NULL),
(59, 252, '2007-02-16', '3', NULL, NULL, NULL, NULL, NULL),
(60, 253, '2007-02-16', '4', NULL, NULL, NULL, NULL, NULL),
(61, 254, '2007-02-16', '5', NULL, NULL, NULL, NULL, NULL),
(62, 255, '2007-02-16', '6', NULL, NULL, NULL, NULL, NULL),
(63, 256, '2007-02-16', '7', NULL, NULL, NULL, NULL, NULL),
(64, 257, '2007-02-16', '8', NULL, NULL, NULL, NULL, NULL),
(65, 258, '2007-02-16', '9', NULL, NULL, NULL, NULL, NULL),
(66, 259, '2007-02-23', '1', NULL, NULL, NULL, NULL, NULL),
(67, 260, '2007-03-05', '1', NULL, NULL, NULL, NULL, NULL),
(68, 261, '2007-03-05', '2', NULL, NULL, NULL, NULL, NULL),
(69, 262, '2007-03-05', '3', NULL, NULL, NULL, NULL, NULL),
(70, 263, '2007-03-05', '4', NULL, NULL, NULL, NULL, NULL),
(71, 264, '2007-03-05', '5', NULL, NULL, NULL, NULL, NULL),
(72, 265, '2007-03-05', '9', NULL, NULL, NULL, NULL, NULL),
(73, 266, '2007-03-20', '1', NULL, NULL, NULL, NULL, NULL),
(74, 267, '2007-03-20', '2', NULL, NULL, NULL, NULL, NULL),
(75, 268, '2007-04-19', '1', NULL, NULL, NULL, NULL, NULL),
(76, 269, '2007-04-19', '2', NULL, NULL, NULL, NULL, NULL),
(77, 270, '2007-04-19', '3', NULL, NULL, NULL, NULL, NULL),
(78, 271, '2007-04-19', '4', NULL, NULL, NULL, NULL, NULL),
(79, 272, '2007-04-19', '5', NULL, NULL, NULL, NULL, NULL),
(80, 273, '2007-04-19', '6', NULL, NULL, NULL, NULL, NULL),
(81, 274, '2007-04-19', '7', NULL, NULL, NULL, NULL, NULL),
(82, 275, '2007-04-19', '8', NULL, NULL, NULL, NULL, NULL),
(83, 276, '2007-04-20', NULL, NULL, NULL, NULL, NULL, NULL),
(84, 277, '2007-04-20', NULL, NULL, NULL, NULL, NULL, NULL),
(85, 278, '2007-04-20', NULL, NULL, NULL, NULL, NULL, NULL),
(86, 279, '2007-05-03', NULL, NULL, NULL, NULL, NULL, NULL),
(87, 280, '2007-05-03', NULL, NULL, NULL, NULL, NULL, NULL),
(88, 281, '2007-05-03', NULL, NULL, NULL, NULL, NULL, NULL),
(89, 282, '2007-05-03', NULL, NULL, NULL, NULL, NULL, NULL),
(90, 283, '2007-05-03', NULL, NULL, NULL, NULL, NULL, NULL),
(91, 284, '2007-05-03', NULL, NULL, NULL, NULL, NULL, NULL),
(92, 285, '2007-05-03', NULL, NULL, NULL, NULL, NULL, NULL),
(93, 286, '2007-05-03', NULL, NULL, NULL, NULL, NULL, NULL),
(94, 287, '2007-05-03', NULL, NULL, NULL, NULL, NULL, NULL),
(95, 288, '2007-05-03', NULL, NULL, NULL, NULL, NULL, NULL),
(96, 289, '2007-05-03', '1', NULL, 'OK', 'original', NULL, NULL),
(97, 290, '2007-05-03', NULL, NULL, NULL, NULL, NULL, NULL),
(98, 291, '2007-05-03', NULL, NULL, NULL, NULL, NULL, NULL),
(99, 292, '2007-05-03', NULL, NULL, NULL, NULL, NULL, NULL),
(100, 293, '2007-05-03', NULL, NULL, NULL, NULL, NULL, NULL),
(105, 493, '2023-01-03', '1', NULL, NULL, NULL, NULL, NULL),
(106, 494, '2023-01-03', '2', NULL, NULL, NULL, NULL, NULL),
(107, 495, '2023-01-03', '1', NULL, NULL, NULL, NULL, NULL),
(108, 496, '2023-01-04', '1', NULL, NULL, NULL, NULL, NULL),
(109, 497, '2023-01-05', '1', NULL, NULL, NULL, NULL, NULL),
(110, 498, '2023-01-06', '1', NULL, NULL, NULL, NULL, NULL),
(111, 499, '2023-01-11', '1', NULL, NULL, NULL, NULL, NULL),
(112, 500, '2023-01-11', '1', NULL, NULL, NULL, NULL, NULL),
(113, 501, '2023-01-11', '1', NULL, NULL, NULL, NULL, NULL),
(114, 502, '2023-01-25', '1', NULL, NULL, NULL, NULL, NULL),
(115, 503, '2023-01-05', '1', NULL, NULL, NULL, NULL, NULL),
(116, 504, '2023-01-12', '1', NULL, NULL, NULL, NULL, NULL),
(117, 505, '2023-01-12', '1', NULL, NULL, NULL, NULL, NULL),
(118, 506, '2023-01-17', '1', NULL, NULL, NULL, NULL, NULL),
(119, 507, '2023-01-17', '2', NULL, NULL, NULL, NULL, NULL),
(120, 508, '2023-01-17', '4', NULL, NULL, NULL, NULL, NULL),
(121, 509, '2023-01-17', '5', NULL, NULL, NULL, NULL, NULL),
(122, 510, '2023-01-17', '1', NULL, NULL, NULL, NULL, NULL),
(123, 511, '2023-01-17', '2', NULL, NULL, NULL, NULL, NULL),
(124, 512, '2023-01-17', '3', NULL, NULL, NULL, NULL, NULL),
(125, 513, '2023-01-18', '1', NULL, NULL, NULL, NULL, NULL),
(126, 514, '2023-01-18', '2', NULL, NULL, NULL, NULL, NULL),
(127, 515, '2023-01-18', '3', NULL, NULL, NULL, NULL, NULL),
(128, 516, '2023-01-18', '4', NULL, NULL, NULL, NULL, NULL),
(129, 517, '2023-01-18', '1', NULL, NULL, NULL, NULL, NULL),
(130, 518, '2023-01-18', '2', NULL, NULL, NULL, NULL, NULL),
(131, 519, '2023-01-18', '1', NULL, NULL, NULL, NULL, NULL),
(132, 520, '2023-01-18', '2', NULL, NULL, NULL, NULL, NULL),
(133, 521, '2023-01-18', '3', NULL, NULL, NULL, NULL, NULL),
(134, 522, '2023-01-18', '1', NULL, NULL, NULL, NULL, NULL),
(135, 523, '2023-01-18', '1A', NULL, NULL, NULL, NULL, NULL),
(136, 524, '2023-01-18', '1B', NULL, NULL, NULL, NULL, NULL),
(137, 525, '2023-01-18', '2', NULL, NULL, NULL, NULL, NULL),
(138, 526, '2023-01-18', '2', NULL, NULL, NULL, NULL, NULL),
(139, 527, '2023-01-20', '1', NULL, NULL, NULL, NULL, NULL),
(140, 528, '2023-01-20', '2', NULL, NULL, NULL, NULL, NULL),
(141, 529, '2023-01-21', '1', NULL, NULL, NULL, NULL, NULL),
(142, 530, '2023-01-22', '1', NULL, NULL, NULL, NULL, NULL),
(143, 531, '2023-01-24', '1', NULL, NULL, NULL, NULL, NULL),
(144, 532, '2023-01-25', '1', NULL, NULL, NULL, NULL, NULL),
(145, 533, '2023-01-19', '1', NULL, NULL, NULL, NULL, NULL),
(146, 534, '2023-01-19', '2', NULL, NULL, NULL, NULL, NULL),
(147, 535, '2023-01-19', '3', NULL, NULL, NULL, NULL, NULL),
(148, 536, '2023-01-24', '1', NULL, NULL, NULL, NULL, NULL),
(149, 537, '2023-01-24', '1', NULL, NULL, NULL, NULL, NULL),
(150, 538, '2023-01-25', '1', NULL, NULL, NULL, NULL, NULL),
(151, 539, '2023-01-25', '2', NULL, NULL, NULL, NULL, NULL),
(152, 540, '2023-01-25', '1', NULL, NULL, NULL, NULL, NULL),
(153, 541, '2023-01-25', '2', NULL, NULL, NULL, NULL, NULL),
(154, 542, '2023-01-25', '3', NULL, NULL, NULL, NULL, NULL),
(155, 543, '2023-01-25', '4', NULL, NULL, NULL, NULL, NULL),
(156, 544, '2023-01-24', '1', NULL, NULL, NULL, NULL, NULL),
(157, 545, '2023-01-19', '1', NULL, NULL, NULL, NULL, NULL),
(158, 546, '2023-01-19', '2', NULL, NULL, NULL, NULL, NULL),
(159, 547, '2023-01-19', '3', NULL, NULL, NULL, NULL, NULL),
(160, 548, '2023-01-19', '4', NULL, NULL, NULL, NULL, NULL),
(161, 549, '2023-01-19', '5', NULL, NULL, NULL, NULL, NULL),
(162, 550, '2023-01-19', '6', NULL, NULL, NULL, NULL, NULL),
(163, 551, '2023-01-26', '1', NULL, NULL, NULL, NULL, NULL),
(164, 552, '2023-01-19', '1', NULL, NULL, NULL, NULL, NULL),
(165, 553, '2023-01-19', '2', NULL, NULL, NULL, NULL, NULL),
(166, 554, '2023-01-19', '3', NULL, NULL, NULL, NULL, NULL),
(167, 555, '2023-01-19', '1', NULL, NULL, NULL, NULL, NULL),
(168, 556, '2023-01-19', '2', NULL, NULL, NULL, NULL, NULL),
(169, 557, '2023-01-19', '3', NULL, NULL, NULL, NULL, NULL),
(170, 558, '2023-01-19', '1', NULL, NULL, NULL, NULL, NULL),
(171, 559, '2023-01-19', '2', NULL, NULL, NULL, NULL, NULL),
(172, 560, '2023-01-19', '3', NULL, NULL, NULL, NULL, NULL),
(173, 561, '2023-01-19', '4', NULL, NULL, NULL, NULL, NULL),
(174, 562, '2023-01-19', '5', NULL, NULL, NULL, NULL, NULL),
(175, 563, '2023-01-19', '6', NULL, NULL, NULL, NULL, NULL),
(176, 564, '2023-01-19', '7', NULL, NULL, NULL, NULL, NULL),
(177, 565, '2023-01-19', '8', NULL, NULL, NULL, NULL, NULL),
(178, 566, '2023-01-19', '9', NULL, NULL, NULL, NULL, NULL),
(179, 567, '2023-01-19', '10', NULL, NULL, NULL, NULL, NULL),
(180, 568, '2023-01-19', '11', NULL, NULL, NULL, NULL, NULL),
(181, 569, '2023-01-19', '12', NULL, NULL, NULL, NULL, NULL),
(182, 570, '2023-01-19', '13', NULL, NULL, NULL, NULL, NULL),
(183, 571, '2023-01-19', '14', NULL, NULL, NULL, NULL, NULL),
(184, 572, '2023-01-19', '15', NULL, NULL, NULL, NULL, NULL),
(185, 573, '2023-01-19', '16', NULL, NULL, NULL, NULL, NULL),
(186, 574, '2023-01-19', '17', NULL, NULL, NULL, NULL, NULL),
(187, 575, '2023-01-19', '18', NULL, NULL, NULL, NULL, NULL),
(188, 576, '2023-01-19', '19', NULL, NULL, NULL, NULL, NULL),
(189, 577, '2023-01-19', '20', NULL, NULL, NULL, NULL, NULL),
(190, 578, '2023-01-19', '21', NULL, NULL, NULL, NULL, NULL),
(191, 579, '2023-01-19', '22', NULL, NULL, NULL, NULL, NULL),
(192, 580, '2023-01-20', '1', NULL, NULL, NULL, NULL, NULL),
(193, 581, '2023-01-21', '1', NULL, NULL, NULL, NULL, NULL),
(194, 582, '2023-01-22', '1', NULL, NULL, NULL, NULL, NULL),
(195, 583, '2023-01-23', '1', NULL, NULL, NULL, NULL, NULL),
(196, 584, '2023-01-23', '1', NULL, NULL, NULL, NULL, NULL),
(197, 585, '2023-01-24', '1', NULL, NULL, NULL, NULL, NULL),
(198, 586, '2023-01-24', '1', NULL, NULL, NULL, NULL, NULL),
(199, 587, '2023-01-24', '2', NULL, NULL, NULL, NULL, NULL),
(200, 588, '2023-01-24', '1', NULL, NULL, NULL, NULL, NULL),
(201, 589, '2023-02-01', '1', NULL, NULL, NULL, NULL, NULL),
(202, 590, '2023-02-01', '2', NULL, NULL, NULL, NULL, NULL),
(203, 591, '2023-02-01', '3', NULL, NULL, NULL, NULL, NULL),
(204, 592, '2023-02-01', '4', NULL, NULL, NULL, NULL, NULL),
(205, 593, '2024-03-01', '1', NULL, 'YES', 'YES', 'YES', '2015-05-03'),
(206, 594, '2024-03-01', '1', NULL, 'YES', 'YES', 'YES', '2015-05-03'),
(207, 595, '2024-03-01', '1', NULL, 'YES', 'YES', 'YES', '2015-05-03'),
(208, 596, '2024-03-01', '', NULL, 'NONE', 'NONE', '', '0000-00-00'),
(209, 597, '2024-02-29', '0003', NULL, 'YES', 'YES', '', '0000-00-00');

-- --------------------------------------------------------

--
-- Table structure for table `updates_or_status`
--

CREATE TABLE `updates_or_status` (
  `upatesID` int(20) NOT NULL,
  `prsID` int(20) NOT NULL,
  `wmrID` int(20) NOT NULL,
  `currentStatus` varchar(255) DEFAULT NULL,
  `jevNoDropped` varchar(255) DEFAULT NULL,
  `dateDropped` date DEFAULT NULL,
  `actionsToBeTaken` varchar(255) DEFAULT NULL
) ENGINE=InnoDB DEFAULT CHARSET=utf8mb4 COLLATE=utf8mb4_general_ci;

-- --------------------------------------------------------

--
-- Table structure for table `users`
--

CREATE TABLE `users` (
  `employeeID` int(255) NOT NULL,
  `permission` enum('Administrator','User') NOT NULL,
  `firstName` varchar(255) NOT NULL,
  `lastName` varchar(255) NOT NULL,
  `password` varchar(255) NOT NULL,
  `last_login` varchar(255) DEFAULT NULL,
  `question1` varchar(255) DEFAULT NULL,
  `answer1` varchar(255) DEFAULT NULL,
  `question2` varchar(255) DEFAULT NULL,
  `answer2` varchar(255) DEFAULT NULL,
  `question3` varchar(255) DEFAULT NULL,
  `answer3` varchar(255) DEFAULT NULL
) ENGINE=InnoDB DEFAULT CHARSET=utf8mb4 COLLATE=utf8mb4_general_ci;

--
-- Dumping data for table `users`
--

INSERT INTO `users` (`employeeID`, `permission`, `firstName`, `lastName`, `password`, `last_login`, `question1`, `answer1`, `question2`, `answer2`, `question3`, `answer3`) VALUES
(12345, 'Administrator', 'GSO', 'Asset Division', '1a1dc91c907325c69271ddf0c944bc72', '2024-03-05 07:53:34 am', NULL, NULL, NULL, NULL, NULL, NULL);

-- --------------------------------------------------------

--
-- Table structure for table `wmr_properties`
--

CREATE TABLE `wmr_properties` (
  `wmrID` int(20) NOT NULL,
  `propertyID` int(20) NOT NULL,
  `PRS_WMR_id` int(20) NOT NULL,
  `wmrNo` varchar(255) NOT NULL
) ENGINE=InnoDB DEFAULT CHARSET=utf8mb4 COLLATE=utf8mb4_general_ci;

--
-- Dumping data for table `wmr_properties`
--

INSERT INTO `wmr_properties` (`wmrID`, `propertyID`, `PRS_WMR_id`, `wmrNo`) VALUES
(11, 493, 105, '001-23'),
(12, 494, 106, '001-23'),
(13, 495, 107, '002-23'),
(14, 496, 108, '003-23'),
(15, 497, 109, '004-23'),
(16, 498, 110, '005-23'),
(17, 499, 111, '006-23'),
(18, 500, 112, '007-23'),
(19, 501, 113, '008-23'),
(20, 502, 114, '009-23'),
(21, 503, 115, '010-23'),
(22, 504, 116, '011-23'),
(23, 505, 117, '012-23'),
(24, 506, 118, '013-23'),
(25, 507, 119, '013-23'),
(26, 508, 120, '014-23'),
(27, 509, 121, '014-23'),
(28, 510, 122, '015-23'),
(29, 511, 123, '015-23'),
(30, 512, 124, '015-23'),
(31, 513, 125, '016-23'),
(32, 514, 126, '016-23'),
(33, 515, 127, '016-23'),
(34, 516, 128, '016-23'),
(35, 517, 129, '017-23'),
(36, 518, 130, '017-23'),
(37, 519, 131, '018-23'),
(38, 520, 132, '018-23'),
(39, 521, 133, '018-23'),
(40, 522, 134, '019-23'),
(41, 523, 135, '020-23'),
(42, 524, 136, '020-23'),
(43, 525, 137, '020-23'),
(44, 526, 138, '020-23'),
(45, 527, 139, '021-23'),
(46, 528, 140, '021-23'),
(47, 529, 141, '022-23'),
(48, 530, 142, '023-23'),
(49, 531, 143, '024-23'),
(50, 532, 144, '024-23'),
(51, 533, 145, '025-23'),
(52, 534, 146, '025-23'),
(53, 535, 147, '025-23'),
(54, 536, 148, '026-23'),
(55, 537, 149, '027-23'),
(56, 538, 150, '028-23'),
(57, 539, 151, '028-23'),
(58, 540, 152, '029-23'),
(59, 541, 153, '029-23'),
(60, 542, 154, '029-23'),
(61, 543, 155, '029-23'),
(62, 544, 156, '030-23'),
(63, 545, 157, '031-23'),
(64, 546, 158, '031-23'),
(65, 547, 159, '031-23'),
(66, 548, 160, '031-23'),
(67, 549, 161, '031-23'),
(68, 550, 162, '031-23'),
(69, 551, 163, '035-23'),
(70, 552, 164, '036-23'),
(71, 553, 165, '036-23'),
(72, 554, 166, '036-23'),
(73, 555, 167, '037-23'),
(74, 556, 168, '037-23'),
(75, 557, 169, '037-23'),
(76, 558, 170, '038-23'),
(77, 559, 171, '038-23'),
(78, 560, 172, '038-23'),
(79, 561, 173, '038-23'),
(80, 562, 174, '038-23'),
(81, 563, 175, '038-23'),
(82, 564, 176, '038-23'),
(83, 565, 177, '038-23'),
(84, 566, 178, '038-23'),
(85, 567, 179, '038-23'),
(86, 568, 180, '038-23'),
(87, 569, 181, '038-23'),
(88, 570, 182, '038-23'),
(89, 571, 183, '038-23'),
(90, 572, 184, '038-23'),
(91, 573, 185, '038-23'),
(92, 574, 186, '038-23'),
(93, 575, 187, '038-23'),
(94, 576, 188, '038-23'),
(95, 577, 189, '038-23'),
(96, 578, 190, '038-23'),
(97, 579, 191, '038-23'),
(98, 580, 192, '039-23'),
(99, 581, 193, '040-23'),
(100, 582, 194, '041-23'),
(101, 583, 195, '042-23'),
(102, 584, 196, '042-23'),
(103, 585, 197, '043-23'),
(104, 586, 198, '044-23'),
(105, 587, 199, '044-23'),
(106, 588, 200, '045-23'),
(107, 589, 201, '046-23'),
(108, 590, 202, '046-23'),
(109, 591, 203, '046-23'),
(110, 592, 204, '046-23');

--
-- Indexes for dumped tables
--

--
-- Indexes for table `account_codes`
--
ALTER TABLE `account_codes`
  ADD PRIMARY KEY (`accountCodeID`);

--
-- Indexes for table `activity_log`
--
ALTER TABLE `activity_log`
  ADD PRIMARY KEY (`id`);

--
-- Indexes for table `are_ics_gen_properties`
--
ALTER TABLE `are_ics_gen_properties`
  ADD PRIMARY KEY (`ARE_ICS_id`),
  ADD KEY `propertyID` (`propertyID`);

--
-- Indexes for table `are_properties`
--
ALTER TABLE `are_properties`
  ADD PRIMARY KEY (`AREid`),
  ADD KEY `FK_propertyID` (`propertyID`),
  ADD KEY `FK_ARE_ICS_id` (`ARE_ICS_id`);

--
-- Indexes for table `barangay`
--
ALTER TABLE `barangay`
  ADD PRIMARY KEY (`barangayID`);

--
-- Indexes for table `cityoffices`
--
ALTER TABLE `cityoffices`
  ADD PRIMARY KEY (`officeID`);

--
-- Indexes for table `clearance`
--
ALTER TABLE `clearance`
  ADD PRIMARY KEY (`clearanceID`);

--
-- Indexes for table `clearancepurpose`
--
ALTER TABLE `clearancepurpose`
  ADD PRIMARY KEY (`purposeID`);

--
-- Indexes for table `conditions`
--
ALTER TABLE `conditions`
  ADD PRIMARY KEY (`conditionID`);

--
-- Indexes for table `elementary`
--
ALTER TABLE `elementary`
  ADD PRIMARY KEY (`elemID`);

--
-- Indexes for table `employees`
--
ALTER TABLE `employees`
  ADD PRIMARY KEY (`idNumber`);

--
-- Indexes for table `generalproperties`
--
ALTER TABLE `generalproperties`
  ADD PRIMARY KEY (`propertyID`);

--
-- Indexes for table `highschool`
--
ALTER TABLE `highschool`
  ADD PRIMARY KEY (`highSchoolID`);

--
-- Indexes for table `ics_properties`
--
ALTER TABLE `ics_properties`
  ADD PRIMARY KEY (`ICSid`),
  ADD KEY `propID` (`propertyID`),
  ADD KEY `AREICS_ID` (`ARE_ICS_id`);

--
-- Indexes for table `mode_of_disposal`
--
ALTER TABLE `mode_of_disposal`
  ADD PRIMARY KEY (`modeID`),
  ADD KEY `FK_prsID` (`prsID`);

--
-- Indexes for table `nationaloffices`
--
ALTER TABLE `nationaloffices`
  ADD PRIMARY KEY (`officeID`);

--
-- Indexes for table `prs_properties`
--
ALTER TABLE `prs_properties`
  ADD PRIMARY KEY (`prsID`),
  ADD KEY `fkpropertyID` (`propertyID`),
  ADD KEY `fkprsWmrID` (`PRS_WMR_id`);

--
-- Indexes for table `prs_wmr_gen_properties`
--
ALTER TABLE `prs_wmr_gen_properties`
  ADD PRIMARY KEY (`PRS_WMR_id`),
  ADD KEY `propertyIDfromGenProperties` (`propertyID`);

--
-- Indexes for table `updates_or_status`
--
ALTER TABLE `updates_or_status`
  ADD PRIMARY KEY (`upatesID`),
  ADD KEY `FOREIGN_KEY_prsID` (`prsID`);

--
-- Indexes for table `users`
--
ALTER TABLE `users`
  ADD PRIMARY KEY (`employeeID`);

--
-- Indexes for table `wmr_properties`
--
ALTER TABLE `wmr_properties`
  ADD PRIMARY KEY (`wmrID`),
  ADD KEY `PRSWMRid_FK` (`PRS_WMR_id`),
  ADD KEY `propertyID_FK` (`propertyID`);

--
-- AUTO_INCREMENT for dumped tables
--

--
-- AUTO_INCREMENT for table `account_codes`
--
ALTER TABLE `account_codes`
  MODIFY `accountCodeID` int(20) NOT NULL AUTO_INCREMENT, AUTO_INCREMENT=17;

--
-- AUTO_INCREMENT for table `activity_log`
--
ALTER TABLE `activity_log`
  MODIFY `id` int(255) NOT NULL AUTO_INCREMENT, AUTO_INCREMENT=7;

--
-- AUTO_INCREMENT for table `are_ics_gen_properties`
--
ALTER TABLE `are_ics_gen_properties`
  MODIFY `ARE_ICS_id` int(255) NOT NULL AUTO_INCREMENT, AUTO_INCREMENT=617;

--
-- AUTO_INCREMENT for table `are_properties`
--
ALTER TABLE `are_properties`
  MODIFY `AREid` int(255) NOT NULL AUTO_INCREMENT, AUTO_INCREMENT=318;

--
-- AUTO_INCREMENT for table `barangay`
--
ALTER TABLE `barangay`
  MODIFY `barangayID` int(20) NOT NULL AUTO_INCREMENT, AUTO_INCREMENT=136;

--
-- AUTO_INCREMENT for table `cityoffices`
--
ALTER TABLE `cityoffices`
  MODIFY `officeID` int(20) NOT NULL AUTO_INCREMENT, AUTO_INCREMENT=22;

--
-- AUTO_INCREMENT for table `clearance`
--
ALTER TABLE `clearance`
  MODIFY `clearanceID` int(20) NOT NULL AUTO_INCREMENT, AUTO_INCREMENT=261;

--
-- AUTO_INCREMENT for table `clearancepurpose`
--
ALTER TABLE `clearancepurpose`
  MODIFY `purposeID` int(20) NOT NULL AUTO_INCREMENT, AUTO_INCREMENT=25;

--
-- AUTO_INCREMENT for table `conditions`
--
ALTER TABLE `conditions`
  MODIFY `conditionID` int(20) NOT NULL AUTO_INCREMENT, AUTO_INCREMENT=5;

--
-- AUTO_INCREMENT for table `elementary`
--
ALTER TABLE `elementary`
  MODIFY `elemID` int(20) NOT NULL AUTO_INCREMENT, AUTO_INCREMENT=48;

--
-- AUTO_INCREMENT for table `employees`
--
ALTER TABLE `employees`
  MODIFY `idNumber` int(20) NOT NULL AUTO_INCREMENT, AUTO_INCREMENT=128;

--
-- AUTO_INCREMENT for table `generalproperties`
--
ALTER TABLE `generalproperties`
  MODIFY `propertyID` int(255) NOT NULL AUTO_INCREMENT, AUTO_INCREMENT=617;

--
-- AUTO_INCREMENT for table `highschool`
--
ALTER TABLE `highschool`
  MODIFY `highSchoolID` int(20) NOT NULL AUTO_INCREMENT, AUTO_INCREMENT=25;

--
-- AUTO_INCREMENT for table `ics_properties`
--
ALTER TABLE `ics_properties`
  MODIFY `ICSid` int(255) NOT NULL AUTO_INCREMENT, AUTO_INCREMENT=298;

--
-- AUTO_INCREMENT for table `mode_of_disposal`
--
ALTER TABLE `mode_of_disposal`
  MODIFY `modeID` int(11) NOT NULL AUTO_INCREMENT;

--
-- AUTO_INCREMENT for table `nationaloffices`
--
ALTER TABLE `nationaloffices`
  MODIFY `officeID` int(20) NOT NULL AUTO_INCREMENT, AUTO_INCREMENT=13;

--
-- AUTO_INCREMENT for table `prs_properties`
--
ALTER TABLE `prs_properties`
  MODIFY `prsID` int(255) NOT NULL AUTO_INCREMENT, AUTO_INCREMENT=104;

--
-- AUTO_INCREMENT for table `prs_wmr_gen_properties`
--
ALTER TABLE `prs_wmr_gen_properties`
  MODIFY `PRS_WMR_id` int(255) NOT NULL AUTO_INCREMENT, AUTO_INCREMENT=210;

--
-- AUTO_INCREMENT for table `updates_or_status`
--
ALTER TABLE `updates_or_status`
  MODIFY `upatesID` int(20) NOT NULL AUTO_INCREMENT, AUTO_INCREMENT=4;

--
-- AUTO_INCREMENT for table `users`
--
ALTER TABLE `users`
  MODIFY `employeeID` int(255) NOT NULL AUTO_INCREMENT, AUTO_INCREMENT=12346;

--
-- AUTO_INCREMENT for table `wmr_properties`
--
ALTER TABLE `wmr_properties`
  MODIFY `wmrID` int(20) NOT NULL AUTO_INCREMENT, AUTO_INCREMENT=111;

--
-- Constraints for dumped tables
--

--
-- Constraints for table `are_ics_gen_properties`
--
ALTER TABLE `are_ics_gen_properties`
  ADD CONSTRAINT `propertyID` FOREIGN KEY (`propertyID`) REFERENCES `generalproperties` (`propertyID`);

--
-- Constraints for table `are_properties`
--
ALTER TABLE `are_properties`
  ADD CONSTRAINT `FK_ARE_ICS_id` FOREIGN KEY (`ARE_ICS_id`) REFERENCES `are_ics_gen_properties` (`ARE_ICS_id`),
  ADD CONSTRAINT `FK_propertyID` FOREIGN KEY (`propertyID`) REFERENCES `generalproperties` (`propertyID`);

--
-- Constraints for table `ics_properties`
--
ALTER TABLE `ics_properties`
  ADD CONSTRAINT `AREICS_ID` FOREIGN KEY (`ARE_ICS_id`) REFERENCES `are_ics_gen_properties` (`ARE_ICS_id`),
  ADD CONSTRAINT `propID` FOREIGN KEY (`propertyID`) REFERENCES `generalproperties` (`propertyID`);

--
-- Constraints for table `mode_of_disposal`
--
ALTER TABLE `mode_of_disposal`
  ADD CONSTRAINT `FK_prsID` FOREIGN KEY (`prsID`) REFERENCES `prs_properties` (`prsID`);

--
-- Constraints for table `prs_properties`
--
ALTER TABLE `prs_properties`
  ADD CONSTRAINT `fkpropertyID` FOREIGN KEY (`propertyID`) REFERENCES `generalproperties` (`propertyID`),
  ADD CONSTRAINT `fkprsWmrID` FOREIGN KEY (`PRS_WMR_id`) REFERENCES `prs_wmr_gen_properties` (`PRS_WMR_id`);

--
-- Constraints for table `prs_wmr_gen_properties`
--
ALTER TABLE `prs_wmr_gen_properties`
  ADD CONSTRAINT `propertyIDfromGenProperties` FOREIGN KEY (`propertyID`) REFERENCES `generalproperties` (`propertyID`);

--
-- Constraints for table `updates_or_status`
--
ALTER TABLE `updates_or_status`
  ADD CONSTRAINT `FOREIGN_KEY_prsID` FOREIGN KEY (`prsID`) REFERENCES `updates_or_status` (`upatesID`);

--
-- Constraints for table `wmr_properties`
--
ALTER TABLE `wmr_properties`
  ADD CONSTRAINT `PRSWMRid_FK` FOREIGN KEY (`PRS_WMR_id`) REFERENCES `prs_wmr_gen_properties` (`PRS_WMR_id`),
  ADD CONSTRAINT `propertyID_FK` FOREIGN KEY (`propertyID`) REFERENCES `generalproperties` (`propertyID`);
COMMIT;

/*!40101 SET CHARACTER_SET_CLIENT=@OLD_CHARACTER_SET_CLIENT */;
/*!40101 SET CHARACTER_SET_RESULTS=@OLD_CHARACTER_SET_RESULTS */;
/*!40101 SET COLLATION_CONNECTION=@OLD_COLLATION_CONNECTION */;
